Date,Block,Lure,Date.Lure.Set,Time,Expt,Site,Lat,Lon,Elevation,Osmoderma_spp,Elater_abruptus,Bycatch
6/1/2025,1,Control,31-May-25,9:20 AM,2025GDL,Stone Valley,40.644105,-77.927367,245.825562,0,1,2
6/1/2025,1,Control,31-May-25,9:10 AM,2025GDL,Stone Valley,40.644105,-77.927367,245.825562,0,0,0
6/1/2025,1,Control,31-May-25,12:50 PM,2025GDL,Stone Valley,40.644105,-77.927367,245.825562,0,0,0
6/1/2025,1,Control,31-May-25,9:07 AM,2025GDL,Stone Valley,40.644105,-77.927367,245.825562,0,0,3
6/1/2025,1,Control,31-May-25,9:00 AM,2025GDL,Stone Valley,40.644105,-77.927367,245.825562,0,0,0
6/1/2025,1,Control,31-May-25,9:00 AM,2025GDL,Stone Valley,40.644105,-77.927367,245.825562,0,0,2
6/1/2025,1,Control,31-May-25,9:00 AM,2025GDL,Stone Valley,40.644105,-77.927367,245.825562,0,0,1
6/1/2025,1,Control,31-May-25,10:00 AM,2025GDL,Stone Valley,40.644105,-77.927367,245.825562,0,0,2
6/2/2025,1,Control,31-May-25,9:20 AM,2025GDL,Stone Valley,40.644105,-77.927367,245.825562,0,1,2
6/2/2025,1,Control,31-May-25,9:10 AM,2025GDL,Stone Valley,40.644105,-77.927367,245.825562,0,0,0
6/2/2025,1,Control,31-May-25,12:50 PM,2025GDL,Stone Valley,40.644105,-77.927367,245.825562,0,0,0
6/2/2025,1,Control,31-May-25,9:07 AM,2025GDL,Stone Valley,40.644105,-77.927367,245.825562,0,0,3
6/2/2025,1,Control,31-May-25,9:00 AM,2025GDL,Stone Valley,40.644105,-77.927367,245.825562,0,0,0
6/2/2025,1,Control,31-May-25,9:00 AM,2025GDL,Stone Valley,40.644105,-77.927367,245.825562,0,0,2
6/2/2025,1,Control,31-May-25,9:00 AM,2025GDL,Stone Valley,40.644105,-77.927367,245.825562,0,0,1
6/2/2025,1,Control,31-May-25,10:00 AM,2025GDL,Stone Valley,40.644105,-77.927367,245.825562,0,0,2
6/3/2025,1,Control,31-May-25,9:20 AM,2025GDL,Stone Valley,40.644105,-77.927367,245.825562,0,1,2
6/3/2025,1,Control,31-May-25,9:10 AM,2025GDL,Stone Valley,40.644105,-77.927367,245.825562,0,0,0
6/3/2025,1,Control,31-May-25,12:50 PM,2025GDL,Stone Valley,40.644105,-77.927367,245.825562,0,0,0
6/3/2025,1,Control,31-May-25,9:07 AM,2025GDL,Stone Valley,40.644105,-77.927367,245.825562,0,0,3
6/3/2025,1,Control,31-May-25,9:00 AM,2025GDL,Stone Valley,40.644105,-77.927367,245.825562,0,0,0
6/3/2025,1,Control,31-May-25,9:00 AM,2025GDL,Stone Valley,40.644105,-77.927367,245.825562,0,0,2
6/3/2025,1,Control,31-May-25,9:00 AM,2025GDL,Stone Valley,40.644105,-77.927367,245.825562,0,0,1
6/3/2025,1,Control,31-May-25,10:00 AM,2025GDL,Stone Valley,40.644105,-77.927367,245.825562,0,0,2
6/4/2025,1,Control,31-May-25,9:20 AM,2025GDL,Stone Valley,40.644105,-77.927367,245.825562,0,1,2
6/4/2025,1,Control,31-May-25,9:10 AM,2025GDL,Stone Valley,40.644105,-77.927367,245.825562,0,0,0
6/4/2025,1,Control,31-May-25,12:50 PM,2025GDL,Stone Valley,40.644105,-77.927367,245.825562,0,0,0
6/4/2025,1,Control,31-May-25,9:07 AM,2025GDL,Stone Valley,40.644105,-77.927367,245.825562,0,0,3
6/4/2025,1,Control,31-May-25,9:00 AM,2025GDL,Stone Valley,40.644105,-77.927367,245.825562,0,0,0
6/4/2025,1,Control,31-May-25,9:00 AM,2025GDL,Stone Valley,40.644105,-77.927367,245.825562,0,0,2
6/4/2025,1,Control,31-May-25,9:00 AM,2025GDL,Stone Valley,40.644105,-77.927367,245.825562,0,0,1
6/4/2025,1,Control,31-May-25,10:00 AM,2025GDL,Stone Valley,40.644105,-77.927367,245.825562,0,0,2
6/5/2025,1,Control,31-May-25,9:20 AM,2025GDL,Stone Valley,40.644105,-77.927367,245.825562,0,1,2
6/5/2025,1,Control,31-May-25,9:10 AM,2025GDL,Stone Valley,40.644105,-77.927367,245.825562,0,0,0
6/5/2025,1,Control,31-May-25,12:50 PM,2025GDL,Stone Valley,40.644105,-77.927367,245.825562,0,0,0
6/5/2025,1,Control,31-May-25,9:07 AM,2025GDL,Stone Valley,40.644105,-77.927367,245.825562,0,0,3
6/5/2025,1,Control,31-May-25,9:00 AM,2025GDL,Stone Valley,40.644105,-77.927367,245.825562,0,0,0
6/5/2025,1,Control,31-May-25,9:00 AM,2025GDL,Stone Valley,40.644105,-77.927367,245.825562,0,0,2
6/5/2025,1,Control,31-May-25,9:00 AM,2025GDL,Stone Valley,40.644105,-77.927367,245.825562,0,0,1
6/5/2025,1,Control,31-May-25,10:00 AM,2025GDL,Stone Valley,40.644105,-77.927367,245.825562,0,0,2
6/6/2025,1,Control,31-May-25,9:20 AM,2025GDL,Stone Valley,40.644105,-77.927367,245.825562,0,1,2
6/6/2025,1,Control,31-May-25,9:10 AM,2025GDL,Stone Valley,40.644105,-77.927367,245.825562,0,0,0
6/6/2025,1,Control,31-May-25,12:50 PM,2025GDL,Stone Valley,40.644105,-77.927367,245.825562,0,0,0
6/6/2025,1,Control,31-May-25,9:07 AM,2025GDL,Stone Valley,40.644105,-77.927367,245.825562,0,0,3
6/6/2025,1,Control,31-May-25,9:00 AM,2025GDL,Stone Valley,40.644105,-77.927367,245.825562,0,0,0
6/6/2025,1,Control,31-May-25,9:00 AM,2025GDL,Stone Valley,40.644105,-77.927367,245.825562,0,0,2
6/6/2025,1,Control,31-May-25,9:00 AM,2025GDL,Stone Valley,40.644105,-77.927367,245.825562,0,0,1
6/6/2025,1,Control,31-May-25,10:00 AM,2025GDL,Stone Valley,40.644105,-77.927367,245.825562,0,0,2
6/7/2025,1,Control,31-May-25,9:20 AM,2025GDL,Stone Valley,40.644105,-77.927367,245.825562,0,1,2
6/7/2025,1,Control,31-May-25,9:10 AM,2025GDL,Stone Valley,40.644105,-77.927367,245.825562,0,0,0
6/7/2025,1,Control,31-May-25,12:50 PM,2025GDL,Stone Valley,40.644105,-77.927367,245.825562,0,0,0
6/7/2025,1,Control,31-May-25,9:07 AM,2025GDL,Stone Valley,40.644105,-77.927367,245.825562,0,0,3
6/7/2025,1,Control,31-May-25,9:00 AM,2025GDL,Stone Valley,40.644105,-77.927367,245.825562,0,0,0
6/7/2025,1,Control,31-May-25,9:00 AM,2025GDL,Stone Valley,40.644105,-77.927367,245.825562,0,0,2
6/7/2025,1,Control,31-May-25,9:00 AM,2025GDL,Stone Valley,40.644105,-77.927367,245.825562,0,0,1
6/7/2025,1,Control,31-May-25,10:00 AM,2025GDL,Stone Valley,40.644105,-77.927367,245.825562,0,0,2
6/8/2025,1,Control,31-May-25,9:20 AM,2025GDL,Stone Valley,40.644105,-77.927367,245.825562,0,1,2
6/8/2025,1,Control,31-May-25,9:10 AM,2025GDL,Stone Valley,40.644105,-77.927367,245.825562,0,0,0
6/8/2025,1,Control,31-May-25,12:50 PM,2025GDL,Stone Valley,40.644105,-77.927367,245.825562,0,0,0
6/8/2025,1,Control,31-May-25,9:07 AM,2025GDL,Stone Valley,40.644105,-77.927367,245.825562,0,0,3
6/8/2025,1,Control,31-May-25,9:00 AM,2025GDL,Stone Valley,40.644105,-77.927367,245.825562,0,0,0
6/8/2025,1,Control,31-May-25,9:00 AM,2025GDL,Stone Valley,40.644105,-77.927367,245.825562,0,0,2
6/8/2025,1,Control,31-May-25,9:00 AM,2025GDL,Stone Valley,40.644105,-77.927367,245.825562,0,0,1
6/8/2025,1,Control,31-May-25,10:00 AM,2025GDL,Stone Valley,40.644105,-77.927367,245.825562,0,0,2
6/9/2025,1,Control,31-May-25,9:20 AM,2025GDL,Stone Valley,40.644105,-77.927367,245.825562,0,1,2
6/9/2025,1,Control,31-May-25,9:10 AM,2025GDL,Stone Valley,40.644105,-77.927367,245.825562,0,0,0
6/9/2025,1,Control,31-May-25,12:50 PM,2025GDL,Stone Valley,40.644105,-77.927367,245.825562,0,0,0
6/9/2025,1,Control,31-May-25,9:07 AM,2025GDL,Stone Valley,40.644105,-77.927367,245.825562,0,0,3
6/9/2025,1,Control,31-May-25,9:00 AM,2025GDL,Stone Valley,40.644105,-77.927367,245.825562,0,0,0
6/9/2025,1,Control,31-May-25,9:00 AM,2025GDL,Stone Valley,40.644105,-77.927367,245.825562,0,0,2
6/9/2025,1,Control,31-May-25,9:00 AM,2025GDL,Stone Valley,40.644105,-77.927367,245.825562,0,0,1
6/9/2025,1,Control,31-May-25,10:00 AM,2025GDL,Stone Valley,40.644105,-77.927367,245.825562,0,0,2
6/10/2025,1,Control,31-May-25,9:20 AM,2025GDL,Stone Valley,40.644105,-77.927367,245.825562,0,1,2
6/10/2025,1,Control,31-May-25,9:10 AM,2025GDL,Stone Valley,40.644105,-77.927367,245.825562,0,0,0
6/10/2025,1,Control,31-May-25,12:50 PM,2025GDL,Stone Valley,40.644105,-77.927367,245.825562,0,0,0
6/10/2025,1,Control,31-May-25,9:07 AM,2025GDL,Stone Valley,40.644105,-77.927367,245.825562,0,0,3
6/10/2025,1,Control,31-May-25,9:00 AM,2025GDL,Stone Valley,40.644105,-77.927367,245.825562,0,0,0
6/10/2025,1,Control,31-May-25,9:00 AM,2025GDL,Stone Valley,40.644105,-77.927367,245.825562,0,0,2
6/10/2025,1,Control,31-May-25,9:00 AM,2025GDL,Stone Valley,40.644105,-77.927367,245.825562,0,0,1
6/10/2025,1,Control,31-May-25,10:00 AM,2025GDL,Stone Valley,40.644105,-77.927367,245.825562,0,0,2
6/11/2025,1,Control,31-May-25,9:20 AM,2025GDL,Stone Valley,40.644105,-77.927367,245.825562,0,1,2
6/11/2025,1,Control,31-May-25,9:10 AM,2025GDL,Stone Valley,40.644105,-77.927367,245.825562,0,0,0
6/11/2025,1,Control,31-May-25,12:50 PM,2025GDL,Stone Valley,40.644105,-77.927367,245.825562,0,0,0
6/11/2025,1,Control,31-May-25,9:07 AM,2025GDL,Stone Valley,40.644105,-77.927367,245.825562,0,0,3
6/11/2025,1,Control,31-May-25,9:00 AM,2025GDL,Stone Valley,40.644105,-77.927367,245.825562,0,0,0
6/11/2025,1,Control,31-May-25,9:00 AM,2025GDL,Stone Valley,40.644105,-77.927367,245.825562,0,0,2
6/11/2025,1,Control,31-May-25,9:00 AM,2025GDL,Stone Valley,40.644105,-77.927367,245.825562,0,0,1
6/11/2025,1,Control,31-May-25,10:00 AM,2025GDL,Stone Valley,40.644105,-77.927367,245.825562,0,0,2
6/12/2025,1,Control,31-May-25,9:20 AM,2025GDL,Stone Valley,40.644105,-77.927367,245.825562,0,1,2
6/12/2025,1,Control,31-May-25,9:10 AM,2025GDL,Stone Valley,40.644105,-77.927367,245.825562,0,0,0
6/12/2025,1,Control,31-May-25,12:50 PM,2025GDL,Stone Valley,40.644105,-77.927367,245.825562,0,0,0
6/12/2025,1,Control,31-May-25,9:07 AM,2025GDL,Stone Valley,40.644105,-77.927367,245.825562,0,0,3
6/12/2025,1,Control,31-May-25,9:00 AM,2025GDL,Stone Valley,40.644105,-77.927367,245.825562,0,0,0
6/12/2025,1,Control,31-May-25,9:00 AM,2025GDL,Stone Valley,40.644105,-77.927367,245.825562,0,0,2
6/12/2025,1,Control,31-May-25,9:00 AM,2025GDL,Stone Valley,40.644105,-77.927367,245.825562,0,0,1
6/12/2025,1,Control,31-May-25,10:00 AM,2025GDL,Stone Valley,40.644105,-77.927367,245.825562,0,0,2
6/13/2025,1,Control,31-May-25,9:20 AM,2025GDL,Stone Valley,40.644105,-77.927367,245.825562,0,1,2
6/13/2025,1,Control,31-May-25,9:10 AM,2025GDL,Stone Valley,40.644105,-77.927367,245.825562,0,0,0
6/13/2025,1,Control,31-May-25,12:50 PM,2025GDL,Stone Valley,40.644105,-77.927367,245.825562,0,0,0
6/13/2025,1,Control,31-May-25,9:07 AM,2025GDL,Stone Valley,40.644105,-77.927367,245.825562,0,0,3
6/13/2025,1,Control,31-May-25,9:00 AM,2025GDL,Stone Valley,40.644105,-77.927367,245.825562,0,0,0
6/13/2025,1,Control,31-May-25,9:00 AM,2025GDL,Stone Valley,40.644105,-77.927367,245.825562,0,0,2
6/13/2025,1,Control,31-May-25,9:00 AM,2025GDL,Stone Valley,40.644105,-77.927367,245.825562,0,0,1
6/13/2025,1,Control,31-May-25,10:00 AM,2025GDL,Stone Valley,40.644105,-77.927367,245.825562,0,0,2
6/14/2025,1,Control,31-May-25,9:20 AM,2025GDL,Stone Valley,40.644105,-77.927367,245.825562,0,1,2
6/14/2025,1,Control,31-May-25,9:10 AM,2025GDL,Stone Valley,40.644105,-77.927367,245.825562,0,0,0
6/14/2025,1,Control,31-May-25,12:50 PM,2025GDL,Stone Valley,40.644105,-77.927367,245.825562,0,0,0
6/14/2025,1,Control,31-May-25,9:07 AM,2025GDL,Stone Valley,40.644105,-77.927367,245.825562,0,0,3
6/14/2025,1,Control,31-May-25,9:00 AM,2025GDL,Stone Valley,40.644105,-77.927367,245.825562,0,0,0
6/14/2025,1,Control,31-May-25,9:00 AM,2025GDL,Stone Valley,40.644105,-77.927367,245.825562,0,0,2
6/14/2025,1,Control,31-May-25,9:00 AM,2025GDL,Stone Valley,40.644105,-77.927367,245.825562,0,0,1
6/14/2025,1,Control,31-May-25,10:00 AM,2025GDL,Stone Valley,40.644105,-77.927367,245.825562,0,0,2
6/15/2025,1,Control,31-May-25,9:20 AM,2025GDL,Stone Valley,40.644105,-77.927367,245.825562,0,1,2
6/15/2025,1,Control,31-May-25,9:10 AM,2025GDL,Stone Valley,40.644105,-77.927367,245.825562,0,0,0
6/15/2025,1,Control,31-May-25,12:50 PM,2025GDL,Stone Valley,40.644105,-77.927367,245.825562,0,0,0
6/15/2025,1,Control,31-May-25,9:07 AM,2025GDL,Stone Valley,40.644105,-77.927367,245.825562,0,0,3
6/15/2025,1,Control,31-May-25,9:00 AM,2025GDL,Stone Valley,40.644105,-77.927367,245.825562,0,0,0
6/15/2025,1,Control,31-May-25,9:00 AM,2025GDL,Stone Valley,40.644105,-77.927367,245.825562,0,0,2
6/15/2025,1,Control,31-May-25,9:00 AM,2025GDL,Stone Valley,40.644105,-77.927367,245.825562,0,0,1
6/15/2025,1,Control,31-May-25,10:00 AM,2025GDL,Stone Valley,40.644105,-77.927367,245.825562,0,0,2
6/16/2025,1,Control,31-May-25,9:20 AM,2025GDL,Stone Valley,40.644105,-77.927367,245.825562,0,1,2
6/16/2025,1,Control,31-May-25,9:10 AM,2025GDL,Stone Valley,40.644105,-77.927367,245.825562,0,0,0
6/16/2025,1,Control,31-May-25,12:50 PM,2025GDL,Stone Valley,40.644105,-77.927367,245.825562,0,0,0
6/16/2025,1,Control,31-May-25,9:07 AM,2025GDL,Stone Valley,40.644105,-77.927367,245.825562,0,0,3
6/16/2025,1,Control,31-May-25,9:00 AM,2025GDL,Stone Valley,40.644105,-77.927367,245.825562,0,0,0
6/16/2025,1,Control,31-May-25,9:00 AM,2025GDL,Stone Valley,40.644105,-77.927367,245.825562,0,0,2
6/16/2025,1,Control,31-May-25,9:00 AM,2025GDL,Stone Valley,40.644105,-77.927367,245.825562,0,0,1
6/16/2025,1,Control,31-May-25,10:00 AM,2025GDL,Stone Valley,40.644105,-77.927367,245.825562,0,0,2
6/17/2025,1,Control,31-May-25,9:20 AM,2025GDL,Stone Valley,40.644105,-77.927367,245.825562,0,1,2
6/17/2025,1,Control,31-May-25,9:10 AM,2025GDL,Stone Valley,40.644105,-77.927367,245.825562,0,0,0
6/17/2025,1,Control,31-May-25,12:50 PM,2025GDL,Stone Valley,40.644105,-77.927367,245.825562,0,0,0
6/17/2025,1,Control,31-May-25,9:07 AM,2025GDL,Stone Valley,40.644105,-77.927367,245.825562,0,0,3
6/17/2025,1,Control,31-May-25,9:00 AM,2025GDL,Stone Valley,40.644105,-77.927367,245.825562,0,0,0
6/17/2025,1,Control,31-May-25,9:00 AM,2025GDL,Stone Valley,40.644105,-77.927367,245.825562,0,0,2
6/17/2025,1,Control,31-May-25,9:00 AM,2025GDL,Stone Valley,40.644105,-77.927367,245.825562,0,0,1
6/17/2025,1,Control,31-May-25,10:00 AM,2025GDL,Stone Valley,40.644105,-77.927367,245.825562,0,0,2
6/18/2025,1,Control,31-May-25,9:20 AM,2025GDL,Stone Valley,40.644105,-77.927367,245.825562,0,1,2
6/18/2025,1,Control,31-May-25,9:10 AM,2025GDL,Stone Valley,40.644105,-77.927367,245.825562,0,0,0
6/18/2025,1,Control,31-May-25,12:50 PM,2025GDL,Stone Valley,40.644105,-77.927367,245.825562,0,0,0
6/18/2025,1,Control,31-May-25,9:07 AM,2025GDL,Stone Valley,40.644105,-77.927367,245.825562,0,0,3
6/18/2025,1,Control,31-May-25,9:00 AM,2025GDL,Stone Valley,40.644105,-77.927367,245.825562,0,0,0
6/18/2025,1,Control,31-May-25,9:00 AM,2025GDL,Stone Valley,40.644105,-77.927367,245.825562,0,0,2
6/18/2025,1,Control,31-May-25,9:00 AM,2025GDL,Stone Valley,40.644105,-77.927367,245.825562,0,0,1
6/18/2025,1,Control,31-May-25,10:00 AM,2025GDL,Stone Valley,40.644105,-77.927367,245.825562,0,0,2
6/19/2025,1,Control,31-May-25,9:20 AM,2025GDL,Stone Valley,40.644105,-77.927367,245.825562,0,1,2
6/19/2025,1,Control,31-May-25,9:10 AM,2025GDL,Stone Valley,40.644105,-77.927367,245.825562,0,0,0
6/19/2025,1,Control,31-May-25,12:50 PM,2025GDL,Stone Valley,40.644105,-77.927367,245.825562,0,0,0
6/19/2025,1,Control,31-May-25,9:07 AM,2025GDL,Stone Valley,40.644105,-77.927367,245.825562,0,0,3
6/19/2025,1,Control,31-May-25,9:00 AM,2025GDL,Stone Valley,40.644105,-77.927367,245.825562,0,0,0
6/19/2025,1,Control,31-May-25,9:00 AM,2025GDL,Stone Valley,40.644105,-77.927367,245.825562,0,0,2
6/19/2025,1,Control,31-May-25,9:00 AM,2025GDL,Stone Valley,40.644105,-77.927367,245.825562,0,0,1
6/19/2025,1,Control,31-May-25,10:00 AM,2025GDL,Stone Valley,40.644105,-77.927367,245.825562,0,0,2
6/20/2025,1,Control,31-May-25,9:20 AM,2025GDL,Stone Valley,40.644105,-77.927367,245.825562,0,1,2
6/20/2025,1,Control,31-May-25,9:10 AM,2025GDL,Stone Valley,40.644105,-77.927367,245.825562,0,0,0
6/20/2025,1,Control,31-May-25,12:50 PM,2025GDL,Stone Valley,40.644105,-77.927367,245.825562,0,0,0
6/20/2025,1,Control,31-May-25,9:07 AM,2025GDL,Stone Valley,40.644105,-77.927367,245.825562,0,0,3
6/20/2025,1,Control,31-May-25,9:00 AM,2025GDL,Stone Valley,40.644105,-77.927367,245.825562,0,0,0
6/20/2025,1,Control,31-May-25,9:00 AM,2025GDL,Stone Valley,40.644105,-77.927367,245.825562,0,0,2
6/20/2025,1,Control,31-May-25,9:00 AM,2025GDL,Stone Valley,40.644105,-77.927367,245.825562,0,0,1
6/20/2025,1,Control,31-May-25,10:00 AM,2025GDL,Stone Valley,40.644105,-77.927367,245.825562,0,0,2
6/21/2025,1,Control,31-May-25,9:20 AM,2025GDL,Stone Valley,40.644105,-77.927367,245.825562,0,1,2
6/21/2025,1,Control,31-May-25,9:10 AM,2025GDL,Stone Valley,40.644105,-77.927367,245.825562,0,0,0
6/21/2025,1,Control,31-May-25,12:50 PM,2025GDL,Stone Valley,40.644105,-77.927367,245.825562,0,0,0
6/21/2025,1,Control,31-May-25,9:07 AM,2025GDL,Stone Valley,40.644105,-77.927367,245.825562,0,0,3
6/21/2025,1,Control,31-May-25,9:00 AM,2025GDL,Stone Valley,40.644105,-77.927367,245.825562,0,0,0
6/21/2025,1,Control,31-May-25,9:00 AM,2025GDL,Stone Valley,40.644105,-77.927367,245.825562,0,0,2
6/21/2025,1,Control,31-May-25,9:00 AM,2025GDL,Stone Valley,40.644105,-77.927367,245.825562,0,0,1
6/21/2025,1,Control,31-May-25,10:00 AM,2025GDL,Stone Valley,40.644105,-77.927367,245.825562,0,0,2
6/22/2025,1,Control,31-May-25,9:20 AM,2025GDL,Stone Valley,40.644105,-77.927367,245.825562,0,1,2
6/22/2025,1,Control,31-May-25,9:10 AM,2025GDL,Stone Valley,40.644105,-77.927367,245.825562,0,0,0
6/22/2025,1,Control,31-May-25,12:50 PM,2025GDL,Stone Valley,40.644105,-77.927367,245.825562,0,0,0
6/22/2025,1,Control,31-May-25,9:07 AM,2025GDL,Stone Valley,40.644105,-77.927367,245.825562,0,0,3
6/22/2025,1,Control,31-May-25,9:00 AM,2025GDL,Stone Valley,40.644105,-77.927367,245.825562,0,0,0
6/22/2025,1,Control,31-May-25,9:00 AM,2025GDL,Stone Valley,40.644105,-77.927367,245.825562,0,0,2
6/22/2025,1,Control,31-May-25,9:00 AM,2025GDL,Stone Valley,40.644105,-77.927367,245.825562,0,0,1
6/22/2025,1,Control,31-May-25,10:00 AM,2025GDL,Stone Valley,40.644105,-77.927367,245.825562,0,0,2
6/23/2025,1,Control,31-May-25,9:20 AM,2025GDL,Stone Valley,40.644105,-77.927367,245.825562,0,1,2
6/23/2025,1,Control,31-May-25,9:10 AM,2025GDL,Stone Valley,40.644105,-77.927367,245.825562,0,0,0
6/23/2025,1,Control,31-May-25,12:50 PM,2025GDL,Stone Valley,40.644105,-77.927367,245.825562,0,0,0
6/23/2025,1,Control,31-May-25,9:07 AM,2025GDL,Stone Valley,40.644105,-77.927367,245.825562,0,0,3
6/23/2025,1,Control,31-May-25,9:00 AM,2025GDL,Stone Valley,40.644105,-77.927367,245.825562,0,0,0
6/23/2025,1,Control,31-May-25,9:00 AM,2025GDL,Stone Valley,40.644105,-77.927367,245.825562,0,0,2
6/23/2025,1,Control,31-May-25,9:00 AM,2025GDL,Stone Valley,40.644105,-77.927367,245.825562,0,0,1
6/23/2025,1,Control,31-May-25,10:00 AM,2025GDL,Stone Valley,40.644105,-77.927367,245.825562,0,0,2
6/24/2025,1,Control,31-May-25,9:20 AM,2025GDL,Stone Valley,40.644105,-77.927367,245.825562,0,1,2
6/24/2025,1,Control,31-May-25,9:10 AM,2025GDL,Stone Valley,40.644105,-77.927367,245.825562,0,0,0
6/24/2025,1,Control,31-May-25,12:50 PM,2025GDL,Stone Valley,40.644105,-77.927367,245.825562,0,0,0
6/24/2025,1,Control,31-May-25,9:07 AM,2025GDL,Stone Valley,40.644105,-77.927367,245.825562,0,0,3
6/24/2025,1,Control,31-May-25,9:00 AM,2025GDL,Stone Valley,40.644105,-77.927367,245.825562,0,0,0
6/24/2025,1,Control,31-May-25,9:00 AM,2025GDL,Stone Valley,40.644105,-77.927367,245.825562,0,0,2
6/24/2025,1,Control,31-May-25,9:00 AM,2025GDL,Stone Valley,40.644105,-77.927367,245.825562,0,0,1
6/24/2025,1,Control,31-May-25,10:00 AM,2025GDL,Stone Valley,40.644105,-77.927367,245.825562,0,0,2
6/25/2025,1,Control,31-May-25,9:20 AM,2025GDL,Stone Valley,40.644105,-77.927367,245.825562,0,1,2
6/25/2025,1,Control,31-May-25,9:10 AM,2025GDL,Stone Valley,40.644105,-77.927367,245.825562,0,0,0
6/25/2025,1,Control,31-May-25,12:50 PM,2025GDL,Stone Valley,40.644105,-77.927367,245.825562,0,0,0
6/25/2025,1,Control,31-May-25,9:07 AM,2025GDL,Stone Valley,40.644105,-77.927367,245.825562,0,0,3
6/25/2025,1,Control,31-May-25,9:00 AM,2025GDL,Stone Valley,40.644105,-77.927367,245.825562,0,0,0
6/25/2025,1,Control,31-May-25,9:00 AM,2025GDL,Stone Valley,40.644105,-77.927367,245.825562,0,0,2
6/25/2025,1,Control,31-May-25,9:00 AM,2025GDL,Stone Valley,40.644105,-77.927367,245.825562,0,0,1
6/25/2025,1,Control,31-May-25,10:00 AM,2025GDL,Stone Valley,40.644105,-77.927367,245.825562,0,0,2
6/26/2025,1,Control,31-May-25,9:20 AM,2025GDL,Stone Valley,40.644105,-77.927367,245.825562,0,1,2
6/26/2025,1,Control,31-May-25,9:10 AM,2025GDL,Stone Valley,40.644105,-77.927367,245.825562,0,0,0
6/26/2025,1,Control,31-May-25,12:50 PM,2025GDL,Stone Valley,40.644105,-77.927367,245.825562,0,0,0
6/26/2025,1,Control,31-May-25,9:07 AM,2025GDL,Stone Valley,40.644105,-77.927367,245.825562,0,0,3
6/26/2025,1,Control,31-May-25,9:00 AM,2025GDL,Stone Valley,40.644105,-77.927367,245.825562,0,0,0
6/26/2025,1,Control,31-May-25,9:00 AM,2025GDL,Stone Valley,40.644105,-77.927367,245.825562,0,0,2
6/26/2025,1,Control,31-May-25,9:00 AM,2025GDL,Stone Valley,40.644105,-77.927367,245.825562,0,0,1
6/26/2025,1,Control,31-May-25,10:00 AM,2025GDL,Stone Valley,40.644105,-77.927367,245.825562,0,0,2
6/27/2025,1,Control,31-May-25,9:20 AM,2025GDL,Stone Valley,40.644105,-77.927367,245.825562,0,1,2
6/27/2025,1,Control,31-May-25,9:10 AM,2025GDL,Stone Valley,40.644105,-77.927367,245.825562,0,0,0
6/27/2025,1,Control,31-May-25,12:50 PM,2025GDL,Stone Valley,40.644105,-77.927367,245.825562,0,0,0
6/27/2025,1,Control,31-May-25,9:07 AM,2025GDL,Stone Valley,40.644105,-77.927367,245.825562,0,0,3
6/27/2025,1,Control,31-May-25,9:00 AM,2025GDL,Stone Valley,40.644105,-77.927367,245.825562,0,0,0
6/27/2025,1,Control,31-May-25,9:00 AM,2025GDL,Stone Valley,40.644105,-77.927367,245.825562,0,0,2
6/27/2025,1,Control,31-May-25,9:00 AM,2025GDL,Stone Valley,40.644105,-77.927367,245.825562,0,0,1
6/27/2025,1,Control,31-May-25,10:00 AM,2025GDL,Stone Valley,40.644105,-77.927367,245.825562,0,0,2
6/28/2025,1,Control,31-May-25,9:20 AM,2025GDL,Stone Valley,40.644105,-77.927367,245.825562,0,1,2
6/28/2025,1,Control,31-May-25,9:10 AM,2025GDL,Stone Valley,40.644105,-77.927367,245.825562,0,0,0
6/28/2025,1,Control,31-May-25,12:50 PM,2025GDL,Stone Valley,40.644105,-77.927367,245.825562,0,0,0
6/28/2025,1,Control,31-May-25,9:07 AM,2025GDL,Stone Valley,40.644105,-77.927367,245.825562,0,0,3
6/28/2025,1,Control,31-May-25,9:00 AM,2025GDL,Stone Valley,40.644105,-77.927367,245.825562,0,0,0
6/28/2025,1,Control,31-May-25,9:00 AM,2025GDL,Stone Valley,40.644105,-77.927367,245.825562,0,0,2
6/28/2025,1,Control,31-May-25,9:00 AM,2025GDL,Stone Valley,40.644105,-77.927367,245.825562,0,0,1
6/28/2025,1,Control,31-May-25,10:00 AM,2025GDL,Stone Valley,40.644105,-77.927367,245.825562,0,0,2
6/29/2025,1,Control,31-May-25,9:20 AM,2025GDL,Stone Valley,40.644105,-77.927367,245.825562,0,1,2
6/29/2025,1,Control,31-May-25,9:10 AM,2025GDL,Stone Valley,40.644105,-77.927367,245.825562,0,0,0
6/29/2025,1,Control,31-May-25,12:50 PM,2025GDL,Stone Valley,40.644105,-77.927367,245.825562,0,0,0
6/29/2025,1,Control,31-May-25,9:07 AM,2025GDL,Stone Valley,40.644105,-77.927367,245.825562,0,0,3
6/29/2025,1,Control,31-May-25,9:00 AM,2025GDL,Stone Valley,40.644105,-77.927367,245.825562,0,0,0
6/29/2025,1,Control,31-May-25,9:00 AM,2025GDL,Stone Valley,40.644105,-77.927367,245.825562,0,0,2
6/29/2025,1,Control,31-May-25,9:00 AM,2025GDL,Stone Valley,40.644105,-77.927367,245.825562,0,0,1
6/29/2025,1,Control,31-May-25,10:00 AM,2025GDL,Stone Valley,40.644105,-77.927367,245.825562,0,0,2
6/30/2025,1,Control,31-May-25,9:20 AM,2025GDL,Stone Valley,40.644105,-77.927367,245.825562,0,1,2
6/30/2025,1,Control,31-May-25,9:10 AM,2025GDL,Stone Valley,40.644105,-77.927367,245.825562,0,0,0
6/30/2025,1,Control,31-May-25,12:50 PM,2025GDL,Stone Valley,40.644105,-77.927367,245.825562,0,0,0
6/30/2025,1,Control,31-May-25,9:07 AM,2025GDL,Stone Valley,40.644105,-77.927367,245.825562,0,0,3
6/30/2025,1,Control,31-May-25,9:00 AM,2025GDL,Stone Valley,40.644105,-77.927367,245.825562,0,0,0
6/30/2025,1,Control,31-May-25,9:00 AM,2025GDL,Stone Valley,40.644105,-77.927367,245.825562,0,0,2
6/30/2025,1,Control,31-May-25,9:00 AM,2025GDL,Stone Valley,40.644105,-77.927367,245.825562,0,0,1
6/30/2025,1,Control,31-May-25,10:00 AM,2025GDL,Stone Valley,40.644105,-77.927367,245.825562,0,0,2
7/1/2025,1,Control,31-May-25,9:20 AM,2025GDL,Stone Valley,40.644105,-77.927367,245.825562,0,1,2
7/1/2025,1,Control,31-May-25,9:10 AM,2025GDL,Stone Valley,40.644105,-77.927367,245.825562,0,0,0
7/1/2025,1,Control,31-May-25,12:50 PM,2025GDL,Stone Valley,40.644105,-77.927367,245.825562,0,0,0
7/1/2025,1,Control,31-May-25,9:07 AM,2025GDL,Stone Valley,40.644105,-77.927367,245.825562,0,0,3
7/1/2025,1,Control,31-May-25,9:00 AM,2025GDL,Stone Valley,40.644105,-77.927367,245.825562,0,0,0
7/1/2025,1,Control,31-May-25,9:00 AM,2025GDL,Stone Valley,40.644105,-77.927367,245.825562,0,0,2
7/1/2025,1,Control,31-May-25,9:00 AM,2025GDL,Stone Valley,40.644105,-77.927367,245.825562,0,0,1
7/1/2025,1,Control,31-May-25,10:00 AM,2025GDL,Stone Valley,40.644105,-77.927367,245.825562,0,0,2
7/2/2025,1,Control,31-May-25,9:20 AM,2025GDL,Stone Valley,40.644105,-77.927367,245.825562,0,1,2
7/2/2025,1,Control,31-May-25,9:10 AM,2025GDL,Stone Valley,40.644105,-77.927367,245.825562,0,0,0
7/2/2025,1,Control,31-May-25,12:50 PM,2025GDL,Stone Valley,40.644105,-77.927367,245.825562,0,0,0
7/2/2025,1,Control,31-May-25,9:07 AM,2025GDL,Stone Valley,40.644105,-77.927367,245.825562,0,0,3
7/2/2025,1,Control,31-May-25,9:00 AM,2025GDL,Stone Valley,40.644105,-77.927367,245.825562,0,0,0
7/2/2025,1,Control,31-May-25,9:00 AM,2025GDL,Stone Valley,40.644105,-77.927367,245.825562,0,0,2
7/2/2025,1,Control,31-May-25,9:00 AM,2025GDL,Stone Valley,40.644105,-77.927367,245.825562,0,0,1
7/2/2025,1,Control,31-May-25,10:00 AM,2025GDL,Stone Valley,40.644105,-77.927367,245.825562,0,0,2
7/3/2025,1,Control,31-May-25,9:20 AM,2025GDL,Stone Valley,40.644105,-77.927367,245.825562,0,1,2
7/3/2025,1,Control,31-May-25,9:10 AM,2025GDL,Stone Valley,40.644105,-77.927367,245.825562,0,0,0
7/3/2025,1,Control,31-May-25,12:50 PM,2025GDL,Stone Valley,40.644105,-77.927367,245.825562,0,0,0
7/3/2025,1,Control,31-May-25,9:07 AM,2025GDL,Stone Valley,40.644105,-77.927367,245.825562,0,0,3
7/3/2025,1,Control,31-May-25,9:00 AM,2025GDL,Stone Valley,40.644105,-77.927367,245.825562,0,0,0
7/3/2025,1,Control,31-May-25,9:00 AM,2025GDL,Stone Valley,40.644105,-77.927367,245.825562,0,0,2
7/3/2025,1,Control,31-May-25,9:00 AM,2025GDL,Stone Valley,40.644105,-77.927367,245.825562,0,0,1
7/3/2025,1,Control,31-May-25,10:00 AM,2025GDL,Stone Valley,40.644105,-77.927367,245.825562,0,0,2
7/4/2025,1,Control,31-May-25,9:20 AM,2025GDL,Stone Valley,40.644105,-77.927367,245.825562,0,1,2
7/4/2025,1,Control,31-May-25,9:10 AM,2025GDL,Stone Valley,40.644105,-77.927367,245.825562,0,0,0
7/4/2025,1,Control,31-May-25,12:50 PM,2025GDL,Stone Valley,40.644105,-77.927367,245.825562,0,0,0
7/4/2025,1,Control,31-May-25,9:07 AM,2025GDL,Stone Valley,40.644105,-77.927367,245.825562,0,0,3
7/4/2025,1,Control,31-May-25,9:00 AM,2025GDL,Stone Valley,40.644105,-77.927367,245.825562,0,0,0
7/4/2025,1,Control,31-May-25,9:00 AM,2025GDL,Stone Valley,40.644105,-77.927367,245.825562,0,0,2
7/4/2025,1,Control,31-May-25,9:00 AM,2025GDL,Stone Valley,40.644105,-77.927367,245.825562,0,0,1
7/4/2025,1,Control,31-May-25,10:00 AM,2025GDL,Stone Valley,40.644105,-77.927367,245.825562,0,0,2
7/5/2025,1,Control,31-May-25,9:20 AM,2025GDL,Stone Valley,40.644105,-77.927367,245.825562,0,1,2
7/5/2025,1,Control,31-May-25,9:10 AM,2025GDL,Stone Valley,40.644105,-77.927367,245.825562,0,0,0
7/5/2025,1,Control,31-May-25,12:50 PM,2025GDL,Stone Valley,40.644105,-77.927367,245.825562,0,0,0
7/5/2025,1,Control,31-May-25,9:07 AM,2025GDL,Stone Valley,40.644105,-77.927367,245.825562,0,0,3
7/5/2025,1,Control,31-May-25,9:00 AM,2025GDL,Stone Valley,40.644105,-77.927367,245.825562,0,0,0
7/5/2025,1,Control,31-May-25,9:00 AM,2025GDL,Stone Valley,40.644105,-77.927367,245.825562,0,0,2
7/5/2025,1,Control,31-May-25,9:00 AM,2025GDL,Stone Valley,40.644105,-77.927367,245.825562,0,0,1
7/5/2025,1,Control,31-May-25,10:00 AM,2025GDL,Stone Valley,40.644105,-77.927367,245.825562,0,0,2
7/6/2025,1,Control,31-May-25,9:20 AM,2025GDL,Stone Valley,40.644105,-77.927367,245.825562,0,1,2
7/6/2025,1,Control,31-May-25,9:10 AM,2025GDL,Stone Valley,40.644105,-77.927367,245.825562,0,0,0
7/6/2025,1,Control,31-May-25,12:50 PM,2025GDL,Stone Valley,40.644105,-77.927367,245.825562,0,0,0
7/6/2025,1,Control,31-May-25,9:07 AM,2025GDL,Stone Valley,40.644105,-77.927367,245.825562,0,0,3
7/6/2025,1,Control,31-May-25,9:00 AM,2025GDL,Stone Valley,40.644105,-77.927367,245.825562,0,0,0
7/6/2025,1,Control,31-May-25,9:00 AM,2025GDL,Stone Valley,40.644105,-77.927367,245.825562,0,0,2
7/6/2025,1,Control,31-May-25,9:00 AM,2025GDL,Stone Valley,40.644105,-77.927367,245.825562,0,0,1
7/6/2025,1,Control,31-May-25,10:00 AM,2025GDL,Stone Valley,40.644105,-77.927367,245.825562,0,0,2
7/7/2025,1,Control,31-May-25,9:20 AM,2025GDL,Stone Valley,40.644105,-77.927367,245.825562,0,1,2
7/7/2025,1,Control,31-May-25,9:10 AM,2025GDL,Stone Valley,40.644105,-77.927367,245.825562,0,0,0
7/7/2025,1,Control,31-May-25,12:50 PM,2025GDL,Stone Valley,40.644105,-77.927367,245.825562,0,0,0
7/7/2025,1,Control,31-May-25,9:07 AM,2025GDL,Stone Valley,40.644105,-77.927367,245.825562,0,0,3
7/7/2025,1,Control,31-May-25,9:00 AM,2025GDL,Stone Valley,40.644105,-77.927367,245.825562,0,0,0
7/7/2025,1,Control,31-May-25,9:00 AM,2025GDL,Stone Valley,40.644105,-77.927367,245.825562,0,0,2
7/7/2025,1,Control,31-May-25,9:00 AM,2025GDL,Stone Valley,40.644105,-77.927367,245.825562,0,0,1
7/7/2025,1,Control,31-May-25,10:00 AM,2025GDL,Stone Valley,40.644105,-77.927367,245.825562,0,0,2
7/8/2025,1,Control,31-May-25,9:20 AM,2025GDL,Stone Valley,40.644105,-77.927367,245.825562,0,1,2
7/8/2025,1,Control,31-May-25,9:10 AM,2025GDL,Stone Valley,40.644105,-77.927367,245.825562,0,0,0
7/8/2025,1,Control,31-May-25,12:50 PM,2025GDL,Stone Valley,40.644105,-77.927367,245.825562,0,0,0
7/8/2025,1,Control,31-May-25,9:07 AM,2025GDL,Stone Valley,40.644105,-77.927367,245.825562,0,0,3
7/8/2025,1,Control,31-May-25,9:00 AM,2025GDL,Stone Valley,40.644105,-77.927367,245.825562,0,0,0
7/8/2025,1,Control,31-May-25,9:00 AM,2025GDL,Stone Valley,40.644105,-77.927367,245.825562,0,0,2
7/8/2025,1,Control,31-May-25,9:00 AM,2025GDL,Stone Valley,40.644105,-77.927367,245.825562,0,0,1
7/8/2025,1,Control,31-May-25,10:00 AM,2025GDL,Stone Valley,40.644105,-77.927367,245.825562,0,0,2
7/9/2025,1,Control,31-May-25,9:20 AM,2025GDL,Stone Valley,40.644105,-77.927367,245.825562,0,1,2
7/9/2025,1,Control,31-May-25,9:10 AM,2025GDL,Stone Valley,40.644105,-77.927367,245.825562,0,0,0
7/9/2025,1,Control,31-May-25,12:50 PM,2025GDL,Stone Valley,40.644105,-77.927367,245.825562,0,0,0
7/9/2025,1,Control,31-May-25,9:07 AM,2025GDL,Stone Valley,40.644105,-77.927367,245.825562,0,0,3
7/9/2025,1,Control,31-May-25,9:00 AM,2025GDL,Stone Valley,40.644105,-77.927367,245.825562,0,0,0
7/9/2025,1,Control,31-May-25,9:00 AM,2025GDL,Stone Valley,40.644105,-77.927367,245.825562,0,0,2
7/9/2025,1,Control,31-May-25,9:00 AM,2025GDL,Stone Valley,40.644105,-77.927367,245.825562,0,0,1
7/9/2025,1,Control,31-May-25,10:00 AM,2025GDL,Stone Valley,40.644105,-77.927367,245.825562,0,0,2
7/10/2025,1,Control,31-May-25,9:20 AM,2025GDL,Stone Valley,40.644105,-77.927367,245.825562,0,1,2
7/10/2025,1,Control,31-May-25,9:10 AM,2025GDL,Stone Valley,40.644105,-77.927367,245.825562,0,0,0
7/10/2025,1,Control,31-May-25,12:50 PM,2025GDL,Stone Valley,40.644105,-77.927367,245.825562,0,0,0
7/10/2025,1,Control,31-May-25,9:07 AM,2025GDL,Stone Valley,40.644105,-77.927367,245.825562,0,0,3
7/10/2025,1,Control,31-May-25,9:00 AM,2025GDL,Stone Valley,40.644105,-77.927367,245.825562,0,0,0
7/10/2025,1,Control,31-May-25,9:00 AM,2025GDL,Stone Valley,40.644105,-77.927367,245.825562,0,0,2
7/10/2025,1,Control,31-May-25,9:00 AM,2025GDL,Stone Valley,40.644105,-77.927367,245.825562,0,0,1
7/10/2025,1,Control,31-May-25,10:00 AM,2025GDL,Stone Valley,40.644105,-77.927367,245.825562,0,0,2
7/11/2025,1,Control,31-May-25,9:20 AM,2025GDL,Stone Valley,40.644105,-77.927367,245.825562,0,1,2
7/11/2025,1,Control,31-May-25,9:10 AM,2025GDL,Stone Valley,40.644105,-77.927367,245.825562,0,0,0
7/11/2025,1,Control,31-May-25,12:50 PM,2025GDL,Stone Valley,40.644105,-77.927367,245.825562,0,0,0
7/11/2025,1,Control,31-May-25,9:07 AM,2025GDL,Stone Valley,40.644105,-77.927367,245.825562,0,0,3
7/11/2025,1,Control,31-May-25,9:00 AM,2025GDL,Stone Valley,40.644105,-77.927367,245.825562,0,0,0
7/11/2025,1,Control,31-May-25,9:00 AM,2025GDL,Stone Valley,40.644105,-77.927367,245.825562,0,0,2
7/11/2025,1,Control,31-May-25,9:00 AM,2025GDL,Stone Valley,40.644105,-77.927367,245.825562,0,0,1
7/11/2025,1,Control,31-May-25,10:00 AM,2025GDL,Stone Valley,40.644105,-77.927367,245.825562,0,0,2
7/12/2025,1,Control,31-May-25,9:20 AM,2025GDL,Stone Valley,40.644105,-77.927367,245.825562,0,1,2
7/12/2025,1,Control,31-May-25,9:10 AM,2025GDL,Stone Valley,40.644105,-77.927367,245.825562,0,0,0
7/12/2025,1,Control,31-May-25,12:50 PM,2025GDL,Stone Valley,40.644105,-77.927367,245.825562,0,0,0
7/12/2025,1,Control,31-May-25,9:07 AM,2025GDL,Stone Valley,40.644105,-77.927367,245.825562,0,0,3
7/12/2025,1,Control,31-May-25,9:00 AM,2025GDL,Stone Valley,40.644105,-77.927367,245.825562,0,0,0
7/12/2025,1,Control,31-May-25,9:00 AM,2025GDL,Stone Valley,40.644105,-77.927367,245.825562,0,0,2
7/12/2025,1,Control,31-May-25,9:00 AM,2025GDL,Stone Valley,40.644105,-77.927367,245.825562,0,0,1
7/12/2025,1,Control,31-May-25,10:00 AM,2025GDL,Stone Valley,40.644105,-77.927367,245.825562,0,0,2
7/13/2025,1,Control,31-May-25,9:20 AM,2025GDL,Stone Valley,40.644105,-77.927367,245.825562,0,1,2
7/13/2025,1,Control,31-May-25,9:10 AM,2025GDL,Stone Valley,40.644105,-77.927367,245.825562,0,0,0
7/13/2025,1,Control,31-May-25,12:50 PM,2025GDL,Stone Valley,40.644105,-77.927367,245.825562,0,0,0
7/13/2025,1,Control,31-May-25,9:07 AM,2025GDL,Stone Valley,40.644105,-77.927367,245.825562,0,0,3
7/13/2025,1,Control,31-May-25,9:00 AM,2025GDL,Stone Valley,40.644105,-77.927367,245.825562,0,0,0
7/13/2025,1,Control,31-May-25,9:00 AM,2025GDL,Stone Valley,40.644105,-77.927367,245.825562,0,0,2
7/13/2025,1,Control,31-May-25,9:00 AM,2025GDL,Stone Valley,40.644105,-77.927367,245.825562,0,0,1
7/13/2025,1,Control,31-May-25,10:00 AM,2025GDL,Stone Valley,40.644105,-77.927367,245.825562,0,0,2
7/14/2025,1,Control,31-May-25,9:20 AM,2025GDL,Stone Valley,40.644105,-77.927367,245.825562,0,1,2
7/14/2025,1,Control,31-May-25,9:10 AM,2025GDL,Stone Valley,40.644105,-77.927367,245.825562,0,0,0
7/14/2025,1,Control,31-May-25,12:50 PM,2025GDL,Stone Valley,40.644105,-77.927367,245.825562,0,0,0
7/14/2025,1,Control,31-May-25,9:07 AM,2025GDL,Stone Valley,40.644105,-77.927367,245.825562,0,0,3
7/14/2025,1,Control,31-May-25,9:00 AM,2025GDL,Stone Valley,40.644105,-77.927367,245.825562,0,0,0
7/14/2025,1,Control,31-May-25,9:00 AM,2025GDL,Stone Valley,40.644105,-77.927367,245.825562,0,0,2
7/14/2025,1,Control,31-May-25,9:00 AM,2025GDL,Stone Valley,40.644105,-77.927367,245.825562,0,0,1
7/14/2025,1,Control,31-May-25,10:00 AM,2025GDL,Stone Valley,40.644105,-77.927367,245.825562,0,0,2
7/15/2025,1,Control,31-May-25,9:20 AM,2025GDL,Stone Valley,40.644105,-77.927367,245.825562,0,1,2
7/15/2025,1,Control,31-May-25,9:10 AM,2025GDL,Stone Valley,40.644105,-77.927367,245.825562,0,0,0
7/15/2025,1,Control,31-May-25,12:50 PM,2025GDL,Stone Valley,40.644105,-77.927367,245.825562,0,0,0
7/15/2025,1,Control,31-May-25,9:07 AM,2025GDL,Stone Valley,40.644105,-77.927367,245.825562,0,0,3
7/15/2025,1,Control,31-May-25,9:00 AM,2025GDL,Stone Valley,40.644105,-77.927367,245.825562,0,0,0
7/15/2025,1,Control,31-May-25,9:00 AM,2025GDL,Stone Valley,40.644105,-77.927367,245.825562,0,0,2
7/15/2025,1,Control,31-May-25,9:00 AM,2025GDL,Stone Valley,40.644105,-77.927367,245.825562,0,0,1
7/15/2025,1,Control,31-May-25,10:00 AM,2025GDL,Stone Valley,40.644105,-77.927367,245.825562,0,0,2
7/16/2025,1,Control,31-May-25,9:20 AM,2025GDL,Stone Valley,40.644105,-77.927367,245.825562,0,1,2
7/16/2025,1,Control,31-May-25,9:10 AM,2025GDL,Stone Valley,40.644105,-77.927367,245.825562,0,0,0
7/16/2025,1,Control,31-May-25,12:50 PM,2025GDL,Stone Valley,40.644105,-77.927367,245.825562,0,0,0
7/16/2025,1,Control,31-May-25,9:07 AM,2025GDL,Stone Valley,40.644105,-77.927367,245.825562,0,0,3
7/16/2025,1,Control,31-May-25,9:00 AM,2025GDL,Stone Valley,40.644105,-77.927367,245.825562,0,0,0
7/16/2025,1,Control,31-May-25,9:00 AM,2025GDL,Stone Valley,40.644105,-77.927367,245.825562,0,0,2
7/16/2025,1,Control,31-May-25,9:00 AM,2025GDL,Stone Valley,40.644105,-77.927367,245.825562,0,0,1
7/16/2025,1,Control,31-May-25,10:00 AM,2025GDL,Stone Valley,40.644105,-77.927367,245.825562,0,0,2
7/17/2025,1,Control,31-May-25,9:20 AM,2025GDL,Stone Valley,40.644105,-77.927367,245.825562,0,1,2
7/17/2025,1,Control,31-May-25,9:10 AM,2025GDL,Stone Valley,40.644105,-77.927367,245.825562,0,0,0
7/17/2025,1,Control,31-May-25,12:50 PM,2025GDL,Stone Valley,40.644105,-77.927367,245.825562,0,0,0
7/17/2025,1,Control,31-May-25,9:07 AM,2025GDL,Stone Valley,40.644105,-77.927367,245.825562,0,0,3
7/17/2025,1,Control,31-May-25,9:00 AM,2025GDL,Stone Valley,40.644105,-77.927367,245.825562,0,0,0
7/17/2025,1,Control,31-May-25,9:00 AM,2025GDL,Stone Valley,40.644105,-77.927367,245.825562,0,0,2
7/17/2025,1,Control,31-May-25,9:00 AM,2025GDL,Stone Valley,40.644105,-77.927367,245.825562,0,0,1
7/17/2025,1,Control,31-May-25,10:00 AM,2025GDL,Stone Valley,40.644105,-77.927367,245.825562,0,0,2
7/18/2025,1,Control,31-May-25,9:20 AM,2025GDL,Stone Valley,40.644105,-77.927367,245.825562,0,1,2
7/18/2025,1,Control,31-May-25,9:10 AM,2025GDL,Stone Valley,40.644105,-77.927367,245.825562,0,0,0
7/18/2025,1,Control,31-May-25,12:50 PM,2025GDL,Stone Valley,40.644105,-77.927367,245.825562,0,0,0
7/18/2025,1,Control,31-May-25,9:07 AM,2025GDL,Stone Valley,40.644105,-77.927367,245.825562,0,0,3
7/18/2025,1,Control,31-May-25,9:00 AM,2025GDL,Stone Valley,40.644105,-77.927367,245.825562,0,0,0
7/18/2025,1,Control,31-May-25,9:00 AM,2025GDL,Stone Valley,40.644105,-77.927367,245.825562,0,0,2
7/18/2025,1,Control,31-May-25,9:00 AM,2025GDL,Stone Valley,40.644105,-77.927367,245.825562,0,0,1
7/18/2025,1,Control,31-May-25,10:00 AM,2025GDL,Stone Valley,40.644105,-77.927367,245.825562,0,0,2
7/19/2025,1,Control,31-May-25,9:20 AM,2025GDL,Stone Valley,40.644105,-77.927367,245.825562,0,1,2
7/19/2025,1,Control,31-May-25,9:10 AM,2025GDL,Stone Valley,40.644105,-77.927367,245.825562,0,0,0
7/19/2025,1,Control,31-May-25,12:50 PM,2025GDL,Stone Valley,40.644105,-77.927367,245.825562,0,0,0
7/19/2025,1,Control,31-May-25,9:07 AM,2025GDL,Stone Valley,40.644105,-77.927367,245.825562,0,0,3
7/19/2025,1,Control,31-May-25,9:00 AM,2025GDL,Stone Valley,40.644105,-77.927367,245.825562,0,0,0
7/19/2025,1,Control,31-May-25,9:00 AM,2025GDL,Stone Valley,40.644105,-77.927367,245.825562,0,0,2
7/19/2025,1,Control,31-May-25,9:00 AM,2025GDL,Stone Valley,40.644105,-77.927367,245.825562,0,0,1
7/19/2025,1,Control,31-May-25,10:00 AM,2025GDL,Stone Valley,40.644105,-77.927367,245.825562,0,0,2
7/20/2025,1,Control,31-May-25,9:20 AM,2025GDL,Stone Valley,40.644105,-77.927367,245.825562,0,1,2
7/20/2025,1,Control,31-May-25,9:10 AM,2025GDL,Stone Valley,40.644105,-77.927367,245.825562,0,0,0
7/20/2025,1,Control,31-May-25,12:50 PM,2025GDL,Stone Valley,40.644105,-77.927367,245.825562,0,0,0
7/20/2025,1,Control,31-May-25,9:07 AM,2025GDL,Stone Valley,40.644105,-77.927367,245.825562,0,0,3
7/20/2025,1,Control,31-May-25,9:00 AM,2025GDL,Stone Valley,40.644105,-77.927367,245.825562,0,0,0
7/20/2025,1,Control,31-May-25,9:00 AM,2025GDL,Stone Valley,40.644105,-77.927367,245.825562,0,0,2
7/20/2025,1,Control,31-May-25,9:00 AM,2025GDL,Stone Valley,40.644105,-77.927367,245.825562,0,0,1
7/20/2025,1,Control,31-May-25,10:00 AM,2025GDL,Stone Valley,40.644105,-77.927367,245.825562,0,0,2
7/21/2025,1,Control,31-May-25,9:20 AM,2025GDL,Stone Valley,40.644105,-77.927367,245.825562,0,1,2
7/21/2025,1,Control,31-May-25,9:10 AM,2025GDL,Stone Valley,40.644105,-77.927367,245.825562,0,0,0
7/21/2025,1,Control,31-May-25,12:50 PM,2025GDL,Stone Valley,40.644105,-77.927367,245.825562,0,0,0
7/21/2025,1,Control,31-May-25,9:07 AM,2025GDL,Stone Valley,40.644105,-77.927367,245.825562,0,0,3
7/21/2025,1,Control,31-May-25,9:00 AM,2025GDL,Stone Valley,40.644105,-77.927367,245.825562,0,0,0
7/21/2025,1,Control,31-May-25,9:00 AM,2025GDL,Stone Valley,40.644105,-77.927367,245.825562,0,0,2
7/21/2025,1,Control,31-May-25,9:00 AM,2025GDL,Stone Valley,40.644105,-77.927367,245.825562,0,0,1
7/21/2025,1,Control,31-May-25,10:00 AM,2025GDL,Stone Valley,40.644105,-77.927367,245.825562,0,0,2
7/22/2025,1,Control,31-May-25,9:20 AM,2025GDL,Stone Valley,40.644105,-77.927367,245.825562,0,1,2
7/22/2025,1,Control,31-May-25,9:10 AM,2025GDL,Stone Valley,40.644105,-77.927367,245.825562,0,0,0
7/22/2025,1,Control,31-May-25,12:50 PM,2025GDL,Stone Valley,40.644105,-77.927367,245.825562,0,0,0
7/22/2025,1,Control,31-May-25,9:07 AM,2025GDL,Stone Valley,40.644105,-77.927367,245.825562,0,0,3
7/22/2025,1,Control,31-May-25,9:00 AM,2025GDL,Stone Valley,40.644105,-77.927367,245.825562,0,0,0
7/22/2025,1,Control,31-May-25,9:00 AM,2025GDL,Stone Valley,40.644105,-77.927367,245.825562,0,0,2
7/22/2025,1,Control,31-May-25,9:00 AM,2025GDL,Stone Valley,40.644105,-77.927367,245.825562,0,0,1
7/22/2025,1,Control,31-May-25,10:00 AM,2025GDL,Stone Valley,40.644105,-77.927367,245.825562,0,0,2
7/23/2025,1,Control,31-May-25,9:20 AM,2025GDL,Stone Valley,40.644105,-77.927367,245.825562,0,1,2
7/23/2025,1,Control,31-May-25,9:10 AM,2025GDL,Stone Valley,40.644105,-77.927367,245.825562,0,0,0
7/23/2025,1,Control,31-May-25,12:50 PM,2025GDL,Stone Valley,40.644105,-77.927367,245.825562,0,0,0
7/23/2025,1,Control,31-May-25,9:07 AM,2025GDL,Stone Valley,40.644105,-77.927367,245.825562,0,0,3
7/23/2025,1,Control,31-May-25,9:00 AM,2025GDL,Stone Valley,40.644105,-77.927367,245.825562,0,0,0
7/23/2025,1,Control,31-May-25,9:00 AM,2025GDL,Stone Valley,40.644105,-77.927367,245.825562,0,0,2
7/23/2025,1,Control,31-May-25,9:00 AM,2025GDL,Stone Valley,40.644105,-77.927367,245.825562,0,0,1
7/23/2025,1,Control,31-May-25,10:00 AM,2025GDL,Stone Valley,40.644105,-77.927367,245.825562,0,0,2
7/24/2025,1,Control,31-May-25,9:20 AM,2025GDL,Stone Valley,40.644105,-77.927367,245.825562,0,1,2
7/24/2025,1,Control,31-May-25,9:10 AM,2025GDL,Stone Valley,40.644105,-77.927367,245.825562,0,0,0
7/24/2025,1,Control,31-May-25,12:50 PM,2025GDL,Stone Valley,40.644105,-77.927367,245.825562,0,0,0
7/24/2025,1,Control,31-May-25,9:07 AM,2025GDL,Stone Valley,40.644105,-77.927367,245.825562,0,0,3
7/24/2025,1,Control,31-May-25,9:00 AM,2025GDL,Stone Valley,40.644105,-77.927367,245.825562,0,0,0
7/24/2025,1,Control,31-May-25,9:00 AM,2025GDL,Stone Valley,40.644105,-77.927367,245.825562,0,0,2
7/24/2025,1,Control,31-May-25,9:00 AM,2025GDL,Stone Valley,40.644105,-77.927367,245.825562,0,0,1
7/24/2025,1,Control,31-May-25,10:00 AM,2025GDL,Stone Valley,40.644105,-77.927367,245.825562,0,0,2
7/25/2025,1,Control,31-May-25,9:20 AM,2025GDL,Stone Valley,40.644105,-77.927367,245.825562,0,1,2
7/25/2025,1,Control,31-May-25,9:10 AM,2025GDL,Stone Valley,40.644105,-77.927367,245.825562,0,0,0
7/25/2025,1,Control,31-May-25,12:50 PM,2025GDL,Stone Valley,40.644105,-77.927367,245.825562,0,0,0
7/25/2025,1,Control,31-May-25,9:07 AM,2025GDL,Stone Valley,40.644105,-77.927367,245.825562,0,0,3
7/25/2025,1,Control,31-May-25,9:00 AM,2025GDL,Stone Valley,40.644105,-77.927367,245.825562,0,0,0
7/25/2025,1,Control,31-May-25,9:00 AM,2025GDL,Stone Valley,40.644105,-77.927367,245.825562,0,0,2
7/25/2025,1,Control,31-May-25,9:00 AM,2025GDL,Stone Valley,40.644105,-77.927367,245.825562,0,0,1
7/25/2025,1,Control,31-May-25,10:00 AM,2025GDL,Stone Valley,40.644105,-77.927367,245.825562,0,0,2
7/26/2025,1,Control,31-May-25,9:20 AM,2025GDL,Stone Valley,40.644105,-77.927367,245.825562,0,1,2
7/26/2025,1,Control,31-May-25,9:10 AM,2025GDL,Stone Valley,40.644105,-77.927367,245.825562,0,0,0
7/26/2025,1,Control,31-May-25,12:50 PM,2025GDL,Stone Valley,40.644105,-77.927367,245.825562,0,0,0
7/26/2025,1,Control,31-May-25,9:07 AM,2025GDL,Stone Valley,40.644105,-77.927367,245.825562,0,0,3
7/26/2025,1,Control,31-May-25,9:00 AM,2025GDL,Stone Valley,40.644105,-77.927367,245.825562,0,0,0
7/26/2025,1,Control,31-May-25,9:00 AM,2025GDL,Stone Valley,40.644105,-77.927367,245.825562,0,0,2
7/26/2025,1,Control,31-May-25,9:00 AM,2025GDL,Stone Valley,40.644105,-77.927367,245.825562,0,0,1
7/26/2025,1,Control,31-May-25,10:00 AM,2025GDL,Stone Valley,40.644105,-77.927367,245.825562,0,0,2
7/27/2025,1,Control,31-May-25,9:20 AM,2025GDL,Stone Valley,40.644105,-77.927367,245.825562,0,1,2
7/27/2025,1,Control,31-May-25,9:10 AM,2025GDL,Stone Valley,40.644105,-77.927367,245.825562,0,0,0
7/27/2025,1,Control,31-May-25,12:50 PM,2025GDL,Stone Valley,40.644105,-77.927367,245.825562,0,0,0
7/27/2025,1,Control,31-May-25,9:07 AM,2025GDL,Stone Valley,40.644105,-77.927367,245.825562,0,0,3
7/27/2025,1,Control,31-May-25,9:00 AM,2025GDL,Stone Valley,40.644105,-77.927367,245.825562,0,0,0
7/27/2025,1,Control,31-May-25,9:00 AM,2025GDL,Stone Valley,40.644105,-77.927367,245.825562,0,0,2
7/27/2025,1,Control,31-May-25,9:00 AM,2025GDL,Stone Valley,40.644105,-77.927367,245.825562,0,0,1
7/27/2025,1,Control,31-May-25,10:00 AM,2025GDL,Stone Valley,40.644105,-77.927367,245.825562,0,0,2
7/28/2025,1,Control,31-May-25,9:20 AM,2025GDL,Stone Valley,40.644105,-77.927367,245.825562,0,1,2
7/28/2025,1,Control,31-May-25,9:10 AM,2025GDL,Stone Valley,40.644105,-77.927367,245.825562,0,0,0
7/28/2025,1,Control,31-May-25,12:50 PM,2025GDL,Stone Valley,40.644105,-77.927367,245.825562,0,0,0
7/28/2025,1,Control,31-May-25,9:07 AM,2025GDL,Stone Valley,40.644105,-77.927367,245.825562,0,0,3
7/28/2025,1,Control,31-May-25,9:00 AM,2025GDL,Stone Valley,40.644105,-77.927367,245.825562,0,0,0
7/28/2025,1,Control,31-May-25,9:00 AM,2025GDL,Stone Valley,40.644105,-77.927367,245.825562,0,0,2
7/28/2025,1,Control,31-May-25,9:00 AM,2025GDL,Stone Valley,40.644105,-77.927367,245.825562,0,0,1
7/28/2025,1,Control,31-May-25,10:00 AM,2025GDL,Stone Valley,40.644105,-77.927367,245.825562,0,0,2
7/29/2025,1,Control,31-May-25,9:20 AM,2025GDL,Stone Valley,40.644105,-77.927367,245.825562,0,1,2
7/29/2025,1,Control,31-May-25,9:10 AM,2025GDL,Stone Valley,40.644105,-77.927367,245.825562,0,0,0
7/29/2025,1,Control,31-May-25,12:50 PM,2025GDL,Stone Valley,40.644105,-77.927367,245.825562,0,0,0
7/29/2025,1,Control,31-May-25,9:07 AM,2025GDL,Stone Valley,40.644105,-77.927367,245.825562,0,0,3
7/29/2025,1,Control,31-May-25,9:00 AM,2025GDL,Stone Valley,40.644105,-77.927367,245.825562,0,0,0
7/29/2025,1,Control,31-May-25,9:00 AM,2025GDL,Stone Valley,40.644105,-77.927367,245.825562,0,0,2
7/29/2025,1,Control,31-May-25,9:00 AM,2025GDL,Stone Valley,40.644105,-77.927367,245.825562,0,0,1
7/29/2025,1,Control,31-May-25,10:00 AM,2025GDL,Stone Valley,40.644105,-77.927367,245.825562,0,0,2
7/30/2025,1,Control,31-May-25,9:20 AM,2025GDL,Stone Valley,40.644105,-77.927367,245.825562,0,1,2
7/30/2025,1,Control,31-May-25,9:10 AM,2025GDL,Stone Valley,40.644105,-77.927367,245.825562,0,0,0
7/30/2025,1,Control,31-May-25,12:50 PM,2025GDL,Stone Valley,40.644105,-77.927367,245.825562,0,0,0
7/30/2025,1,Control,31-May-25,9:07 AM,2025GDL,Stone Valley,40.644105,-77.927367,245.825562,0,0,3
7/30/2025,1,Control,31-May-25,9:00 AM,2025GDL,Stone Valley,40.644105,-77.927367,245.825562,0,0,0
7/30/2025,1,Control,31-May-25,9:00 AM,2025GDL,Stone Valley,40.644105,-77.927367,245.825562,0,0,2
7/30/2025,1,Control,31-May-25,9:00 AM,2025GDL,Stone Valley,40.644105,-77.927367,245.825562,0,0,1
7/30/2025,1,Control,31-May-25,10:00 AM,2025GDL,Stone Valley,40.644105,-77.927367,245.825562,0,0,2
7/31/2025,1,Control,31-May-25,9:20 AM,2025GDL,Stone Valley,40.644105,-77.927367,245.825562,0,1,2
7/31/2025,1,Control,31-May-25,9:10 AM,2025GDL,Stone Valley,40.644105,-77.927367,245.825562,0,0,0
7/31/2025,1,Control,31-May-25,12:50 PM,2025GDL,Stone Valley,40.644105,-77.927367,245.825562,0,0,0
7/31/2025,1,Control,31-May-25,9:07 AM,2025GDL,Stone Valley,40.644105,-77.927367,245.825562,0,0,3
7/31/2025,1,Control,31-May-25,9:00 AM,2025GDL,Stone Valley,40.644105,-77.927367,245.825562,0,0,0
7/31/2025,1,Control,31-May-25,9:00 AM,2025GDL,Stone Valley,40.644105,-77.927367,245.825562,0,0,2
7/31/2025,1,Control,31-May-25,9:00 AM,2025GDL,Stone Valley,40.644105,-77.927367,245.825562,0,0,1
7/31/2025,1,Control,31-May-25,10:00 AM,2025GDL,Stone Valley,40.644105,-77.927367,245.825562,0,0,2
8/1/2025,1,Control,31-May-25,9:20 AM,2025GDL,Stone Valley,40.644105,-77.927367,245.825562,0,1,2
8/1/2025,1,Control,31-May-25,9:10 AM,2025GDL,Stone Valley,40.644105,-77.927367,245.825562,0,0,0
8/1/2025,1,Control,31-May-25,12:50 PM,2025GDL,Stone Valley,40.644105,-77.927367,245.825562,0,0,0
8/1/2025,1,Control,31-May-25,9:07 AM,2025GDL,Stone Valley,40.644105,-77.927367,245.825562,0,0,3
8/1/2025,1,Control,31-May-25,9:00 AM,2025GDL,Stone Valley,40.644105,-77.927367,245.825562,0,0,0
8/1/2025,1,Control,31-May-25,9:00 AM,2025GDL,Stone Valley,40.644105,-77.927367,245.825562,0,0,2
8/1/2025,1,Control,31-May-25,9:00 AM,2025GDL,Stone Valley,40.644105,-77.927367,245.825562,0,0,1
8/1/2025,1,Control,31-May-25,10:00 AM,2025GDL,Stone Valley,40.644105,-77.927367,245.825562,0,0,2
8/2/2025,1,Control,31-May-25,9:20 AM,2025GDL,Stone Valley,40.644105,-77.927367,245.825562,0,1,2
8/2/2025,1,Control,31-May-25,9:10 AM,2025GDL,Stone Valley,40.644105,-77.927367,245.825562,0,0,0
8/2/2025,1,Control,31-May-25,12:50 PM,2025GDL,Stone Valley,40.644105,-77.927367,245.825562,0,0,0
8/2/2025,1,Control,31-May-25,9:07 AM,2025GDL,Stone Valley,40.644105,-77.927367,245.825562,0,0,3
8/2/2025,1,Control,31-May-25,9:00 AM,2025GDL,Stone Valley,40.644105,-77.927367,245.825562,0,0,0
8/2/2025,1,Control,31-May-25,9:00 AM,2025GDL,Stone Valley,40.644105,-77.927367,245.825562,0,0,2
8/2/2025,1,Control,31-May-25,9:00 AM,2025GDL,Stone Valley,40.644105,-77.927367,245.825562,0,0,1
8/2/2025,1,Control,31-May-25,10:00 AM,2025GDL,Stone Valley,40.644105,-77.927367,245.825562,0,0,2
8/3/2025,1,Control,31-May-25,9:20 AM,2025GDL,Stone Valley,40.644105,-77.927367,245.825562,0,1,2
8/3/2025,1,Control,31-May-25,9:10 AM,2025GDL,Stone Valley,40.644105,-77.927367,245.825562,0,0,0
8/3/2025,1,Control,31-May-25,12:50 PM,2025GDL,Stone Valley,40.644105,-77.927367,245.825562,0,0,0
8/3/2025,1,Control,31-May-25,9:07 AM,2025GDL,Stone Valley,40.644105,-77.927367,245.825562,0,0,3
8/3/2025,1,Control,31-May-25,9:00 AM,2025GDL,Stone Valley,40.644105,-77.927367,245.825562,0,0,0
8/3/2025,1,Control,31-May-25,9:00 AM,2025GDL,Stone Valley,40.644105,-77.927367,245.825562,0,0,2
8/3/2025,1,Control,31-May-25,9:00 AM,2025GDL,Stone Valley,40.644105,-77.927367,245.825562,0,0,1
8/3/2025,1,Control,31-May-25,10:00 AM,2025GDL,Stone Valley,40.644105,-77.927367,245.825562,0,0,2
8/4/2025,1,Control,31-May-25,9:20 AM,2025GDL,Stone Valley,40.644105,-77.927367,245.825562,0,1,2
8/4/2025,1,Control,31-May-25,9:10 AM,2025GDL,Stone Valley,40.644105,-77.927367,245.825562,0,0,0
8/4/2025,1,Control,31-May-25,12:50 PM,2025GDL,Stone Valley,40.644105,-77.927367,245.825562,0,0,0
8/4/2025,1,Control,31-May-25,9:07 AM,2025GDL,Stone Valley,40.644105,-77.927367,245.825562,0,0,3
8/4/2025,1,Control,31-May-25,9:00 AM,2025GDL,Stone Valley,40.644105,-77.927367,245.825562,0,0,0
8/4/2025,1,Control,31-May-25,9:00 AM,2025GDL,Stone Valley,40.644105,-77.927367,245.825562,0,0,2
8/4/2025,1,Control,31-May-25,9:00 AM,2025GDL,Stone Valley,40.644105,-77.927367,245.825562,0,0,1
8/4/2025,1,Control,31-May-25,10:00 AM,2025GDL,Stone Valley,40.644105,-77.927367,245.825562,0,0,2
8/5/2025,1,Control,31-May-25,9:20 AM,2025GDL,Stone Valley,40.644105,-77.927367,245.825562,0,1,2
8/5/2025,1,Control,31-May-25,9:10 AM,2025GDL,Stone Valley,40.644105,-77.927367,245.825562,0,0,0
8/5/2025,1,Control,31-May-25,12:50 PM,2025GDL,Stone Valley,40.644105,-77.927367,245.825562,0,0,0
8/5/2025,1,Control,31-May-25,9:07 AM,2025GDL,Stone Valley,40.644105,-77.927367,245.825562,0,0,3
8/5/2025,1,Control,31-May-25,9:00 AM,2025GDL,Stone Valley,40.644105,-77.927367,245.825562,0,0,0
8/5/2025,1,Control,31-May-25,9:00 AM,2025GDL,Stone Valley,40.644105,-77.927367,245.825562,0,0,2
8/5/2025,1,Control,31-May-25,9:00 AM,2025GDL,Stone Valley,40.644105,-77.927367,245.825562,0,0,1
8/5/2025,1,Control,31-May-25,10:00 AM,2025GDL,Stone Valley,40.644105,-77.927367,245.825562,0,0,2
8/6/2025,1,Control,31-May-25,9:20 AM,2025GDL,Stone Valley,40.644105,-77.927367,245.825562,0,1,2
8/6/2025,1,Control,31-May-25,9:10 AM,2025GDL,Stone Valley,40.644105,-77.927367,245.825562,0,0,0
8/6/2025,1,Control,31-May-25,12:50 PM,2025GDL,Stone Valley,40.644105,-77.927367,245.825562,0,0,0
8/6/2025,1,Control,31-May-25,9:07 AM,2025GDL,Stone Valley,40.644105,-77.927367,245.825562,0,0,3
8/6/2025,1,Control,31-May-25,9:00 AM,2025GDL,Stone Valley,40.644105,-77.927367,245.825562,0,0,0
8/6/2025,1,Control,31-May-25,9:00 AM,2025GDL,Stone Valley,40.644105,-77.927367,245.825562,0,0,2
8/6/2025,1,Control,31-May-25,9:00 AM,2025GDL,Stone Valley,40.644105,-77.927367,245.825562,0,0,1
8/6/2025,1,Control,31-May-25,10:00 AM,2025GDL,Stone Valley,40.644105,-77.927367,245.825562,0,0,2
8/7/2025,1,Control,31-May-25,9:20 AM,2025GDL,Stone Valley,40.644105,-77.927367,245.825562,0,1,2
8/7/2025,1,Control,31-May-25,9:10 AM,2025GDL,Stone Valley,40.644105,-77.927367,245.825562,0,0,0
8/7/2025,1,Control,31-May-25,12:50 PM,2025GDL,Stone Valley,40.644105,-77.927367,245.825562,0,0,0
8/7/2025,1,Control,31-May-25,9:07 AM,2025GDL,Stone Valley,40.644105,-77.927367,245.825562,0,0,3
8/7/2025,1,Control,31-May-25,9:00 AM,2025GDL,Stone Valley,40.644105,-77.927367,245.825562,0,0,0
8/7/2025,1,Control,31-May-25,9:00 AM,2025GDL,Stone Valley,40.644105,-77.927367,245.825562,0,0,2
8/7/2025,1,Control,31-May-25,9:00 AM,2025GDL,Stone Valley,40.644105,-77.927367,245.825562,0,0,1
8/7/2025,1,Control,31-May-25,10:00 AM,2025GDL,Stone Valley,40.644105,-77.927367,245.825562,0,0,2
8/8/2025,1,Control,31-May-25,9:20 AM,2025GDL,Stone Valley,40.644105,-77.927367,245.825562,0,1,2
8/8/2025,1,Control,31-May-25,9:10 AM,2025GDL,Stone Valley,40.644105,-77.927367,245.825562,0,0,0
8/8/2025,1,Control,31-May-25,12:50 PM,2025GDL,Stone Valley,40.644105,-77.927367,245.825562,0,0,0
8/8/2025,1,Control,31-May-25,9:07 AM,2025GDL,Stone Valley,40.644105,-77.927367,245.825562,0,0,3
8/8/2025,1,Control,31-May-25,9:00 AM,2025GDL,Stone Valley,40.644105,-77.927367,245.825562,0,0,0
8/8/2025,1,Control,31-May-25,9:00 AM,2025GDL,Stone Valley,40.644105,-77.927367,245.825562,0,0,2
8/8/2025,1,Control,31-May-25,9:00 AM,2025GDL,Stone Valley,40.644105,-77.927367,245.825562,0,0,1
8/8/2025,1,Control,31-May-25,10:00 AM,2025GDL,Stone Valley,40.644105,-77.927367,245.825562,0,0,2
8/9/2025,1,Control,31-May-25,9:20 AM,2025GDL,Stone Valley,40.644105,-77.927367,245.825562,0,1,2
8/9/2025,1,Control,31-May-25,9:10 AM,2025GDL,Stone Valley,40.644105,-77.927367,245.825562,0,0,0
8/9/2025,1,Control,31-May-25,12:50 PM,2025GDL,Stone Valley,40.644105,-77.927367,245.825562,0,0,0
8/9/2025,1,Control,31-May-25,9:07 AM,2025GDL,Stone Valley,40.644105,-77.927367,245.825562,0,0,3
8/9/2025,1,Control,31-May-25,9:00 AM,2025GDL,Stone Valley,40.644105,-77.927367,245.825562,0,0,0
8/9/2025,1,Control,31-May-25,9:00 AM,2025GDL,Stone Valley,40.644105,-77.927367,245.825562,0,0,2
8/9/2025,1,Control,31-May-25,9:00 AM,2025GDL,Stone Valley,40.644105,-77.927367,245.825562,0,0,1
8/9/2025,1,Control,31-May-25,10:00 AM,2025GDL,Stone Valley,40.644105,-77.927367,245.825562,0,0,2
8/10/2025,1,Control,31-May-25,9:20 AM,2025GDL,Stone Valley,40.644105,-77.927367,245.825562,0,1,2
8/10/2025,1,Control,31-May-25,9:10 AM,2025GDL,Stone Valley,40.644105,-77.927367,245.825562,0,0,0
8/10/2025,1,Control,31-May-25,12:50 PM,2025GDL,Stone Valley,40.644105,-77.927367,245.825562,0,0,0
8/10/2025,1,Control,31-May-25,9:07 AM,2025GDL,Stone Valley,40.644105,-77.927367,245.825562,0,0,3
8/10/2025,1,Control,31-May-25,9:00 AM,2025GDL,Stone Valley,40.644105,-77.927367,245.825562,0,0,0
8/10/2025,1,Control,31-May-25,9:00 AM,2025GDL,Stone Valley,40.644105,-77.927367,245.825562,0,0,2
8/10/2025,1,Control,31-May-25,9:00 AM,2025GDL,Stone Valley,40.644105,-77.927367,245.825562,0,0,1
8/10/2025,1,Control,31-May-25,10:00 AM,2025GDL,Stone Valley,40.644105,-77.927367,245.825562,0,0,2
8/11/2025,1,Control,31-May-25,9:20 AM,2025GDL,Stone Valley,40.644105,-77.927367,245.825562,0,1,2
8/11/2025,1,Control,31-May-25,9:10 AM,2025GDL,Stone Valley,40.644105,-77.927367,245.825562,0,0,0
8/11/2025,1,Control,31-May-25,12:50 PM,2025GDL,Stone Valley,40.644105,-77.927367,245.825562,0,0,0
8/11/2025,1,Control,31-May-25,9:07 AM,2025GDL,Stone Valley,40.644105,-77.927367,245.825562,0,0,3
8/11/2025,1,Control,31-May-25,9:00 AM,2025GDL,Stone Valley,40.644105,-77.927367,245.825562,0,0,0
8/11/2025,1,Control,31-May-25,9:00 AM,2025GDL,Stone Valley,40.644105,-77.927367,245.825562,0,0,2
8/11/2025,1,Control,31-May-25,9:00 AM,2025GDL,Stone Valley,40.644105,-77.927367,245.825562,0,0,1
8/11/2025,1,Control,31-May-25,10:00 AM,2025GDL,Stone Valley,40.644105,-77.927367,245.825562,0,0,2
8/12/2025,1,Control,31-May-25,9:20 AM,2025GDL,Stone Valley,40.644105,-77.927367,245.825562,0,1,2
8/12/2025,1,Control,31-May-25,9:10 AM,2025GDL,Stone Valley,40.644105,-77.927367,245.825562,0,0,0
8/12/2025,1,Control,31-May-25,12:50 PM,2025GDL,Stone Valley,40.644105,-77.927367,245.825562,0,0,0
8/12/2025,1,Control,31-May-25,9:07 AM,2025GDL,Stone Valley,40.644105,-77.927367,245.825562,0,0,3
8/12/2025,1,Control,31-May-25,9:00 AM,2025GDL,Stone Valley,40.644105,-77.927367,245.825562,0,0,0
8/12/2025,1,Control,31-May-25,9:00 AM,2025GDL,Stone Valley,40.644105,-77.927367,245.825562,0,0,2
8/12/2025,1,Control,31-May-25,9:00 AM,2025GDL,Stone Valley,40.644105,-77.927367,245.825562,0,0,1
8/12/2025,1,Control,31-May-25,10:00 AM,2025GDL,Stone Valley,40.644105,-77.927367,245.825562,0,0,2
8/13/2025,1,Control,31-May-25,9:20 AM,2025GDL,Stone Valley,40.644105,-77.927367,245.825562,0,1,2
8/13/2025,1,Control,31-May-25,9:10 AM,2025GDL,Stone Valley,40.644105,-77.927367,245.825562,0,0,0
8/13/2025,1,Control,31-May-25,12:50 PM,2025GDL,Stone Valley,40.644105,-77.927367,245.825562,0,0,0
8/13/2025,1,Control,31-May-25,9:07 AM,2025GDL,Stone Valley,40.644105,-77.927367,245.825562,0,0,3
8/13/2025,1,Control,31-May-25,9:00 AM,2025GDL,Stone Valley,40.644105,-77.927367,245.825562,0,0,0
8/13/2025,1,Control,31-May-25,9:00 AM,2025GDL,Stone Valley,40.644105,-77.927367,245.825562,0,0,2
8/13/2025,1,Control,31-May-25,9:00 AM,2025GDL,Stone Valley,40.644105,-77.927367,245.825562,0,0,1
8/13/2025,1,Control,31-May-25,10:00 AM,2025GDL,Stone Valley,40.644105,-77.927367,245.825562,0,0,2
8/14/2025,1,Control,31-May-25,9:20 AM,2025GDL,Stone Valley,40.644105,-77.927367,245.825562,0,1,2
8/14/2025,1,Control,31-May-25,9:10 AM,2025GDL,Stone Valley,40.644105,-77.927367,245.825562,0,0,0
8/14/2025,1,Control,31-May-25,12:50 PM,2025GDL,Stone Valley,40.644105,-77.927367,245.825562,0,0,0
8/14/2025,1,Control,31-May-25,9:07 AM,2025GDL,Stone Valley,40.644105,-77.927367,245.825562,0,0,3
8/14/2025,1,Control,31-May-25,9:00 AM,2025GDL,Stone Valley,40.644105,-77.927367,245.825562,0,0,0
8/14/2025,1,Control,31-May-25,9:00 AM,2025GDL,Stone Valley,40.644105,-77.927367,245.825562,0,0,2
8/14/2025,1,Control,31-May-25,9:00 AM,2025GDL,Stone Valley,40.644105,-77.927367,245.825562,0,0,1
8/14/2025,1,Control,31-May-25,10:00 AM,2025GDL,Stone Valley,40.644105,-77.927367,245.825562,0,0,2
8/15/2025,1,Control,31-May-25,9:20 AM,2025GDL,Stone Valley,40.644105,-77.927367,245.825562,0,1,2
8/15/2025,1,Control,31-May-25,9:10 AM,2025GDL,Stone Valley,40.644105,-77.927367,245.825562,0,0,0
8/15/2025,1,Control,31-May-25,12:50 PM,2025GDL,Stone Valley,40.644105,-77.927367,245.825562,0,0,0
8/15/2025,1,Control,31-May-25,9:07 AM,2025GDL,Stone Valley,40.644105,-77.927367,245.825562,0,0,3
8/15/2025,1,Control,31-May-25,9:00 AM,2025GDL,Stone Valley,40.644105,-77.927367,245.825562,0,0,0
8/15/2025,1,Control,31-May-25,9:00 AM,2025GDL,Stone Valley,40.644105,-77.927367,245.825562,0,0,2
8/15/2025,1,Control,31-May-25,9:00 AM,2025GDL,Stone Valley,40.644105,-77.927367,245.825562,0,0,1
8/15/2025,1,Control,31-May-25,10:00 AM,2025GDL,Stone Valley,40.644105,-77.927367,245.825562,0,0,2
6/1/2025,2,Control,31-May-25,9:25 AM,2025GDL,Stone Valley,40.644778,-77.924646,264.687134,1,0,1
6/1/2025,2,Control,31-May-25,9:40 AM,2025GDL,Stone Valley,40.644778,-77.924646,264.687134,0,0,0
6/1/2025,2,Control,31-May-25,1:39 PM,2025GDL,Stone Valley,40.644778,-77.924646,264.687134,0,0,0
6/1/2025,2,Control,31-May-25,9:15 AM,2025GDL,Stone Valley,40.644778,-77.924646,264.687134,0,0,1
6/1/2025,2,Control,31-May-25,9:00 AM,2025GDL,Stone Valley,40.644778,-77.924646,264.687134,0,0,0
6/1/2025,2,Control,31-May-25,9:00 AM,2025GDL,Stone Valley,40.644778,-77.924646,264.687134,0,0,0
6/1/2025,2,Control,31-May-25,9:00 AM,2025GDL,Stone Valley,40.644778,-77.924646,264.687134,0,0,0
6/1/2025,2,Control,31-May-25,10:00 AM,2025GDL,Stone Valley,40.644778,-77.924646,264.687134,0,0,2
6/2/2025,2,Control,31-May-25,9:25 AM,2025GDL,Stone Valley,40.644778,-77.924646,264.687134,1,0,1
6/2/2025,2,Control,31-May-25,9:40 AM,2025GDL,Stone Valley,40.644778,-77.924646,264.687134,0,0,0
6/2/2025,2,Control,31-May-25,1:39 PM,2025GDL,Stone Valley,40.644778,-77.924646,264.687134,0,0,0
6/2/2025,2,Control,31-May-25,9:15 AM,2025GDL,Stone Valley,40.644778,-77.924646,264.687134,0,0,1
6/2/2025,2,Control,31-May-25,9:00 AM,2025GDL,Stone Valley,40.644778,-77.924646,264.687134,0,0,0
6/2/2025,2,Control,31-May-25,9:00 AM,2025GDL,Stone Valley,40.644778,-77.924646,264.687134,0,0,0
6/2/2025,2,Control,31-May-25,9:00 AM,2025GDL,Stone Valley,40.644778,-77.924646,264.687134,0,0,0
6/2/2025,2,Control,31-May-25,10:00 AM,2025GDL,Stone Valley,40.644778,-77.924646,264.687134,0,0,2
6/3/2025,2,Control,31-May-25,9:25 AM,2025GDL,Stone Valley,40.644778,-77.924646,264.687134,1,0,1
6/3/2025,2,Control,31-May-25,9:40 AM,2025GDL,Stone Valley,40.644778,-77.924646,264.687134,0,0,0
6/3/2025,2,Control,31-May-25,1:39 PM,2025GDL,Stone Valley,40.644778,-77.924646,264.687134,0,0,0
6/3/2025,2,Control,31-May-25,9:15 AM,2025GDL,Stone Valley,40.644778,-77.924646,264.687134,0,0,1
6/3/2025,2,Control,31-May-25,9:00 AM,2025GDL,Stone Valley,40.644778,-77.924646,264.687134,0,0,0
6/3/2025,2,Control,31-May-25,9:00 AM,2025GDL,Stone Valley,40.644778,-77.924646,264.687134,0,0,0
6/3/2025,2,Control,31-May-25,9:00 AM,2025GDL,Stone Valley,40.644778,-77.924646,264.687134,0,0,0
6/3/2025,2,Control,31-May-25,10:00 AM,2025GDL,Stone Valley,40.644778,-77.924646,264.687134,0,0,2
6/4/2025,2,Control,31-May-25,9:25 AM,2025GDL,Stone Valley,40.644778,-77.924646,264.687134,1,0,1
6/4/2025,2,Control,31-May-25,9:40 AM,2025GDL,Stone Valley,40.644778,-77.924646,264.687134,0,0,0
6/4/2025,2,Control,31-May-25,1:39 PM,2025GDL,Stone Valley,40.644778,-77.924646,264.687134,0,0,0
6/4/2025,2,Control,31-May-25,9:15 AM,2025GDL,Stone Valley,40.644778,-77.924646,264.687134,0,0,1
6/4/2025,2,Control,31-May-25,9:00 AM,2025GDL,Stone Valley,40.644778,-77.924646,264.687134,0,0,0
6/4/2025,2,Control,31-May-25,9:00 AM,2025GDL,Stone Valley,40.644778,-77.924646,264.687134,0,0,0
6/4/2025,2,Control,31-May-25,9:00 AM,2025GDL,Stone Valley,40.644778,-77.924646,264.687134,0,0,0
6/4/2025,2,Control,31-May-25,10:00 AM,2025GDL,Stone Valley,40.644778,-77.924646,264.687134,0,0,2
6/5/2025,2,Control,31-May-25,9:25 AM,2025GDL,Stone Valley,40.644778,-77.924646,264.687134,1,0,1
6/5/2025,2,Control,31-May-25,9:40 AM,2025GDL,Stone Valley,40.644778,-77.924646,264.687134,0,0,0
6/5/2025,2,Control,31-May-25,1:39 PM,2025GDL,Stone Valley,40.644778,-77.924646,264.687134,0,0,0
6/5/2025,2,Control,31-May-25,9:15 AM,2025GDL,Stone Valley,40.644778,-77.924646,264.687134,0,0,1
6/5/2025,2,Control,31-May-25,9:00 AM,2025GDL,Stone Valley,40.644778,-77.924646,264.687134,0,0,0
6/5/2025,2,Control,31-May-25,9:00 AM,2025GDL,Stone Valley,40.644778,-77.924646,264.687134,0,0,0
6/5/2025,2,Control,31-May-25,9:00 AM,2025GDL,Stone Valley,40.644778,-77.924646,264.687134,0,0,0
6/5/2025,2,Control,31-May-25,10:00 AM,2025GDL,Stone Valley,40.644778,-77.924646,264.687134,0,0,2
6/6/2025,2,Control,31-May-25,9:25 AM,2025GDL,Stone Valley,40.644778,-77.924646,264.687134,1,0,1
6/6/2025,2,Control,31-May-25,9:40 AM,2025GDL,Stone Valley,40.644778,-77.924646,264.687134,0,0,0
6/6/2025,2,Control,31-May-25,1:39 PM,2025GDL,Stone Valley,40.644778,-77.924646,264.687134,0,0,0
6/6/2025,2,Control,31-May-25,9:15 AM,2025GDL,Stone Valley,40.644778,-77.924646,264.687134,0,0,1
6/6/2025,2,Control,31-May-25,9:00 AM,2025GDL,Stone Valley,40.644778,-77.924646,264.687134,0,0,0
6/6/2025,2,Control,31-May-25,9:00 AM,2025GDL,Stone Valley,40.644778,-77.924646,264.687134,0,0,0
6/6/2025,2,Control,31-May-25,9:00 AM,2025GDL,Stone Valley,40.644778,-77.924646,264.687134,0,0,0
6/6/2025,2,Control,31-May-25,10:00 AM,2025GDL,Stone Valley,40.644778,-77.924646,264.687134,0,0,2
6/7/2025,2,Control,31-May-25,9:25 AM,2025GDL,Stone Valley,40.644778,-77.924646,264.687134,1,0,1
6/7/2025,2,Control,31-May-25,9:40 AM,2025GDL,Stone Valley,40.644778,-77.924646,264.687134,0,0,0
6/7/2025,2,Control,31-May-25,1:39 PM,2025GDL,Stone Valley,40.644778,-77.924646,264.687134,0,0,0
6/7/2025,2,Control,31-May-25,9:15 AM,2025GDL,Stone Valley,40.644778,-77.924646,264.687134,0,0,1
6/7/2025,2,Control,31-May-25,9:00 AM,2025GDL,Stone Valley,40.644778,-77.924646,264.687134,0,0,0
6/7/2025,2,Control,31-May-25,9:00 AM,2025GDL,Stone Valley,40.644778,-77.924646,264.687134,0,0,0
6/7/2025,2,Control,31-May-25,9:00 AM,2025GDL,Stone Valley,40.644778,-77.924646,264.687134,0,0,0
6/7/2025,2,Control,31-May-25,10:00 AM,2025GDL,Stone Valley,40.644778,-77.924646,264.687134,0,0,2
6/8/2025,2,Control,31-May-25,9:25 AM,2025GDL,Stone Valley,40.644778,-77.924646,264.687134,1,0,1
6/8/2025,2,Control,31-May-25,9:40 AM,2025GDL,Stone Valley,40.644778,-77.924646,264.687134,0,0,0
6/8/2025,2,Control,31-May-25,1:39 PM,2025GDL,Stone Valley,40.644778,-77.924646,264.687134,0,0,0
6/8/2025,2,Control,31-May-25,9:15 AM,2025GDL,Stone Valley,40.644778,-77.924646,264.687134,0,0,1
6/8/2025,2,Control,31-May-25,9:00 AM,2025GDL,Stone Valley,40.644778,-77.924646,264.687134,0,0,0
6/8/2025,2,Control,31-May-25,9:00 AM,2025GDL,Stone Valley,40.644778,-77.924646,264.687134,0,0,0
6/8/2025,2,Control,31-May-25,9:00 AM,2025GDL,Stone Valley,40.644778,-77.924646,264.687134,0,0,0
6/8/2025,2,Control,31-May-25,10:00 AM,2025GDL,Stone Valley,40.644778,-77.924646,264.687134,0,0,2
6/9/2025,2,Control,31-May-25,9:25 AM,2025GDL,Stone Valley,40.644778,-77.924646,264.687134,1,0,1
6/9/2025,2,Control,31-May-25,9:40 AM,2025GDL,Stone Valley,40.644778,-77.924646,264.687134,0,0,0
6/9/2025,2,Control,31-May-25,1:39 PM,2025GDL,Stone Valley,40.644778,-77.924646,264.687134,0,0,0
6/9/2025,2,Control,31-May-25,9:15 AM,2025GDL,Stone Valley,40.644778,-77.924646,264.687134,0,0,1
6/9/2025,2,Control,31-May-25,9:00 AM,2025GDL,Stone Valley,40.644778,-77.924646,264.687134,0,0,0
6/9/2025,2,Control,31-May-25,9:00 AM,2025GDL,Stone Valley,40.644778,-77.924646,264.687134,0,0,0
6/9/2025,2,Control,31-May-25,9:00 AM,2025GDL,Stone Valley,40.644778,-77.924646,264.687134,0,0,0
6/9/2025,2,Control,31-May-25,10:00 AM,2025GDL,Stone Valley,40.644778,-77.924646,264.687134,0,0,2
6/10/2025,2,Control,31-May-25,9:25 AM,2025GDL,Stone Valley,40.644778,-77.924646,264.687134,1,0,1
6/10/2025,2,Control,31-May-25,9:40 AM,2025GDL,Stone Valley,40.644778,-77.924646,264.687134,0,0,0
6/10/2025,2,Control,31-May-25,1:39 PM,2025GDL,Stone Valley,40.644778,-77.924646,264.687134,0,0,0
6/10/2025,2,Control,31-May-25,9:15 AM,2025GDL,Stone Valley,40.644778,-77.924646,264.687134,0,0,1
6/10/2025,2,Control,31-May-25,9:00 AM,2025GDL,Stone Valley,40.644778,-77.924646,264.687134,0,0,0
6/10/2025,2,Control,31-May-25,9:00 AM,2025GDL,Stone Valley,40.644778,-77.924646,264.687134,0,0,0
6/10/2025,2,Control,31-May-25,9:00 AM,2025GDL,Stone Valley,40.644778,-77.924646,264.687134,0,0,0
6/10/2025,2,Control,31-May-25,10:00 AM,2025GDL,Stone Valley,40.644778,-77.924646,264.687134,0,0,2
6/11/2025,2,Control,31-May-25,9:25 AM,2025GDL,Stone Valley,40.644778,-77.924646,264.687134,1,0,1
6/11/2025,2,Control,31-May-25,9:40 AM,2025GDL,Stone Valley,40.644778,-77.924646,264.687134,0,0,0
6/11/2025,2,Control,31-May-25,1:39 PM,2025GDL,Stone Valley,40.644778,-77.924646,264.687134,0,0,0
6/11/2025,2,Control,31-May-25,9:15 AM,2025GDL,Stone Valley,40.644778,-77.924646,264.687134,0,0,1
6/11/2025,2,Control,31-May-25,9:00 AM,2025GDL,Stone Valley,40.644778,-77.924646,264.687134,0,0,0
6/11/2025,2,Control,31-May-25,9:00 AM,2025GDL,Stone Valley,40.644778,-77.924646,264.687134,0,0,0
6/11/2025,2,Control,31-May-25,9:00 AM,2025GDL,Stone Valley,40.644778,-77.924646,264.687134,0,0,0
6/11/2025,2,Control,31-May-25,10:00 AM,2025GDL,Stone Valley,40.644778,-77.924646,264.687134,0,0,2
6/12/2025,2,Control,31-May-25,9:25 AM,2025GDL,Stone Valley,40.644778,-77.924646,264.687134,1,0,1
6/12/2025,2,Control,31-May-25,9:40 AM,2025GDL,Stone Valley,40.644778,-77.924646,264.687134,0,0,0
6/12/2025,2,Control,31-May-25,1:39 PM,2025GDL,Stone Valley,40.644778,-77.924646,264.687134,0,0,0
6/12/2025,2,Control,31-May-25,9:15 AM,2025GDL,Stone Valley,40.644778,-77.924646,264.687134,0,0,1
6/12/2025,2,Control,31-May-25,9:00 AM,2025GDL,Stone Valley,40.644778,-77.924646,264.687134,0,0,0
6/12/2025,2,Control,31-May-25,9:00 AM,2025GDL,Stone Valley,40.644778,-77.924646,264.687134,0,0,0
6/12/2025,2,Control,31-May-25,9:00 AM,2025GDL,Stone Valley,40.644778,-77.924646,264.687134,0,0,0
6/12/2025,2,Control,31-May-25,10:00 AM,2025GDL,Stone Valley,40.644778,-77.924646,264.687134,0,0,2
6/13/2025,2,Control,31-May-25,9:25 AM,2025GDL,Stone Valley,40.644778,-77.924646,264.687134,1,0,1
6/13/2025,2,Control,31-May-25,9:40 AM,2025GDL,Stone Valley,40.644778,-77.924646,264.687134,0,0,0
6/13/2025,2,Control,31-May-25,1:39 PM,2025GDL,Stone Valley,40.644778,-77.924646,264.687134,0,0,0
6/13/2025,2,Control,31-May-25,9:15 AM,2025GDL,Stone Valley,40.644778,-77.924646,264.687134,0,0,1
6/13/2025,2,Control,31-May-25,9:00 AM,2025GDL,Stone Valley,40.644778,-77.924646,264.687134,0,0,0
6/13/2025,2,Control,31-May-25,9:00 AM,2025GDL,Stone Valley,40.644778,-77.924646,264.687134,0,0,0
6/13/2025,2,Control,31-May-25,9:00 AM,2025GDL,Stone Valley,40.644778,-77.924646,264.687134,0,0,0
6/13/2025,2,Control,31-May-25,10:00 AM,2025GDL,Stone Valley,40.644778,-77.924646,264.687134,0,0,2
6/14/2025,2,Control,31-May-25,9:25 AM,2025GDL,Stone Valley,40.644778,-77.924646,264.687134,1,0,1
6/14/2025,2,Control,31-May-25,9:40 AM,2025GDL,Stone Valley,40.644778,-77.924646,264.687134,0,0,0
6/14/2025,2,Control,31-May-25,1:39 PM,2025GDL,Stone Valley,40.644778,-77.924646,264.687134,0,0,0
6/14/2025,2,Control,31-May-25,9:15 AM,2025GDL,Stone Valley,40.644778,-77.924646,264.687134,0,0,1
6/14/2025,2,Control,31-May-25,9:00 AM,2025GDL,Stone Valley,40.644778,-77.924646,264.687134,0,0,0
6/14/2025,2,Control,31-May-25,9:00 AM,2025GDL,Stone Valley,40.644778,-77.924646,264.687134,0,0,0
6/14/2025,2,Control,31-May-25,9:00 AM,2025GDL,Stone Valley,40.644778,-77.924646,264.687134,0,0,0
6/14/2025,2,Control,31-May-25,10:00 AM,2025GDL,Stone Valley,40.644778,-77.924646,264.687134,0,0,2
6/15/2025,2,Control,31-May-25,9:25 AM,2025GDL,Stone Valley,40.644778,-77.924646,264.687134,1,0,1
6/15/2025,2,Control,31-May-25,9:40 AM,2025GDL,Stone Valley,40.644778,-77.924646,264.687134,0,0,0
6/15/2025,2,Control,31-May-25,1:39 PM,2025GDL,Stone Valley,40.644778,-77.924646,264.687134,0,0,0
6/15/2025,2,Control,31-May-25,9:15 AM,2025GDL,Stone Valley,40.644778,-77.924646,264.687134,0,0,1
6/15/2025,2,Control,31-May-25,9:00 AM,2025GDL,Stone Valley,40.644778,-77.924646,264.687134,0,0,0
6/15/2025,2,Control,31-May-25,9:00 AM,2025GDL,Stone Valley,40.644778,-77.924646,264.687134,0,0,0
6/15/2025,2,Control,31-May-25,9:00 AM,2025GDL,Stone Valley,40.644778,-77.924646,264.687134,0,0,0
6/15/2025,2,Control,31-May-25,10:00 AM,2025GDL,Stone Valley,40.644778,-77.924646,264.687134,0,0,2
6/16/2025,2,Control,31-May-25,9:25 AM,2025GDL,Stone Valley,40.644778,-77.924646,264.687134,1,0,1
6/16/2025,2,Control,31-May-25,9:40 AM,2025GDL,Stone Valley,40.644778,-77.924646,264.687134,0,0,0
6/16/2025,2,Control,31-May-25,1:39 PM,2025GDL,Stone Valley,40.644778,-77.924646,264.687134,0,0,0
6/16/2025,2,Control,31-May-25,9:15 AM,2025GDL,Stone Valley,40.644778,-77.924646,264.687134,0,0,1
6/16/2025,2,Control,31-May-25,9:00 AM,2025GDL,Stone Valley,40.644778,-77.924646,264.687134,0,0,0
6/16/2025,2,Control,31-May-25,9:00 AM,2025GDL,Stone Valley,40.644778,-77.924646,264.687134,0,0,0
6/16/2025,2,Control,31-May-25,9:00 AM,2025GDL,Stone Valley,40.644778,-77.924646,264.687134,0,0,0
6/16/2025,2,Control,31-May-25,10:00 AM,2025GDL,Stone Valley,40.644778,-77.924646,264.687134,0,0,2
6/17/2025,2,Control,31-May-25,9:25 AM,2025GDL,Stone Valley,40.644778,-77.924646,264.687134,1,0,1
6/17/2025,2,Control,31-May-25,9:40 AM,2025GDL,Stone Valley,40.644778,-77.924646,264.687134,0,0,0
6/17/2025,2,Control,31-May-25,1:39 PM,2025GDL,Stone Valley,40.644778,-77.924646,264.687134,0,0,0
6/17/2025,2,Control,31-May-25,9:15 AM,2025GDL,Stone Valley,40.644778,-77.924646,264.687134,0,0,1
6/17/2025,2,Control,31-May-25,9:00 AM,2025GDL,Stone Valley,40.644778,-77.924646,264.687134,0,0,0
6/17/2025,2,Control,31-May-25,9:00 AM,2025GDL,Stone Valley,40.644778,-77.924646,264.687134,0,0,0
6/17/2025,2,Control,31-May-25,9:00 AM,2025GDL,Stone Valley,40.644778,-77.924646,264.687134,0,0,0
6/17/2025,2,Control,31-May-25,10:00 AM,2025GDL,Stone Valley,40.644778,-77.924646,264.687134,0,0,2
6/18/2025,2,Control,31-May-25,9:25 AM,2025GDL,Stone Valley,40.644778,-77.924646,264.687134,1,0,1
6/18/2025,2,Control,31-May-25,9:40 AM,2025GDL,Stone Valley,40.644778,-77.924646,264.687134,0,0,0
6/18/2025,2,Control,31-May-25,1:39 PM,2025GDL,Stone Valley,40.644778,-77.924646,264.687134,0,0,0
6/18/2025,2,Control,31-May-25,9:15 AM,2025GDL,Stone Valley,40.644778,-77.924646,264.687134,0,0,1
6/18/2025,2,Control,31-May-25,9:00 AM,2025GDL,Stone Valley,40.644778,-77.924646,264.687134,0,0,0
6/18/2025,2,Control,31-May-25,9:00 AM,2025GDL,Stone Valley,40.644778,-77.924646,264.687134,0,0,0
6/18/2025,2,Control,31-May-25,9:00 AM,2025GDL,Stone Valley,40.644778,-77.924646,264.687134,0,0,0
6/18/2025,2,Control,31-May-25,10:00 AM,2025GDL,Stone Valley,40.644778,-77.924646,264.687134,0,0,2
6/19/2025,2,Control,31-May-25,9:25 AM,2025GDL,Stone Valley,40.644778,-77.924646,264.687134,1,0,1
6/19/2025,2,Control,31-May-25,9:40 AM,2025GDL,Stone Valley,40.644778,-77.924646,264.687134,0,0,0
6/19/2025,2,Control,31-May-25,1:39 PM,2025GDL,Stone Valley,40.644778,-77.924646,264.687134,0,0,0
6/19/2025,2,Control,31-May-25,9:15 AM,2025GDL,Stone Valley,40.644778,-77.924646,264.687134,0,0,1
6/19/2025,2,Control,31-May-25,9:00 AM,2025GDL,Stone Valley,40.644778,-77.924646,264.687134,0,0,0
6/19/2025,2,Control,31-May-25,9:00 AM,2025GDL,Stone Valley,40.644778,-77.924646,264.687134,0,0,0
6/19/2025,2,Control,31-May-25,9:00 AM,2025GDL,Stone Valley,40.644778,-77.924646,264.687134,0,0,0
6/19/2025,2,Control,31-May-25,10:00 AM,2025GDL,Stone Valley,40.644778,-77.924646,264.687134,0,0,2
6/20/2025,2,Control,31-May-25,9:25 AM,2025GDL,Stone Valley,40.644778,-77.924646,264.687134,1,0,1
6/20/2025,2,Control,31-May-25,9:40 AM,2025GDL,Stone Valley,40.644778,-77.924646,264.687134,0,0,0
6/20/2025,2,Control,31-May-25,1:39 PM,2025GDL,Stone Valley,40.644778,-77.924646,264.687134,0,0,0
6/20/2025,2,Control,31-May-25,9:15 AM,2025GDL,Stone Valley,40.644778,-77.924646,264.687134,0,0,1
6/20/2025,2,Control,31-May-25,9:00 AM,2025GDL,Stone Valley,40.644778,-77.924646,264.687134,0,0,0
6/20/2025,2,Control,31-May-25,9:00 AM,2025GDL,Stone Valley,40.644778,-77.924646,264.687134,0,0,0
6/20/2025,2,Control,31-May-25,9:00 AM,2025GDL,Stone Valley,40.644778,-77.924646,264.687134,0,0,0
6/20/2025,2,Control,31-May-25,10:00 AM,2025GDL,Stone Valley,40.644778,-77.924646,264.687134,0,0,2
6/21/2025,2,Control,31-May-25,9:25 AM,2025GDL,Stone Valley,40.644778,-77.924646,264.687134,1,0,1
6/21/2025,2,Control,31-May-25,9:40 AM,2025GDL,Stone Valley,40.644778,-77.924646,264.687134,0,0,0
6/21/2025,2,Control,31-May-25,1:39 PM,2025GDL,Stone Valley,40.644778,-77.924646,264.687134,0,0,0
6/21/2025,2,Control,31-May-25,9:15 AM,2025GDL,Stone Valley,40.644778,-77.924646,264.687134,0,0,1
6/21/2025,2,Control,31-May-25,9:00 AM,2025GDL,Stone Valley,40.644778,-77.924646,264.687134,0,0,0
6/21/2025,2,Control,31-May-25,9:00 AM,2025GDL,Stone Valley,40.644778,-77.924646,264.687134,0,0,0
6/21/2025,2,Control,31-May-25,9:00 AM,2025GDL,Stone Valley,40.644778,-77.924646,264.687134,0,0,0
6/21/2025,2,Control,31-May-25,10:00 AM,2025GDL,Stone Valley,40.644778,-77.924646,264.687134,0,0,2
6/22/2025,2,Control,31-May-25,9:25 AM,2025GDL,Stone Valley,40.644778,-77.924646,264.687134,1,0,1
6/22/2025,2,Control,31-May-25,9:40 AM,2025GDL,Stone Valley,40.644778,-77.924646,264.687134,0,0,0
6/22/2025,2,Control,31-May-25,1:39 PM,2025GDL,Stone Valley,40.644778,-77.924646,264.687134,0,0,0
6/22/2025,2,Control,31-May-25,9:15 AM,2025GDL,Stone Valley,40.644778,-77.924646,264.687134,0,0,1
6/22/2025,2,Control,31-May-25,9:00 AM,2025GDL,Stone Valley,40.644778,-77.924646,264.687134,0,0,0
6/22/2025,2,Control,31-May-25,9:00 AM,2025GDL,Stone Valley,40.644778,-77.924646,264.687134,0,0,0
6/22/2025,2,Control,31-May-25,9:00 AM,2025GDL,Stone Valley,40.644778,-77.924646,264.687134,0,0,0
6/22/2025,2,Control,31-May-25,10:00 AM,2025GDL,Stone Valley,40.644778,-77.924646,264.687134,0,0,2
6/23/2025,2,Control,31-May-25,9:25 AM,2025GDL,Stone Valley,40.644778,-77.924646,264.687134,1,0,1
6/23/2025,2,Control,31-May-25,9:40 AM,2025GDL,Stone Valley,40.644778,-77.924646,264.687134,0,0,0
6/23/2025,2,Control,31-May-25,1:39 PM,2025GDL,Stone Valley,40.644778,-77.924646,264.687134,0,0,0
6/23/2025,2,Control,31-May-25,9:15 AM,2025GDL,Stone Valley,40.644778,-77.924646,264.687134,0,0,1
6/23/2025,2,Control,31-May-25,9:00 AM,2025GDL,Stone Valley,40.644778,-77.924646,264.687134,0,0,0
6/23/2025,2,Control,31-May-25,9:00 AM,2025GDL,Stone Valley,40.644778,-77.924646,264.687134,0,0,0
6/23/2025,2,Control,31-May-25,9:00 AM,2025GDL,Stone Valley,40.644778,-77.924646,264.687134,0,0,0
6/23/2025,2,Control,31-May-25,10:00 AM,2025GDL,Stone Valley,40.644778,-77.924646,264.687134,0,0,2
6/24/2025,2,Control,31-May-25,9:25 AM,2025GDL,Stone Valley,40.644778,-77.924646,264.687134,1,0,1
6/24/2025,2,Control,31-May-25,9:40 AM,2025GDL,Stone Valley,40.644778,-77.924646,264.687134,0,0,0
6/24/2025,2,Control,31-May-25,1:39 PM,2025GDL,Stone Valley,40.644778,-77.924646,264.687134,0,0,0
6/24/2025,2,Control,31-May-25,9:15 AM,2025GDL,Stone Valley,40.644778,-77.924646,264.687134,0,0,1
6/24/2025,2,Control,31-May-25,9:00 AM,2025GDL,Stone Valley,40.644778,-77.924646,264.687134,0,0,0
6/24/2025,2,Control,31-May-25,9:00 AM,2025GDL,Stone Valley,40.644778,-77.924646,264.687134,0,0,0
6/24/2025,2,Control,31-May-25,9:00 AM,2025GDL,Stone Valley,40.644778,-77.924646,264.687134,0,0,0
6/24/2025,2,Control,31-May-25,10:00 AM,2025GDL,Stone Valley,40.644778,-77.924646,264.687134,0,0,2
6/25/2025,2,Control,31-May-25,9:25 AM,2025GDL,Stone Valley,40.644778,-77.924646,264.687134,1,0,1
6/25/2025,2,Control,31-May-25,9:40 AM,2025GDL,Stone Valley,40.644778,-77.924646,264.687134,0,0,0
6/25/2025,2,Control,31-May-25,1:39 PM,2025GDL,Stone Valley,40.644778,-77.924646,264.687134,0,0,0
6/25/2025,2,Control,31-May-25,9:15 AM,2025GDL,Stone Valley,40.644778,-77.924646,264.687134,0,0,1
6/25/2025,2,Control,31-May-25,9:00 AM,2025GDL,Stone Valley,40.644778,-77.924646,264.687134,0,0,0
6/25/2025,2,Control,31-May-25,9:00 AM,2025GDL,Stone Valley,40.644778,-77.924646,264.687134,0,0,0
6/25/2025,2,Control,31-May-25,9:00 AM,2025GDL,Stone Valley,40.644778,-77.924646,264.687134,0,0,0
6/25/2025,2,Control,31-May-25,10:00 AM,2025GDL,Stone Valley,40.644778,-77.924646,264.687134,0,0,2
6/26/2025,2,Control,31-May-25,9:25 AM,2025GDL,Stone Valley,40.644778,-77.924646,264.687134,1,0,1
6/26/2025,2,Control,31-May-25,9:40 AM,2025GDL,Stone Valley,40.644778,-77.924646,264.687134,0,0,0
6/26/2025,2,Control,31-May-25,1:39 PM,2025GDL,Stone Valley,40.644778,-77.924646,264.687134,0,0,0
6/26/2025,2,Control,31-May-25,9:15 AM,2025GDL,Stone Valley,40.644778,-77.924646,264.687134,0,0,1
6/26/2025,2,Control,31-May-25,9:00 AM,2025GDL,Stone Valley,40.644778,-77.924646,264.687134,0,0,0
6/26/2025,2,Control,31-May-25,9:00 AM,2025GDL,Stone Valley,40.644778,-77.924646,264.687134,0,0,0
6/26/2025,2,Control,31-May-25,9:00 AM,2025GDL,Stone Valley,40.644778,-77.924646,264.687134,0,0,0
6/26/2025,2,Control,31-May-25,10:00 AM,2025GDL,Stone Valley,40.644778,-77.924646,264.687134,0,0,2
6/27/2025,2,Control,31-May-25,9:25 AM,2025GDL,Stone Valley,40.644778,-77.924646,264.687134,1,0,1
6/27/2025,2,Control,31-May-25,9:40 AM,2025GDL,Stone Valley,40.644778,-77.924646,264.687134,0,0,0
6/27/2025,2,Control,31-May-25,1:39 PM,2025GDL,Stone Valley,40.644778,-77.924646,264.687134,0,0,0
6/27/2025,2,Control,31-May-25,9:15 AM,2025GDL,Stone Valley,40.644778,-77.924646,264.687134,0,0,1
6/27/2025,2,Control,31-May-25,9:00 AM,2025GDL,Stone Valley,40.644778,-77.924646,264.687134,0,0,0
6/27/2025,2,Control,31-May-25,9:00 AM,2025GDL,Stone Valley,40.644778,-77.924646,264.687134,0,0,0
6/27/2025,2,Control,31-May-25,9:00 AM,2025GDL,Stone Valley,40.644778,-77.924646,264.687134,0,0,0
6/27/2025,2,Control,31-May-25,10:00 AM,2025GDL,Stone Valley,40.644778,-77.924646,264.687134,0,0,2
6/28/2025,2,Control,31-May-25,9:25 AM,2025GDL,Stone Valley,40.644778,-77.924646,264.687134,1,0,1
6/28/2025,2,Control,31-May-25,9:40 AM,2025GDL,Stone Valley,40.644778,-77.924646,264.687134,0,0,0
6/28/2025,2,Control,31-May-25,1:39 PM,2025GDL,Stone Valley,40.644778,-77.924646,264.687134,0,0,0
6/28/2025,2,Control,31-May-25,9:15 AM,2025GDL,Stone Valley,40.644778,-77.924646,264.687134,0,0,1
6/28/2025,2,Control,31-May-25,9:00 AM,2025GDL,Stone Valley,40.644778,-77.924646,264.687134,0,0,0
6/28/2025,2,Control,31-May-25,9:00 AM,2025GDL,Stone Valley,40.644778,-77.924646,264.687134,0,0,0
6/28/2025,2,Control,31-May-25,9:00 AM,2025GDL,Stone Valley,40.644778,-77.924646,264.687134,0,0,0
6/28/2025,2,Control,31-May-25,10:00 AM,2025GDL,Stone Valley,40.644778,-77.924646,264.687134,0,0,2
6/29/2025,2,Control,31-May-25,9:25 AM,2025GDL,Stone Valley,40.644778,-77.924646,264.687134,1,0,1
6/29/2025,2,Control,31-May-25,9:40 AM,2025GDL,Stone Valley,40.644778,-77.924646,264.687134,0,0,0
6/29/2025,2,Control,31-May-25,1:39 PM,2025GDL,Stone Valley,40.644778,-77.924646,264.687134,0,0,0
6/29/2025,2,Control,31-May-25,9:15 AM,2025GDL,Stone Valley,40.644778,-77.924646,264.687134,0,0,1
6/29/2025,2,Control,31-May-25,9:00 AM,2025GDL,Stone Valley,40.644778,-77.924646,264.687134,0,0,0
6/29/2025,2,Control,31-May-25,9:00 AM,2025GDL,Stone Valley,40.644778,-77.924646,264.687134,0,0,0
6/29/2025,2,Control,31-May-25,9:00 AM,2025GDL,Stone Valley,40.644778,-77.924646,264.687134,0,0,0
6/29/2025,2,Control,31-May-25,10:00 AM,2025GDL,Stone Valley,40.644778,-77.924646,264.687134,0,0,2
6/30/2025,2,Control,31-May-25,9:25 AM,2025GDL,Stone Valley,40.644778,-77.924646,264.687134,1,0,1
6/30/2025,2,Control,31-May-25,9:40 AM,2025GDL,Stone Valley,40.644778,-77.924646,264.687134,0,0,0
6/30/2025,2,Control,31-May-25,1:39 PM,2025GDL,Stone Valley,40.644778,-77.924646,264.687134,0,0,0
6/30/2025,2,Control,31-May-25,9:15 AM,2025GDL,Stone Valley,40.644778,-77.924646,264.687134,0,0,1
6/30/2025,2,Control,31-May-25,9:00 AM,2025GDL,Stone Valley,40.644778,-77.924646,264.687134,0,0,0
6/30/2025,2,Control,31-May-25,9:00 AM,2025GDL,Stone Valley,40.644778,-77.924646,264.687134,0,0,0
6/30/2025,2,Control,31-May-25,9:00 AM,2025GDL,Stone Valley,40.644778,-77.924646,264.687134,0,0,0
6/30/2025,2,Control,31-May-25,10:00 AM,2025GDL,Stone Valley,40.644778,-77.924646,264.687134,0,0,2
7/1/2025,2,Control,31-May-25,9:25 AM,2025GDL,Stone Valley,40.644778,-77.924646,264.687134,1,0,1
7/1/2025,2,Control,31-May-25,9:40 AM,2025GDL,Stone Valley,40.644778,-77.924646,264.687134,0,0,0
7/1/2025,2,Control,31-May-25,1:39 PM,2025GDL,Stone Valley,40.644778,-77.924646,264.687134,0,0,0
7/1/2025,2,Control,31-May-25,9:15 AM,2025GDL,Stone Valley,40.644778,-77.924646,264.687134,0,0,1
7/1/2025,2,Control,31-May-25,9:00 AM,2025GDL,Stone Valley,40.644778,-77.924646,264.687134,0,0,0
7/1/2025,2,Control,31-May-25,9:00 AM,2025GDL,Stone Valley,40.644778,-77.924646,264.687134,0,0,0
7/1/2025,2,Control,31-May-25,9:00 AM,2025GDL,Stone Valley,40.644778,-77.924646,264.687134,0,0,0
7/1/2025,2,Control,31-May-25,10:00 AM,2025GDL,Stone Valley,40.644778,-77.924646,264.687134,0,0,2
7/2/2025,2,Control,31-May-25,9:25 AM,2025GDL,Stone Valley,40.644778,-77.924646,264.687134,1,0,1
7/2/2025,2,Control,31-May-25,9:40 AM,2025GDL,Stone Valley,40.644778,-77.924646,264.687134,0,0,0
7/2/2025,2,Control,31-May-25,1:39 PM,2025GDL,Stone Valley,40.644778,-77.924646,264.687134,0,0,0
7/2/2025,2,Control,31-May-25,9:15 AM,2025GDL,Stone Valley,40.644778,-77.924646,264.687134,0,0,1
7/2/2025,2,Control,31-May-25,9:00 AM,2025GDL,Stone Valley,40.644778,-77.924646,264.687134,0,0,0
7/2/2025,2,Control,31-May-25,9:00 AM,2025GDL,Stone Valley,40.644778,-77.924646,264.687134,0,0,0
7/2/2025,2,Control,31-May-25,9:00 AM,2025GDL,Stone Valley,40.644778,-77.924646,264.687134,0,0,0
7/2/2025,2,Control,31-May-25,10:00 AM,2025GDL,Stone Valley,40.644778,-77.924646,264.687134,0,0,2
7/3/2025,2,Control,31-May-25,9:25 AM,2025GDL,Stone Valley,40.644778,-77.924646,264.687134,1,0,1
7/3/2025,2,Control,31-May-25,9:40 AM,2025GDL,Stone Valley,40.644778,-77.924646,264.687134,0,0,0
7/3/2025,2,Control,31-May-25,1:39 PM,2025GDL,Stone Valley,40.644778,-77.924646,264.687134,0,0,0
7/3/2025,2,Control,31-May-25,9:15 AM,2025GDL,Stone Valley,40.644778,-77.924646,264.687134,0,0,1
7/3/2025,2,Control,31-May-25,9:00 AM,2025GDL,Stone Valley,40.644778,-77.924646,264.687134,0,0,0
7/3/2025,2,Control,31-May-25,9:00 AM,2025GDL,Stone Valley,40.644778,-77.924646,264.687134,0,0,0
7/3/2025,2,Control,31-May-25,9:00 AM,2025GDL,Stone Valley,40.644778,-77.924646,264.687134,0,0,0
7/3/2025,2,Control,31-May-25,10:00 AM,2025GDL,Stone Valley,40.644778,-77.924646,264.687134,0,0,2
7/4/2025,2,Control,31-May-25,9:25 AM,2025GDL,Stone Valley,40.644778,-77.924646,264.687134,1,0,1
7/4/2025,2,Control,31-May-25,9:40 AM,2025GDL,Stone Valley,40.644778,-77.924646,264.687134,0,0,0
7/4/2025,2,Control,31-May-25,1:39 PM,2025GDL,Stone Valley,40.644778,-77.924646,264.687134,0,0,0
7/4/2025,2,Control,31-May-25,9:15 AM,2025GDL,Stone Valley,40.644778,-77.924646,264.687134,0,0,1
7/4/2025,2,Control,31-May-25,9:00 AM,2025GDL,Stone Valley,40.644778,-77.924646,264.687134,0,0,0
7/4/2025,2,Control,31-May-25,9:00 AM,2025GDL,Stone Valley,40.644778,-77.924646,264.687134,0,0,0
7/4/2025,2,Control,31-May-25,9:00 AM,2025GDL,Stone Valley,40.644778,-77.924646,264.687134,0,0,0
7/4/2025,2,Control,31-May-25,10:00 AM,2025GDL,Stone Valley,40.644778,-77.924646,264.687134,0,0,2
7/5/2025,2,Control,31-May-25,9:25 AM,2025GDL,Stone Valley,40.644778,-77.924646,264.687134,1,0,1
7/5/2025,2,Control,31-May-25,9:40 AM,2025GDL,Stone Valley,40.644778,-77.924646,264.687134,0,0,0
7/5/2025,2,Control,31-May-25,1:39 PM,2025GDL,Stone Valley,40.644778,-77.924646,264.687134,0,0,0
7/5/2025,2,Control,31-May-25,9:15 AM,2025GDL,Stone Valley,40.644778,-77.924646,264.687134,0,0,1
7/5/2025,2,Control,31-May-25,9:00 AM,2025GDL,Stone Valley,40.644778,-77.924646,264.687134,0,0,0
7/5/2025,2,Control,31-May-25,9:00 AM,2025GDL,Stone Valley,40.644778,-77.924646,264.687134,0,0,0
7/5/2025,2,Control,31-May-25,9:00 AM,2025GDL,Stone Valley,40.644778,-77.924646,264.687134,0,0,0
7/5/2025,2,Control,31-May-25,10:00 AM,2025GDL,Stone Valley,40.644778,-77.924646,264.687134,0,0,2
7/6/2025,2,Control,31-May-25,9:25 AM,2025GDL,Stone Valley,40.644778,-77.924646,264.687134,1,0,1
7/6/2025,2,Control,31-May-25,9:40 AM,2025GDL,Stone Valley,40.644778,-77.924646,264.687134,0,0,0
7/6/2025,2,Control,31-May-25,1:39 PM,2025GDL,Stone Valley,40.644778,-77.924646,264.687134,0,0,0
7/6/2025,2,Control,31-May-25,9:15 AM,2025GDL,Stone Valley,40.644778,-77.924646,264.687134,0,0,1
7/6/2025,2,Control,31-May-25,9:00 AM,2025GDL,Stone Valley,40.644778,-77.924646,264.687134,0,0,0
7/6/2025,2,Control,31-May-25,9:00 AM,2025GDL,Stone Valley,40.644778,-77.924646,264.687134,0,0,0
7/6/2025,2,Control,31-May-25,9:00 AM,2025GDL,Stone Valley,40.644778,-77.924646,264.687134,0,0,0
7/6/2025,2,Control,31-May-25,10:00 AM,2025GDL,Stone Valley,40.644778,-77.924646,264.687134,0,0,2
7/7/2025,2,Control,31-May-25,9:25 AM,2025GDL,Stone Valley,40.644778,-77.924646,264.687134,1,0,1
7/7/2025,2,Control,31-May-25,9:40 AM,2025GDL,Stone Valley,40.644778,-77.924646,264.687134,0,0,0
7/7/2025,2,Control,31-May-25,1:39 PM,2025GDL,Stone Valley,40.644778,-77.924646,264.687134,0,0,0
7/7/2025,2,Control,31-May-25,9:15 AM,2025GDL,Stone Valley,40.644778,-77.924646,264.687134,0,0,1
7/7/2025,2,Control,31-May-25,9:00 AM,2025GDL,Stone Valley,40.644778,-77.924646,264.687134,0,0,0
7/7/2025,2,Control,31-May-25,9:00 AM,2025GDL,Stone Valley,40.644778,-77.924646,264.687134,0,0,0
7/7/2025,2,Control,31-May-25,9:00 AM,2025GDL,Stone Valley,40.644778,-77.924646,264.687134,0,0,0
7/7/2025,2,Control,31-May-25,10:00 AM,2025GDL,Stone Valley,40.644778,-77.924646,264.687134,0,0,2
7/8/2025,2,Control,31-May-25,9:25 AM,2025GDL,Stone Valley,40.644778,-77.924646,264.687134,1,0,1
7/8/2025,2,Control,31-May-25,9:40 AM,2025GDL,Stone Valley,40.644778,-77.924646,264.687134,0,0,0
7/8/2025,2,Control,31-May-25,1:39 PM,2025GDL,Stone Valley,40.644778,-77.924646,264.687134,0,0,0
7/8/2025,2,Control,31-May-25,9:15 AM,2025GDL,Stone Valley,40.644778,-77.924646,264.687134,0,0,1
7/8/2025,2,Control,31-May-25,9:00 AM,2025GDL,Stone Valley,40.644778,-77.924646,264.687134,0,0,0
7/8/2025,2,Control,31-May-25,9:00 AM,2025GDL,Stone Valley,40.644778,-77.924646,264.687134,0,0,0
7/8/2025,2,Control,31-May-25,9:00 AM,2025GDL,Stone Valley,40.644778,-77.924646,264.687134,0,0,0
7/8/2025,2,Control,31-May-25,10:00 AM,2025GDL,Stone Valley,40.644778,-77.924646,264.687134,0,0,2
7/9/2025,2,Control,31-May-25,9:25 AM,2025GDL,Stone Valley,40.644778,-77.924646,264.687134,1,0,1
7/9/2025,2,Control,31-May-25,9:40 AM,2025GDL,Stone Valley,40.644778,-77.924646,264.687134,0,0,0
7/9/2025,2,Control,31-May-25,1:39 PM,2025GDL,Stone Valley,40.644778,-77.924646,264.687134,0,0,0
7/9/2025,2,Control,31-May-25,9:15 AM,2025GDL,Stone Valley,40.644778,-77.924646,264.687134,0,0,1
7/9/2025,2,Control,31-May-25,9:00 AM,2025GDL,Stone Valley,40.644778,-77.924646,264.687134,0,0,0
7/9/2025,2,Control,31-May-25,9:00 AM,2025GDL,Stone Valley,40.644778,-77.924646,264.687134,0,0,0
7/9/2025,2,Control,31-May-25,9:00 AM,2025GDL,Stone Valley,40.644778,-77.924646,264.687134,0,0,0
7/9/2025,2,Control,31-May-25,10:00 AM,2025GDL,Stone Valley,40.644778,-77.924646,264.687134,0,0,2
7/10/2025,2,Control,31-May-25,9:25 AM,2025GDL,Stone Valley,40.644778,-77.924646,264.687134,1,0,1
7/10/2025,2,Control,31-May-25,9:40 AM,2025GDL,Stone Valley,40.644778,-77.924646,264.687134,0,0,0
7/10/2025,2,Control,31-May-25,1:39 PM,2025GDL,Stone Valley,40.644778,-77.924646,264.687134,0,0,0
7/10/2025,2,Control,31-May-25,9:15 AM,2025GDL,Stone Valley,40.644778,-77.924646,264.687134,0,0,1
7/10/2025,2,Control,31-May-25,9:00 AM,2025GDL,Stone Valley,40.644778,-77.924646,264.687134,0,0,0
7/10/2025,2,Control,31-May-25,9:00 AM,2025GDL,Stone Valley,40.644778,-77.924646,264.687134,0,0,0
7/10/2025,2,Control,31-May-25,9:00 AM,2025GDL,Stone Valley,40.644778,-77.924646,264.687134,0,0,0
7/10/2025,2,Control,31-May-25,10:00 AM,2025GDL,Stone Valley,40.644778,-77.924646,264.687134,0,0,2
7/11/2025,2,Control,31-May-25,9:25 AM,2025GDL,Stone Valley,40.644778,-77.924646,264.687134,1,0,1
7/11/2025,2,Control,31-May-25,9:40 AM,2025GDL,Stone Valley,40.644778,-77.924646,264.687134,0,0,0
7/11/2025,2,Control,31-May-25,1:39 PM,2025GDL,Stone Valley,40.644778,-77.924646,264.687134,0,0,0
7/11/2025,2,Control,31-May-25,9:15 AM,2025GDL,Stone Valley,40.644778,-77.924646,264.687134,0,0,1
7/11/2025,2,Control,31-May-25,9:00 AM,2025GDL,Stone Valley,40.644778,-77.924646,264.687134,0,0,0
7/11/2025,2,Control,31-May-25,9:00 AM,2025GDL,Stone Valley,40.644778,-77.924646,264.687134,0,0,0
7/11/2025,2,Control,31-May-25,9:00 AM,2025GDL,Stone Valley,40.644778,-77.924646,264.687134,0,0,0
7/11/2025,2,Control,31-May-25,10:00 AM,2025GDL,Stone Valley,40.644778,-77.924646,264.687134,0,0,2
7/12/2025,2,Control,31-May-25,9:25 AM,2025GDL,Stone Valley,40.644778,-77.924646,264.687134,1,0,1
7/12/2025,2,Control,31-May-25,9:40 AM,2025GDL,Stone Valley,40.644778,-77.924646,264.687134,0,0,0
7/12/2025,2,Control,31-May-25,1:39 PM,2025GDL,Stone Valley,40.644778,-77.924646,264.687134,0,0,0
7/12/2025,2,Control,31-May-25,9:15 AM,2025GDL,Stone Valley,40.644778,-77.924646,264.687134,0,0,1
7/12/2025,2,Control,31-May-25,9:00 AM,2025GDL,Stone Valley,40.644778,-77.924646,264.687134,0,0,0
7/12/2025,2,Control,31-May-25,9:00 AM,2025GDL,Stone Valley,40.644778,-77.924646,264.687134,0,0,0
7/12/2025,2,Control,31-May-25,9:00 AM,2025GDL,Stone Valley,40.644778,-77.924646,264.687134,0,0,0
7/12/2025,2,Control,31-May-25,10:00 AM,2025GDL,Stone Valley,40.644778,-77.924646,264.687134,0,0,2
7/13/2025,2,Control,31-May-25,9:25 AM,2025GDL,Stone Valley,40.644778,-77.924646,264.687134,1,0,1
7/13/2025,2,Control,31-May-25,9:40 AM,2025GDL,Stone Valley,40.644778,-77.924646,264.687134,0,0,0
7/13/2025,2,Control,31-May-25,1:39 PM,2025GDL,Stone Valley,40.644778,-77.924646,264.687134,0,0,0
7/13/2025,2,Control,31-May-25,9:15 AM,2025GDL,Stone Valley,40.644778,-77.924646,264.687134,0,0,1
7/13/2025,2,Control,31-May-25,9:00 AM,2025GDL,Stone Valley,40.644778,-77.924646,264.687134,0,0,0
7/13/2025,2,Control,31-May-25,9:00 AM,2025GDL,Stone Valley,40.644778,-77.924646,264.687134,0,0,0
7/13/2025,2,Control,31-May-25,9:00 AM,2025GDL,Stone Valley,40.644778,-77.924646,264.687134,0,0,0
7/13/2025,2,Control,31-May-25,10:00 AM,2025GDL,Stone Valley,40.644778,-77.924646,264.687134,0,0,2
7/14/2025,2,Control,31-May-25,9:25 AM,2025GDL,Stone Valley,40.644778,-77.924646,264.687134,1,0,1
7/14/2025,2,Control,31-May-25,9:40 AM,2025GDL,Stone Valley,40.644778,-77.924646,264.687134,0,0,0
7/14/2025,2,Control,31-May-25,1:39 PM,2025GDL,Stone Valley,40.644778,-77.924646,264.687134,0,0,0
7/14/2025,2,Control,31-May-25,9:15 AM,2025GDL,Stone Valley,40.644778,-77.924646,264.687134,0,0,1
7/14/2025,2,Control,31-May-25,9:00 AM,2025GDL,Stone Valley,40.644778,-77.924646,264.687134,0,0,0
7/14/2025,2,Control,31-May-25,9:00 AM,2025GDL,Stone Valley,40.644778,-77.924646,264.687134,0,0,0
7/14/2025,2,Control,31-May-25,9:00 AM,2025GDL,Stone Valley,40.644778,-77.924646,264.687134,0,0,0
7/14/2025,2,Control,31-May-25,10:00 AM,2025GDL,Stone Valley,40.644778,-77.924646,264.687134,0,0,2
7/15/2025,2,Control,31-May-25,9:25 AM,2025GDL,Stone Valley,40.644778,-77.924646,264.687134,1,0,1
7/15/2025,2,Control,31-May-25,9:40 AM,2025GDL,Stone Valley,40.644778,-77.924646,264.687134,0,0,0
7/15/2025,2,Control,31-May-25,1:39 PM,2025GDL,Stone Valley,40.644778,-77.924646,264.687134,0,0,0
7/15/2025,2,Control,31-May-25,9:15 AM,2025GDL,Stone Valley,40.644778,-77.924646,264.687134,0,0,1
7/15/2025,2,Control,31-May-25,9:00 AM,2025GDL,Stone Valley,40.644778,-77.924646,264.687134,0,0,0
7/15/2025,2,Control,31-May-25,9:00 AM,2025GDL,Stone Valley,40.644778,-77.924646,264.687134,0,0,0
7/15/2025,2,Control,31-May-25,9:00 AM,2025GDL,Stone Valley,40.644778,-77.924646,264.687134,0,0,0
7/15/2025,2,Control,31-May-25,10:00 AM,2025GDL,Stone Valley,40.644778,-77.924646,264.687134,0,0,2
7/16/2025,2,Control,31-May-25,9:25 AM,2025GDL,Stone Valley,40.644778,-77.924646,264.687134,1,0,1
7/16/2025,2,Control,31-May-25,9:40 AM,2025GDL,Stone Valley,40.644778,-77.924646,264.687134,0,0,0
7/16/2025,2,Control,31-May-25,1:39 PM,2025GDL,Stone Valley,40.644778,-77.924646,264.687134,0,0,0
7/16/2025,2,Control,31-May-25,9:15 AM,2025GDL,Stone Valley,40.644778,-77.924646,264.687134,0,0,1
7/16/2025,2,Control,31-May-25,9:00 AM,2025GDL,Stone Valley,40.644778,-77.924646,264.687134,0,0,0
7/16/2025,2,Control,31-May-25,9:00 AM,2025GDL,Stone Valley,40.644778,-77.924646,264.687134,0,0,0
7/16/2025,2,Control,31-May-25,9:00 AM,2025GDL,Stone Valley,40.644778,-77.924646,264.687134,0,0,0
7/16/2025,2,Control,31-May-25,10:00 AM,2025GDL,Stone Valley,40.644778,-77.924646,264.687134,0,0,2
7/17/2025,2,Control,31-May-25,9:25 AM,2025GDL,Stone Valley,40.644778,-77.924646,264.687134,1,0,1
7/17/2025,2,Control,31-May-25,9:40 AM,2025GDL,Stone Valley,40.644778,-77.924646,264.687134,0,0,0
7/17/2025,2,Control,31-May-25,1:39 PM,2025GDL,Stone Valley,40.644778,-77.924646,264.687134,0,0,0
7/17/2025,2,Control,31-May-25,9:15 AM,2025GDL,Stone Valley,40.644778,-77.924646,264.687134,0,0,1
7/17/2025,2,Control,31-May-25,9:00 AM,2025GDL,Stone Valley,40.644778,-77.924646,264.687134,0,0,0
7/17/2025,2,Control,31-May-25,9:00 AM,2025GDL,Stone Valley,40.644778,-77.924646,264.687134,0,0,0
7/17/2025,2,Control,31-May-25,9:00 AM,2025GDL,Stone Valley,40.644778,-77.924646,264.687134,0,0,0
7/17/2025,2,Control,31-May-25,10:00 AM,2025GDL,Stone Valley,40.644778,-77.924646,264.687134,0,0,2
7/18/2025,2,Control,31-May-25,9:25 AM,2025GDL,Stone Valley,40.644778,-77.924646,264.687134,1,0,1
7/18/2025,2,Control,31-May-25,9:40 AM,2025GDL,Stone Valley,40.644778,-77.924646,264.687134,0,0,0
7/18/2025,2,Control,31-May-25,1:39 PM,2025GDL,Stone Valley,40.644778,-77.924646,264.687134,0,0,0
7/18/2025,2,Control,31-May-25,9:15 AM,2025GDL,Stone Valley,40.644778,-77.924646,264.687134,0,0,1
7/18/2025,2,Control,31-May-25,9:00 AM,2025GDL,Stone Valley,40.644778,-77.924646,264.687134,0,0,0
7/18/2025,2,Control,31-May-25,9:00 AM,2025GDL,Stone Valley,40.644778,-77.924646,264.687134,0,0,0
7/18/2025,2,Control,31-May-25,9:00 AM,2025GDL,Stone Valley,40.644778,-77.924646,264.687134,0,0,0
7/18/2025,2,Control,31-May-25,10:00 AM,2025GDL,Stone Valley,40.644778,-77.924646,264.687134,0,0,2
7/19/2025,2,Control,31-May-25,9:25 AM,2025GDL,Stone Valley,40.644778,-77.924646,264.687134,1,0,1
7/19/2025,2,Control,31-May-25,9:40 AM,2025GDL,Stone Valley,40.644778,-77.924646,264.687134,0,0,0
7/19/2025,2,Control,31-May-25,1:39 PM,2025GDL,Stone Valley,40.644778,-77.924646,264.687134,0,0,0
7/19/2025,2,Control,31-May-25,9:15 AM,2025GDL,Stone Valley,40.644778,-77.924646,264.687134,0,0,1
7/19/2025,2,Control,31-May-25,9:00 AM,2025GDL,Stone Valley,40.644778,-77.924646,264.687134,0,0,0
7/19/2025,2,Control,31-May-25,9:00 AM,2025GDL,Stone Valley,40.644778,-77.924646,264.687134,0,0,0
7/19/2025,2,Control,31-May-25,9:00 AM,2025GDL,Stone Valley,40.644778,-77.924646,264.687134,0,0,0
7/19/2025,2,Control,31-May-25,10:00 AM,2025GDL,Stone Valley,40.644778,-77.924646,264.687134,0,0,2
7/20/2025,2,Control,31-May-25,9:25 AM,2025GDL,Stone Valley,40.644778,-77.924646,264.687134,1,0,1
7/20/2025,2,Control,31-May-25,9:40 AM,2025GDL,Stone Valley,40.644778,-77.924646,264.687134,0,0,0
7/20/2025,2,Control,31-May-25,1:39 PM,2025GDL,Stone Valley,40.644778,-77.924646,264.687134,0,0,0
7/20/2025,2,Control,31-May-25,9:15 AM,2025GDL,Stone Valley,40.644778,-77.924646,264.687134,0,0,1
7/20/2025,2,Control,31-May-25,9:00 AM,2025GDL,Stone Valley,40.644778,-77.924646,264.687134,0,0,0
7/20/2025,2,Control,31-May-25,9:00 AM,2025GDL,Stone Valley,40.644778,-77.924646,264.687134,0,0,0
7/20/2025,2,Control,31-May-25,9:00 AM,2025GDL,Stone Valley,40.644778,-77.924646,264.687134,0,0,0
7/20/2025,2,Control,31-May-25,10:00 AM,2025GDL,Stone Valley,40.644778,-77.924646,264.687134,0,0,2
7/21/2025,2,Control,31-May-25,9:25 AM,2025GDL,Stone Valley,40.644778,-77.924646,264.687134,1,0,1
7/21/2025,2,Control,31-May-25,9:40 AM,2025GDL,Stone Valley,40.644778,-77.924646,264.687134,0,0,0
7/21/2025,2,Control,31-May-25,1:39 PM,2025GDL,Stone Valley,40.644778,-77.924646,264.687134,0,0,0
7/21/2025,2,Control,31-May-25,9:15 AM,2025GDL,Stone Valley,40.644778,-77.924646,264.687134,0,0,1
7/21/2025,2,Control,31-May-25,9:00 AM,2025GDL,Stone Valley,40.644778,-77.924646,264.687134,0,0,0
7/21/2025,2,Control,31-May-25,9:00 AM,2025GDL,Stone Valley,40.644778,-77.924646,264.687134,0,0,0
7/21/2025,2,Control,31-May-25,9:00 AM,2025GDL,Stone Valley,40.644778,-77.924646,264.687134,0,0,0
7/21/2025,2,Control,31-May-25,10:00 AM,2025GDL,Stone Valley,40.644778,-77.924646,264.687134,0,0,2
7/22/2025,2,Control,31-May-25,9:25 AM,2025GDL,Stone Valley,40.644778,-77.924646,264.687134,1,0,1
7/22/2025,2,Control,31-May-25,9:40 AM,2025GDL,Stone Valley,40.644778,-77.924646,264.687134,0,0,0
7/22/2025,2,Control,31-May-25,1:39 PM,2025GDL,Stone Valley,40.644778,-77.924646,264.687134,0,0,0
7/22/2025,2,Control,31-May-25,9:15 AM,2025GDL,Stone Valley,40.644778,-77.924646,264.687134,0,0,1
7/22/2025,2,Control,31-May-25,9:00 AM,2025GDL,Stone Valley,40.644778,-77.924646,264.687134,0,0,0
7/22/2025,2,Control,31-May-25,9:00 AM,2025GDL,Stone Valley,40.644778,-77.924646,264.687134,0,0,0
7/22/2025,2,Control,31-May-25,9:00 AM,2025GDL,Stone Valley,40.644778,-77.924646,264.687134,0,0,0
7/22/2025,2,Control,31-May-25,10:00 AM,2025GDL,Stone Valley,40.644778,-77.924646,264.687134,0,0,2
7/23/2025,2,Control,31-May-25,9:25 AM,2025GDL,Stone Valley,40.644778,-77.924646,264.687134,1,0,1
7/23/2025,2,Control,31-May-25,9:40 AM,2025GDL,Stone Valley,40.644778,-77.924646,264.687134,0,0,0
7/23/2025,2,Control,31-May-25,1:39 PM,2025GDL,Stone Valley,40.644778,-77.924646,264.687134,0,0,0
7/23/2025,2,Control,31-May-25,9:15 AM,2025GDL,Stone Valley,40.644778,-77.924646,264.687134,0,0,1
7/23/2025,2,Control,31-May-25,9:00 AM,2025GDL,Stone Valley,40.644778,-77.924646,264.687134,0,0,0
7/23/2025,2,Control,31-May-25,9:00 AM,2025GDL,Stone Valley,40.644778,-77.924646,264.687134,0,0,0
7/23/2025,2,Control,31-May-25,9:00 AM,2025GDL,Stone Valley,40.644778,-77.924646,264.687134,0,0,0
7/23/2025,2,Control,31-May-25,10:00 AM,2025GDL,Stone Valley,40.644778,-77.924646,264.687134,0,0,2
7/24/2025,2,Control,31-May-25,9:25 AM,2025GDL,Stone Valley,40.644778,-77.924646,264.687134,1,0,1
7/24/2025,2,Control,31-May-25,9:40 AM,2025GDL,Stone Valley,40.644778,-77.924646,264.687134,0,0,0
7/24/2025,2,Control,31-May-25,1:39 PM,2025GDL,Stone Valley,40.644778,-77.924646,264.687134,0,0,0
7/24/2025,2,Control,31-May-25,9:15 AM,2025GDL,Stone Valley,40.644778,-77.924646,264.687134,0,0,1
7/24/2025,2,Control,31-May-25,9:00 AM,2025GDL,Stone Valley,40.644778,-77.924646,264.687134,0,0,0
7/24/2025,2,Control,31-May-25,9:00 AM,2025GDL,Stone Valley,40.644778,-77.924646,264.687134,0,0,0
7/24/2025,2,Control,31-May-25,9:00 AM,2025GDL,Stone Valley,40.644778,-77.924646,264.687134,0,0,0
7/24/2025,2,Control,31-May-25,10:00 AM,2025GDL,Stone Valley,40.644778,-77.924646,264.687134,0,0,2
7/25/2025,2,Control,31-May-25,9:25 AM,2025GDL,Stone Valley,40.644778,-77.924646,264.687134,1,0,1
7/25/2025,2,Control,31-May-25,9:40 AM,2025GDL,Stone Valley,40.644778,-77.924646,264.687134,0,0,0
7/25/2025,2,Control,31-May-25,1:39 PM,2025GDL,Stone Valley,40.644778,-77.924646,264.687134,0,0,0
7/25/2025,2,Control,31-May-25,9:15 AM,2025GDL,Stone Valley,40.644778,-77.924646,264.687134,0,0,1
7/25/2025,2,Control,31-May-25,9:00 AM,2025GDL,Stone Valley,40.644778,-77.924646,264.687134,0,0,0
7/25/2025,2,Control,31-May-25,9:00 AM,2025GDL,Stone Valley,40.644778,-77.924646,264.687134,0,0,0
7/25/2025,2,Control,31-May-25,9:00 AM,2025GDL,Stone Valley,40.644778,-77.924646,264.687134,0,0,0
7/25/2025,2,Control,31-May-25,10:00 AM,2025GDL,Stone Valley,40.644778,-77.924646,264.687134,0,0,2
7/26/2025,2,Control,31-May-25,9:25 AM,2025GDL,Stone Valley,40.644778,-77.924646,264.687134,1,0,1
7/26/2025,2,Control,31-May-25,9:40 AM,2025GDL,Stone Valley,40.644778,-77.924646,264.687134,0,0,0
7/26/2025,2,Control,31-May-25,1:39 PM,2025GDL,Stone Valley,40.644778,-77.924646,264.687134,0,0,0
7/26/2025,2,Control,31-May-25,9:15 AM,2025GDL,Stone Valley,40.644778,-77.924646,264.687134,0,0,1
7/26/2025,2,Control,31-May-25,9:00 AM,2025GDL,Stone Valley,40.644778,-77.924646,264.687134,0,0,0
7/26/2025,2,Control,31-May-25,9:00 AM,2025GDL,Stone Valley,40.644778,-77.924646,264.687134,0,0,0
7/26/2025,2,Control,31-May-25,9:00 AM,2025GDL,Stone Valley,40.644778,-77.924646,264.687134,0,0,0
7/26/2025,2,Control,31-May-25,10:00 AM,2025GDL,Stone Valley,40.644778,-77.924646,264.687134,0,0,2
7/27/2025,2,Control,31-May-25,9:25 AM,2025GDL,Stone Valley,40.644778,-77.924646,264.687134,1,0,1
7/27/2025,2,Control,31-May-25,9:40 AM,2025GDL,Stone Valley,40.644778,-77.924646,264.687134,0,0,0
7/27/2025,2,Control,31-May-25,1:39 PM,2025GDL,Stone Valley,40.644778,-77.924646,264.687134,0,0,0
7/27/2025,2,Control,31-May-25,9:15 AM,2025GDL,Stone Valley,40.644778,-77.924646,264.687134,0,0,1
7/27/2025,2,Control,31-May-25,9:00 AM,2025GDL,Stone Valley,40.644778,-77.924646,264.687134,0,0,0
7/27/2025,2,Control,31-May-25,9:00 AM,2025GDL,Stone Valley,40.644778,-77.924646,264.687134,0,0,0
7/27/2025,2,Control,31-May-25,9:00 AM,2025GDL,Stone Valley,40.644778,-77.924646,264.687134,0,0,0
7/27/2025,2,Control,31-May-25,10:00 AM,2025GDL,Stone Valley,40.644778,-77.924646,264.687134,0,0,2
7/28/2025,2,Control,31-May-25,9:25 AM,2025GDL,Stone Valley,40.644778,-77.924646,264.687134,1,0,1
7/28/2025,2,Control,31-May-25,9:40 AM,2025GDL,Stone Valley,40.644778,-77.924646,264.687134,0,0,0
7/28/2025,2,Control,31-May-25,1:39 PM,2025GDL,Stone Valley,40.644778,-77.924646,264.687134,0,0,0
7/28/2025,2,Control,31-May-25,9:15 AM,2025GDL,Stone Valley,40.644778,-77.924646,264.687134,0,0,1
7/28/2025,2,Control,31-May-25,9:00 AM,2025GDL,Stone Valley,40.644778,-77.924646,264.687134,0,0,0
7/28/2025,2,Control,31-May-25,9:00 AM,2025GDL,Stone Valley,40.644778,-77.924646,264.687134,0,0,0
7/28/2025,2,Control,31-May-25,9:00 AM,2025GDL,Stone Valley,40.644778,-77.924646,264.687134,0,0,0
7/28/2025,2,Control,31-May-25,10:00 AM,2025GDL,Stone Valley,40.644778,-77.924646,264.687134,0,0,2
7/29/2025,2,Control,31-May-25,9:25 AM,2025GDL,Stone Valley,40.644778,-77.924646,264.687134,1,0,1
7/29/2025,2,Control,31-May-25,9:40 AM,2025GDL,Stone Valley,40.644778,-77.924646,264.687134,0,0,0
7/29/2025,2,Control,31-May-25,1:39 PM,2025GDL,Stone Valley,40.644778,-77.924646,264.687134,0,0,0
7/29/2025,2,Control,31-May-25,9:15 AM,2025GDL,Stone Valley,40.644778,-77.924646,264.687134,0,0,1
7/29/2025,2,Control,31-May-25,9:00 AM,2025GDL,Stone Valley,40.644778,-77.924646,264.687134,0,0,0
7/29/2025,2,Control,31-May-25,9:00 AM,2025GDL,Stone Valley,40.644778,-77.924646,264.687134,0,0,0
7/29/2025,2,Control,31-May-25,9:00 AM,2025GDL,Stone Valley,40.644778,-77.924646,264.687134,0,0,0
7/29/2025,2,Control,31-May-25,10:00 AM,2025GDL,Stone Valley,40.644778,-77.924646,264.687134,0,0,2
7/30/2025,2,Control,31-May-25,9:25 AM,2025GDL,Stone Valley,40.644778,-77.924646,264.687134,1,0,1
7/30/2025,2,Control,31-May-25,9:40 AM,2025GDL,Stone Valley,40.644778,-77.924646,264.687134,0,0,0
7/30/2025,2,Control,31-May-25,1:39 PM,2025GDL,Stone Valley,40.644778,-77.924646,264.687134,0,0,0
7/30/2025,2,Control,31-May-25,9:15 AM,2025GDL,Stone Valley,40.644778,-77.924646,264.687134,0,0,1
7/30/2025,2,Control,31-May-25,9:00 AM,2025GDL,Stone Valley,40.644778,-77.924646,264.687134,0,0,0
7/30/2025,2,Control,31-May-25,9:00 AM,2025GDL,Stone Valley,40.644778,-77.924646,264.687134,0,0,0
7/30/2025,2,Control,31-May-25,9:00 AM,2025GDL,Stone Valley,40.644778,-77.924646,264.687134,0,0,0
7/30/2025,2,Control,31-May-25,10:00 AM,2025GDL,Stone Valley,40.644778,-77.924646,264.687134,0,0,2
7/31/2025,2,Control,31-May-25,9:25 AM,2025GDL,Stone Valley,40.644778,-77.924646,264.687134,1,0,1
7/31/2025,2,Control,31-May-25,9:40 AM,2025GDL,Stone Valley,40.644778,-77.924646,264.687134,0,0,0
7/31/2025,2,Control,31-May-25,1:39 PM,2025GDL,Stone Valley,40.644778,-77.924646,264.687134,0,0,0
7/31/2025,2,Control,31-May-25,9:15 AM,2025GDL,Stone Valley,40.644778,-77.924646,264.687134,0,0,1
7/31/2025,2,Control,31-May-25,9:00 AM,2025GDL,Stone Valley,40.644778,-77.924646,264.687134,0,0,0
7/31/2025,2,Control,31-May-25,9:00 AM,2025GDL,Stone Valley,40.644778,-77.924646,264.687134,0,0,0
7/31/2025,2,Control,31-May-25,9:00 AM,2025GDL,Stone Valley,40.644778,-77.924646,264.687134,0,0,0
7/31/2025,2,Control,31-May-25,10:00 AM,2025GDL,Stone Valley,40.644778,-77.924646,264.687134,0,0,2
8/1/2025,2,Control,31-May-25,9:25 AM,2025GDL,Stone Valley,40.644778,-77.924646,264.687134,1,0,1
8/1/2025,2,Control,31-May-25,9:40 AM,2025GDL,Stone Valley,40.644778,-77.924646,264.687134,0,0,0
8/1/2025,2,Control,31-May-25,1:39 PM,2025GDL,Stone Valley,40.644778,-77.924646,264.687134,0,0,0
8/1/2025,2,Control,31-May-25,9:15 AM,2025GDL,Stone Valley,40.644778,-77.924646,264.687134,0,0,1
8/1/2025,2,Control,31-May-25,9:00 AM,2025GDL,Stone Valley,40.644778,-77.924646,264.687134,0,0,0
8/1/2025,2,Control,31-May-25,9:00 AM,2025GDL,Stone Valley,40.644778,-77.924646,264.687134,0,0,0
8/1/2025,2,Control,31-May-25,9:00 AM,2025GDL,Stone Valley,40.644778,-77.924646,264.687134,0,0,0
8/1/2025,2,Control,31-May-25,10:00 AM,2025GDL,Stone Valley,40.644778,-77.924646,264.687134,0,0,2
8/2/2025,2,Control,31-May-25,9:25 AM,2025GDL,Stone Valley,40.644778,-77.924646,264.687134,1,0,1
8/2/2025,2,Control,31-May-25,9:40 AM,2025GDL,Stone Valley,40.644778,-77.924646,264.687134,0,0,0
8/2/2025,2,Control,31-May-25,1:39 PM,2025GDL,Stone Valley,40.644778,-77.924646,264.687134,0,0,0
8/2/2025,2,Control,31-May-25,9:15 AM,2025GDL,Stone Valley,40.644778,-77.924646,264.687134,0,0,1
8/2/2025,2,Control,31-May-25,9:00 AM,2025GDL,Stone Valley,40.644778,-77.924646,264.687134,0,0,0
8/2/2025,2,Control,31-May-25,9:00 AM,2025GDL,Stone Valley,40.644778,-77.924646,264.687134,0,0,0
8/2/2025,2,Control,31-May-25,9:00 AM,2025GDL,Stone Valley,40.644778,-77.924646,264.687134,0,0,0
8/2/2025,2,Control,31-May-25,10:00 AM,2025GDL,Stone Valley,40.644778,-77.924646,264.687134,0,0,2
8/3/2025,2,Control,31-May-25,9:25 AM,2025GDL,Stone Valley,40.644778,-77.924646,264.687134,1,0,1
8/3/2025,2,Control,31-May-25,9:40 AM,2025GDL,Stone Valley,40.644778,-77.924646,264.687134,0,0,0
8/3/2025,2,Control,31-May-25,1:39 PM,2025GDL,Stone Valley,40.644778,-77.924646,264.687134,0,0,0
8/3/2025,2,Control,31-May-25,9:15 AM,2025GDL,Stone Valley,40.644778,-77.924646,264.687134,0,0,1
8/3/2025,2,Control,31-May-25,9:00 AM,2025GDL,Stone Valley,40.644778,-77.924646,264.687134,0,0,0
8/3/2025,2,Control,31-May-25,9:00 AM,2025GDL,Stone Valley,40.644778,-77.924646,264.687134,0,0,0
8/3/2025,2,Control,31-May-25,9:00 AM,2025GDL,Stone Valley,40.644778,-77.924646,264.687134,0,0,0
8/3/2025,2,Control,31-May-25,10:00 AM,2025GDL,Stone Valley,40.644778,-77.924646,264.687134,0,0,2
8/4/2025,2,Control,31-May-25,9:25 AM,2025GDL,Stone Valley,40.644778,-77.924646,264.687134,1,0,1
8/4/2025,2,Control,31-May-25,9:40 AM,2025GDL,Stone Valley,40.644778,-77.924646,264.687134,0,0,0
8/4/2025,2,Control,31-May-25,1:39 PM,2025GDL,Stone Valley,40.644778,-77.924646,264.687134,0,0,0
8/4/2025,2,Control,31-May-25,9:15 AM,2025GDL,Stone Valley,40.644778,-77.924646,264.687134,0,0,1
8/4/2025,2,Control,31-May-25,9:00 AM,2025GDL,Stone Valley,40.644778,-77.924646,264.687134,0,0,0
8/4/2025,2,Control,31-May-25,9:00 AM,2025GDL,Stone Valley,40.644778,-77.924646,264.687134,0,0,0
8/4/2025,2,Control,31-May-25,9:00 AM,2025GDL,Stone Valley,40.644778,-77.924646,264.687134,0,0,0
8/4/2025,2,Control,31-May-25,10:00 AM,2025GDL,Stone Valley,40.644778,-77.924646,264.687134,0,0,2
8/5/2025,2,Control,31-May-25,9:25 AM,2025GDL,Stone Valley,40.644778,-77.924646,264.687134,1,0,1
8/5/2025,2,Control,31-May-25,9:40 AM,2025GDL,Stone Valley,40.644778,-77.924646,264.687134,0,0,0
8/5/2025,2,Control,31-May-25,1:39 PM,2025GDL,Stone Valley,40.644778,-77.924646,264.687134,0,0,0
8/5/2025,2,Control,31-May-25,9:15 AM,2025GDL,Stone Valley,40.644778,-77.924646,264.687134,0,0,1
8/5/2025,2,Control,31-May-25,9:00 AM,2025GDL,Stone Valley,40.644778,-77.924646,264.687134,0,0,0
8/5/2025,2,Control,31-May-25,9:00 AM,2025GDL,Stone Valley,40.644778,-77.924646,264.687134,0,0,0
8/5/2025,2,Control,31-May-25,9:00 AM,2025GDL,Stone Valley,40.644778,-77.924646,264.687134,0,0,0
8/5/2025,2,Control,31-May-25,10:00 AM,2025GDL,Stone Valley,40.644778,-77.924646,264.687134,0,0,2
8/6/2025,2,Control,31-May-25,9:25 AM,2025GDL,Stone Valley,40.644778,-77.924646,264.687134,1,0,1
8/6/2025,2,Control,31-May-25,9:40 AM,2025GDL,Stone Valley,40.644778,-77.924646,264.687134,0,0,0
8/6/2025,2,Control,31-May-25,1:39 PM,2025GDL,Stone Valley,40.644778,-77.924646,264.687134,0,0,0
8/6/2025,2,Control,31-May-25,9:15 AM,2025GDL,Stone Valley,40.644778,-77.924646,264.687134,0,0,1
8/6/2025,2,Control,31-May-25,9:00 AM,2025GDL,Stone Valley,40.644778,-77.924646,264.687134,0,0,0
8/6/2025,2,Control,31-May-25,9:00 AM,2025GDL,Stone Valley,40.644778,-77.924646,264.687134,0,0,0
8/6/2025,2,Control,31-May-25,9:00 AM,2025GDL,Stone Valley,40.644778,-77.924646,264.687134,0,0,0
8/6/2025,2,Control,31-May-25,10:00 AM,2025GDL,Stone Valley,40.644778,-77.924646,264.687134,0,0,2
8/7/2025,2,Control,31-May-25,9:25 AM,2025GDL,Stone Valley,40.644778,-77.924646,264.687134,1,0,1
8/7/2025,2,Control,31-May-25,9:40 AM,2025GDL,Stone Valley,40.644778,-77.924646,264.687134,0,0,0
8/7/2025,2,Control,31-May-25,1:39 PM,2025GDL,Stone Valley,40.644778,-77.924646,264.687134,0,0,0
8/7/2025,2,Control,31-May-25,9:15 AM,2025GDL,Stone Valley,40.644778,-77.924646,264.687134,0,0,1
8/7/2025,2,Control,31-May-25,9:00 AM,2025GDL,Stone Valley,40.644778,-77.924646,264.687134,0,0,0
8/7/2025,2,Control,31-May-25,9:00 AM,2025GDL,Stone Valley,40.644778,-77.924646,264.687134,0,0,0
8/7/2025,2,Control,31-May-25,9:00 AM,2025GDL,Stone Valley,40.644778,-77.924646,264.687134,0,0,0
8/7/2025,2,Control,31-May-25,10:00 AM,2025GDL,Stone Valley,40.644778,-77.924646,264.687134,0,0,2
8/8/2025,2,Control,31-May-25,9:25 AM,2025GDL,Stone Valley,40.644778,-77.924646,264.687134,1,0,1
8/8/2025,2,Control,31-May-25,9:40 AM,2025GDL,Stone Valley,40.644778,-77.924646,264.687134,0,0,0
8/8/2025,2,Control,31-May-25,1:39 PM,2025GDL,Stone Valley,40.644778,-77.924646,264.687134,0,0,0
8/8/2025,2,Control,31-May-25,9:15 AM,2025GDL,Stone Valley,40.644778,-77.924646,264.687134,0,0,1
8/8/2025,2,Control,31-May-25,9:00 AM,2025GDL,Stone Valley,40.644778,-77.924646,264.687134,0,0,0
8/8/2025,2,Control,31-May-25,9:00 AM,2025GDL,Stone Valley,40.644778,-77.924646,264.687134,0,0,0
8/8/2025,2,Control,31-May-25,9:00 AM,2025GDL,Stone Valley,40.644778,-77.924646,264.687134,0,0,0
8/8/2025,2,Control,31-May-25,10:00 AM,2025GDL,Stone Valley,40.644778,-77.924646,264.687134,0,0,2
8/9/2025,2,Control,31-May-25,9:25 AM,2025GDL,Stone Valley,40.644778,-77.924646,264.687134,1,0,1
8/9/2025,2,Control,31-May-25,9:40 AM,2025GDL,Stone Valley,40.644778,-77.924646,264.687134,0,0,0
8/9/2025,2,Control,31-May-25,1:39 PM,2025GDL,Stone Valley,40.644778,-77.924646,264.687134,0,0,0
8/9/2025,2,Control,31-May-25,9:15 AM,2025GDL,Stone Valley,40.644778,-77.924646,264.687134,0,0,1
8/9/2025,2,Control,31-May-25,9:00 AM,2025GDL,Stone Valley,40.644778,-77.924646,264.687134,0,0,0
8/9/2025,2,Control,31-May-25,9:00 AM,2025GDL,Stone Valley,40.644778,-77.924646,264.687134,0,0,0
8/9/2025,2,Control,31-May-25,9:00 AM,2025GDL,Stone Valley,40.644778,-77.924646,264.687134,0,0,0
8/9/2025,2,Control,31-May-25,10:00 AM,2025GDL,Stone Valley,40.644778,-77.924646,264.687134,0,0,2
8/10/2025,2,Control,31-May-25,9:25 AM,2025GDL,Stone Valley,40.644778,-77.924646,264.687134,1,0,1
8/10/2025,2,Control,31-May-25,9:40 AM,2025GDL,Stone Valley,40.644778,-77.924646,264.687134,0,0,0
8/10/2025,2,Control,31-May-25,1:39 PM,2025GDL,Stone Valley,40.644778,-77.924646,264.687134,0,0,0
8/10/2025,2,Control,31-May-25,9:15 AM,2025GDL,Stone Valley,40.644778,-77.924646,264.687134,0,0,1
8/10/2025,2,Control,31-May-25,9:00 AM,2025GDL,Stone Valley,40.644778,-77.924646,264.687134,0,0,0
8/10/2025,2,Control,31-May-25,9:00 AM,2025GDL,Stone Valley,40.644778,-77.924646,264.687134,0,0,0
8/10/2025,2,Control,31-May-25,9:00 AM,2025GDL,Stone Valley,40.644778,-77.924646,264.687134,0,0,0
8/10/2025,2,Control,31-May-25,10:00 AM,2025GDL,Stone Valley,40.644778,-77.924646,264.687134,0,0,2
8/11/2025,2,Control,31-May-25,9:25 AM,2025GDL,Stone Valley,40.644778,-77.924646,264.687134,1,0,1
8/11/2025,2,Control,31-May-25,9:40 AM,2025GDL,Stone Valley,40.644778,-77.924646,264.687134,0,0,0
8/11/2025,2,Control,31-May-25,1:39 PM,2025GDL,Stone Valley,40.644778,-77.924646,264.687134,0,0,0
8/11/2025,2,Control,31-May-25,9:15 AM,2025GDL,Stone Valley,40.644778,-77.924646,264.687134,0,0,1
8/11/2025,2,Control,31-May-25,9:00 AM,2025GDL,Stone Valley,40.644778,-77.924646,264.687134,0,0,0
8/11/2025,2,Control,31-May-25,9:00 AM,2025GDL,Stone Valley,40.644778,-77.924646,264.687134,0,0,0
8/11/2025,2,Control,31-May-25,9:00 AM,2025GDL,Stone Valley,40.644778,-77.924646,264.687134,0,0,0
8/11/2025,2,Control,31-May-25,10:00 AM,2025GDL,Stone Valley,40.644778,-77.924646,264.687134,0,0,2
8/12/2025,2,Control,31-May-25,9:25 AM,2025GDL,Stone Valley,40.644778,-77.924646,264.687134,1,0,1
8/12/2025,2,Control,31-May-25,9:40 AM,2025GDL,Stone Valley,40.644778,-77.924646,264.687134,0,0,0
8/12/2025,2,Control,31-May-25,1:39 PM,2025GDL,Stone Valley,40.644778,-77.924646,264.687134,0,0,0
8/12/2025,2,Control,31-May-25,9:15 AM,2025GDL,Stone Valley,40.644778,-77.924646,264.687134,0,0,1
8/12/2025,2,Control,31-May-25,9:00 AM,2025GDL,Stone Valley,40.644778,-77.924646,264.687134,0,0,0
8/12/2025,2,Control,31-May-25,9:00 AM,2025GDL,Stone Valley,40.644778,-77.924646,264.687134,0,0,0
8/12/2025,2,Control,31-May-25,9:00 AM,2025GDL,Stone Valley,40.644778,-77.924646,264.687134,0,0,0
8/12/2025,2,Control,31-May-25,10:00 AM,2025GDL,Stone Valley,40.644778,-77.924646,264.687134,0,0,2
8/13/2025,2,Control,31-May-25,9:25 AM,2025GDL,Stone Valley,40.644778,-77.924646,264.687134,1,0,1
8/13/2025,2,Control,31-May-25,9:40 AM,2025GDL,Stone Valley,40.644778,-77.924646,264.687134,0,0,0
8/13/2025,2,Control,31-May-25,1:39 PM,2025GDL,Stone Valley,40.644778,-77.924646,264.687134,0,0,0
8/13/2025,2,Control,31-May-25,9:15 AM,2025GDL,Stone Valley,40.644778,-77.924646,264.687134,0,0,1
8/13/2025,2,Control,31-May-25,9:00 AM,2025GDL,Stone Valley,40.644778,-77.924646,264.687134,0,0,0
8/13/2025,2,Control,31-May-25,9:00 AM,2025GDL,Stone Valley,40.644778,-77.924646,264.687134,0,0,0
8/13/2025,2,Control,31-May-25,9:00 AM,2025GDL,Stone Valley,40.644778,-77.924646,264.687134,0,0,0
8/13/2025,2,Control,31-May-25,10:00 AM,2025GDL,Stone Valley,40.644778,-77.924646,264.687134,0,0,2
8/14/2025,2,Control,31-May-25,9:25 AM,2025GDL,Stone Valley,40.644778,-77.924646,264.687134,1,0,1
8/14/2025,2,Control,31-May-25,9:40 AM,2025GDL,Stone Valley,40.644778,-77.924646,264.687134,0,0,0
8/14/2025,2,Control,31-May-25,1:39 PM,2025GDL,Stone Valley,40.644778,-77.924646,264.687134,0,0,0
8/14/2025,2,Control,31-May-25,9:15 AM,2025GDL,Stone Valley,40.644778,-77.924646,264.687134,0,0,1
8/14/2025,2,Control,31-May-25,9:00 AM,2025GDL,Stone Valley,40.644778,-77.924646,264.687134,0,0,0
8/14/2025,2,Control,31-May-25,9:00 AM,2025GDL,Stone Valley,40.644778,-77.924646,264.687134,0,0,0
8/14/2025,2,Control,31-May-25,9:00 AM,2025GDL,Stone Valley,40.644778,-77.924646,264.687134,0,0,0
8/14/2025,2,Control,31-May-25,10:00 AM,2025GDL,Stone Valley,40.644778,-77.924646,264.687134,0,0,2
8/15/2025,2,Control,31-May-25,9:25 AM,2025GDL,Stone Valley,40.644778,-77.924646,264.687134,1,0,1
8/15/2025,2,Control,31-May-25,9:40 AM,2025GDL,Stone Valley,40.644778,-77.924646,264.687134,0,0,0
8/15/2025,2,Control,31-May-25,1:39 PM,2025GDL,Stone Valley,40.644778,-77.924646,264.687134,0,0,0
8/15/2025,2,Control,31-May-25,9:15 AM,2025GDL,Stone Valley,40.644778,-77.924646,264.687134,0,0,1
8/15/2025,2,Control,31-May-25,9:00 AM,2025GDL,Stone Valley,40.644778,-77.924646,264.687134,0,0,0
8/15/2025,2,Control,31-May-25,9:00 AM,2025GDL,Stone Valley,40.644778,-77.924646,264.687134,0,0,0
8/15/2025,2,Control,31-May-25,9:00 AM,2025GDL,Stone Valley,40.644778,-77.924646,264.687134,0,0,0
8/15/2025,2,Control,31-May-25,10:00 AM,2025GDL,Stone Valley,40.644778,-77.924646,264.687134,0,0,2
6/1/2025,3,Control,31-May-25,9:34 AM,2025GDL,Stone Valley,40.646675,-77.922128,263.449341,0,1,1
6/1/2025,3,Control,31-May-25,9:21 AM,2025GDL,Stone Valley,40.646675,-77.922128,263.449341,0,0,0
6/1/2025,3,Control,31-May-25,1:04 PM,2025GDL,Stone Valley,40.646675,-77.922128,263.449341,0,0,0
6/1/2025,3,Control,31-May-25,9:22 AM,2025GDL,Stone Valley,40.646675,-77.922128,263.449341,0,0,0
6/1/2025,3,Control,31-May-25,9:00 AM,2025GDL,Stone Valley,40.646675,-77.922128,263.449341,0,0,1
6/1/2025,3,Control,31-May-25,9:00 AM,2025GDL,Stone Valley,40.646675,-77.922128,263.449341,0,0,2
6/1/2025,3,Control,31-May-25,9:00 AM,2025GDL,Stone Valley,40.646675,-77.922128,263.449341,0,0,1
6/1/2025,3,Control,31-May-25,10:00 AM,2025GDL,Stone Valley,40.646675,-77.922128,263.449341,0,0,0
6/2/2025,3,Control,31-May-25,9:34 AM,2025GDL,Stone Valley,40.646675,-77.922128,263.449341,0,1,1
6/2/2025,3,Control,31-May-25,9:21 AM,2025GDL,Stone Valley,40.646675,-77.922128,263.449341,0,0,0
6/2/2025,3,Control,31-May-25,1:04 PM,2025GDL,Stone Valley,40.646675,-77.922128,263.449341,0,0,0
6/2/2025,3,Control,31-May-25,9:22 AM,2025GDL,Stone Valley,40.646675,-77.922128,263.449341,0,0,0
6/2/2025,3,Control,31-May-25,9:00 AM,2025GDL,Stone Valley,40.646675,-77.922128,263.449341,0,0,1
6/2/2025,3,Control,31-May-25,9:00 AM,2025GDL,Stone Valley,40.646675,-77.922128,263.449341,0,0,2
6/2/2025,3,Control,31-May-25,9:00 AM,2025GDL,Stone Valley,40.646675,-77.922128,263.449341,0,0,1
6/2/2025,3,Control,31-May-25,10:00 AM,2025GDL,Stone Valley,40.646675,-77.922128,263.449341,0,0,0
6/3/2025,3,Control,31-May-25,9:34 AM,2025GDL,Stone Valley,40.646675,-77.922128,263.449341,0,1,1
6/3/2025,3,Control,31-May-25,9:21 AM,2025GDL,Stone Valley,40.646675,-77.922128,263.449341,0,0,0
6/3/2025,3,Control,31-May-25,1:04 PM,2025GDL,Stone Valley,40.646675,-77.922128,263.449341,0,0,0
6/3/2025,3,Control,31-May-25,9:22 AM,2025GDL,Stone Valley,40.646675,-77.922128,263.449341,0,0,0
6/3/2025,3,Control,31-May-25,9:00 AM,2025GDL,Stone Valley,40.646675,-77.922128,263.449341,0,0,1
6/3/2025,3,Control,31-May-25,9:00 AM,2025GDL,Stone Valley,40.646675,-77.922128,263.449341,0,0,2
6/3/2025,3,Control,31-May-25,9:00 AM,2025GDL,Stone Valley,40.646675,-77.922128,263.449341,0,0,1
6/3/2025,3,Control,31-May-25,10:00 AM,2025GDL,Stone Valley,40.646675,-77.922128,263.449341,0,0,0
6/4/2025,3,Control,31-May-25,9:34 AM,2025GDL,Stone Valley,40.646675,-77.922128,263.449341,0,1,1
6/4/2025,3,Control,31-May-25,9:21 AM,2025GDL,Stone Valley,40.646675,-77.922128,263.449341,0,0,0
6/4/2025,3,Control,31-May-25,1:04 PM,2025GDL,Stone Valley,40.646675,-77.922128,263.449341,0,0,0
6/4/2025,3,Control,31-May-25,9:22 AM,2025GDL,Stone Valley,40.646675,-77.922128,263.449341,0,0,0
6/4/2025,3,Control,31-May-25,9:00 AM,2025GDL,Stone Valley,40.646675,-77.922128,263.449341,0,0,1
6/4/2025,3,Control,31-May-25,9:00 AM,2025GDL,Stone Valley,40.646675,-77.922128,263.449341,0,0,2
6/4/2025,3,Control,31-May-25,9:00 AM,2025GDL,Stone Valley,40.646675,-77.922128,263.449341,0,0,1
6/4/2025,3,Control,31-May-25,10:00 AM,2025GDL,Stone Valley,40.646675,-77.922128,263.449341,0,0,0
6/5/2025,3,Control,31-May-25,9:34 AM,2025GDL,Stone Valley,40.646675,-77.922128,263.449341,0,1,1
6/5/2025,3,Control,31-May-25,9:21 AM,2025GDL,Stone Valley,40.646675,-77.922128,263.449341,0,0,0
6/5/2025,3,Control,31-May-25,1:04 PM,2025GDL,Stone Valley,40.646675,-77.922128,263.449341,0,0,0
6/5/2025,3,Control,31-May-25,9:22 AM,2025GDL,Stone Valley,40.646675,-77.922128,263.449341,0,0,0
6/5/2025,3,Control,31-May-25,9:00 AM,2025GDL,Stone Valley,40.646675,-77.922128,263.449341,0,0,1
6/5/2025,3,Control,31-May-25,9:00 AM,2025GDL,Stone Valley,40.646675,-77.922128,263.449341,0,0,2
6/5/2025,3,Control,31-May-25,9:00 AM,2025GDL,Stone Valley,40.646675,-77.922128,263.449341,0,0,1
6/5/2025,3,Control,31-May-25,10:00 AM,2025GDL,Stone Valley,40.646675,-77.922128,263.449341,0,0,0
6/6/2025,3,Control,31-May-25,9:34 AM,2025GDL,Stone Valley,40.646675,-77.922128,263.449341,0,1,1
6/6/2025,3,Control,31-May-25,9:21 AM,2025GDL,Stone Valley,40.646675,-77.922128,263.449341,0,0,0
6/6/2025,3,Control,31-May-25,1:04 PM,2025GDL,Stone Valley,40.646675,-77.922128,263.449341,0,0,0
6/6/2025,3,Control,31-May-25,9:22 AM,2025GDL,Stone Valley,40.646675,-77.922128,263.449341,0,0,0
6/6/2025,3,Control,31-May-25,9:00 AM,2025GDL,Stone Valley,40.646675,-77.922128,263.449341,0,0,1
6/6/2025,3,Control,31-May-25,9:00 AM,2025GDL,Stone Valley,40.646675,-77.922128,263.449341,0,0,2
6/6/2025,3,Control,31-May-25,9:00 AM,2025GDL,Stone Valley,40.646675,-77.922128,263.449341,0,0,1
6/6/2025,3,Control,31-May-25,10:00 AM,2025GDL,Stone Valley,40.646675,-77.922128,263.449341,0,0,0
6/7/2025,3,Control,31-May-25,9:34 AM,2025GDL,Stone Valley,40.646675,-77.922128,263.449341,0,1,1
6/7/2025,3,Control,31-May-25,9:21 AM,2025GDL,Stone Valley,40.646675,-77.922128,263.449341,0,0,0
6/7/2025,3,Control,31-May-25,1:04 PM,2025GDL,Stone Valley,40.646675,-77.922128,263.449341,0,0,0
6/7/2025,3,Control,31-May-25,9:22 AM,2025GDL,Stone Valley,40.646675,-77.922128,263.449341,0,0,0
6/7/2025,3,Control,31-May-25,9:00 AM,2025GDL,Stone Valley,40.646675,-77.922128,263.449341,0,0,1
6/7/2025,3,Control,31-May-25,9:00 AM,2025GDL,Stone Valley,40.646675,-77.922128,263.449341,0,0,2
6/7/2025,3,Control,31-May-25,9:00 AM,2025GDL,Stone Valley,40.646675,-77.922128,263.449341,0,0,1
6/7/2025,3,Control,31-May-25,10:00 AM,2025GDL,Stone Valley,40.646675,-77.922128,263.449341,0,0,0
6/8/2025,3,Control,31-May-25,9:34 AM,2025GDL,Stone Valley,40.646675,-77.922128,263.449341,0,1,1
6/8/2025,3,Control,31-May-25,9:21 AM,2025GDL,Stone Valley,40.646675,-77.922128,263.449341,0,0,0
6/8/2025,3,Control,31-May-25,1:04 PM,2025GDL,Stone Valley,40.646675,-77.922128,263.449341,0,0,0
6/8/2025,3,Control,31-May-25,9:22 AM,2025GDL,Stone Valley,40.646675,-77.922128,263.449341,0,0,0
6/8/2025,3,Control,31-May-25,9:00 AM,2025GDL,Stone Valley,40.646675,-77.922128,263.449341,0,0,1
6/8/2025,3,Control,31-May-25,9:00 AM,2025GDL,Stone Valley,40.646675,-77.922128,263.449341,0,0,2
6/8/2025,3,Control,31-May-25,9:00 AM,2025GDL,Stone Valley,40.646675,-77.922128,263.449341,0,0,1
6/8/2025,3,Control,31-May-25,10:00 AM,2025GDL,Stone Valley,40.646675,-77.922128,263.449341,0,0,0
6/9/2025,3,Control,31-May-25,9:34 AM,2025GDL,Stone Valley,40.646675,-77.922128,263.449341,0,1,1
6/9/2025,3,Control,31-May-25,9:21 AM,2025GDL,Stone Valley,40.646675,-77.922128,263.449341,0,0,0
6/9/2025,3,Control,31-May-25,1:04 PM,2025GDL,Stone Valley,40.646675,-77.922128,263.449341,0,0,0
6/9/2025,3,Control,31-May-25,9:22 AM,2025GDL,Stone Valley,40.646675,-77.922128,263.449341,0,0,0
6/9/2025,3,Control,31-May-25,9:00 AM,2025GDL,Stone Valley,40.646675,-77.922128,263.449341,0,0,1
6/9/2025,3,Control,31-May-25,9:00 AM,2025GDL,Stone Valley,40.646675,-77.922128,263.449341,0,0,2
6/9/2025,3,Control,31-May-25,9:00 AM,2025GDL,Stone Valley,40.646675,-77.922128,263.449341,0,0,1
6/9/2025,3,Control,31-May-25,10:00 AM,2025GDL,Stone Valley,40.646675,-77.922128,263.449341,0,0,0
6/10/2025,3,Control,31-May-25,9:34 AM,2025GDL,Stone Valley,40.646675,-77.922128,263.449341,0,1,1
6/10/2025,3,Control,31-May-25,9:21 AM,2025GDL,Stone Valley,40.646675,-77.922128,263.449341,0,0,0
6/10/2025,3,Control,31-May-25,1:04 PM,2025GDL,Stone Valley,40.646675,-77.922128,263.449341,0,0,0
6/10/2025,3,Control,31-May-25,9:22 AM,2025GDL,Stone Valley,40.646675,-77.922128,263.449341,0,0,0
6/10/2025,3,Control,31-May-25,9:00 AM,2025GDL,Stone Valley,40.646675,-77.922128,263.449341,0,0,1
6/10/2025,3,Control,31-May-25,9:00 AM,2025GDL,Stone Valley,40.646675,-77.922128,263.449341,0,0,2
6/10/2025,3,Control,31-May-25,9:00 AM,2025GDL,Stone Valley,40.646675,-77.922128,263.449341,0,0,1
6/10/2025,3,Control,31-May-25,10:00 AM,2025GDL,Stone Valley,40.646675,-77.922128,263.449341,0,0,0
6/11/2025,3,Control,31-May-25,9:34 AM,2025GDL,Stone Valley,40.646675,-77.922128,263.449341,0,1,1
6/11/2025,3,Control,31-May-25,9:21 AM,2025GDL,Stone Valley,40.646675,-77.922128,263.449341,0,0,0
6/11/2025,3,Control,31-May-25,1:04 PM,2025GDL,Stone Valley,40.646675,-77.922128,263.449341,0,0,0
6/11/2025,3,Control,31-May-25,9:22 AM,2025GDL,Stone Valley,40.646675,-77.922128,263.449341,0,0,0
6/11/2025,3,Control,31-May-25,9:00 AM,2025GDL,Stone Valley,40.646675,-77.922128,263.449341,0,0,1
6/11/2025,3,Control,31-May-25,9:00 AM,2025GDL,Stone Valley,40.646675,-77.922128,263.449341,0,0,2
6/11/2025,3,Control,31-May-25,9:00 AM,2025GDL,Stone Valley,40.646675,-77.922128,263.449341,0,0,1
6/11/2025,3,Control,31-May-25,10:00 AM,2025GDL,Stone Valley,40.646675,-77.922128,263.449341,0,0,0
6/12/2025,3,Control,31-May-25,9:34 AM,2025GDL,Stone Valley,40.646675,-77.922128,263.449341,0,1,1
6/12/2025,3,Control,31-May-25,9:21 AM,2025GDL,Stone Valley,40.646675,-77.922128,263.449341,0,0,0
6/12/2025,3,Control,31-May-25,1:04 PM,2025GDL,Stone Valley,40.646675,-77.922128,263.449341,0,0,0
6/12/2025,3,Control,31-May-25,9:22 AM,2025GDL,Stone Valley,40.646675,-77.922128,263.449341,0,0,0
6/12/2025,3,Control,31-May-25,9:00 AM,2025GDL,Stone Valley,40.646675,-77.922128,263.449341,0,0,1
6/12/2025,3,Control,31-May-25,9:00 AM,2025GDL,Stone Valley,40.646675,-77.922128,263.449341,0,0,2
6/12/2025,3,Control,31-May-25,9:00 AM,2025GDL,Stone Valley,40.646675,-77.922128,263.449341,0,0,1
6/12/2025,3,Control,31-May-25,10:00 AM,2025GDL,Stone Valley,40.646675,-77.922128,263.449341,0,0,0
6/13/2025,3,Control,31-May-25,9:34 AM,2025GDL,Stone Valley,40.646675,-77.922128,263.449341,0,1,1
6/13/2025,3,Control,31-May-25,9:21 AM,2025GDL,Stone Valley,40.646675,-77.922128,263.449341,0,0,0
6/13/2025,3,Control,31-May-25,1:04 PM,2025GDL,Stone Valley,40.646675,-77.922128,263.449341,0,0,0
6/13/2025,3,Control,31-May-25,9:22 AM,2025GDL,Stone Valley,40.646675,-77.922128,263.449341,0,0,0
6/13/2025,3,Control,31-May-25,9:00 AM,2025GDL,Stone Valley,40.646675,-77.922128,263.449341,0,0,1
6/13/2025,3,Control,31-May-25,9:00 AM,2025GDL,Stone Valley,40.646675,-77.922128,263.449341,0,0,2
6/13/2025,3,Control,31-May-25,9:00 AM,2025GDL,Stone Valley,40.646675,-77.922128,263.449341,0,0,1
6/13/2025,3,Control,31-May-25,10:00 AM,2025GDL,Stone Valley,40.646675,-77.922128,263.449341,0,0,0
6/14/2025,3,Control,31-May-25,9:34 AM,2025GDL,Stone Valley,40.646675,-77.922128,263.449341,0,1,1
6/14/2025,3,Control,31-May-25,9:21 AM,2025GDL,Stone Valley,40.646675,-77.922128,263.449341,0,0,0
6/14/2025,3,Control,31-May-25,1:04 PM,2025GDL,Stone Valley,40.646675,-77.922128,263.449341,0,0,0
6/14/2025,3,Control,31-May-25,9:22 AM,2025GDL,Stone Valley,40.646675,-77.922128,263.449341,0,0,0
6/14/2025,3,Control,31-May-25,9:00 AM,2025GDL,Stone Valley,40.646675,-77.922128,263.449341,0,0,1
6/14/2025,3,Control,31-May-25,9:00 AM,2025GDL,Stone Valley,40.646675,-77.922128,263.449341,0,0,2
6/14/2025,3,Control,31-May-25,9:00 AM,2025GDL,Stone Valley,40.646675,-77.922128,263.449341,0,0,1
6/14/2025,3,Control,31-May-25,10:00 AM,2025GDL,Stone Valley,40.646675,-77.922128,263.449341,0,0,0
6/15/2025,3,Control,31-May-25,9:34 AM,2025GDL,Stone Valley,40.646675,-77.922128,263.449341,0,1,1
6/15/2025,3,Control,31-May-25,9:21 AM,2025GDL,Stone Valley,40.646675,-77.922128,263.449341,0,0,0
6/15/2025,3,Control,31-May-25,1:04 PM,2025GDL,Stone Valley,40.646675,-77.922128,263.449341,0,0,0
6/15/2025,3,Control,31-May-25,9:22 AM,2025GDL,Stone Valley,40.646675,-77.922128,263.449341,0,0,0
6/15/2025,3,Control,31-May-25,9:00 AM,2025GDL,Stone Valley,40.646675,-77.922128,263.449341,0,0,1
6/15/2025,3,Control,31-May-25,9:00 AM,2025GDL,Stone Valley,40.646675,-77.922128,263.449341,0,0,2
6/15/2025,3,Control,31-May-25,9:00 AM,2025GDL,Stone Valley,40.646675,-77.922128,263.449341,0,0,1
6/15/2025,3,Control,31-May-25,10:00 AM,2025GDL,Stone Valley,40.646675,-77.922128,263.449341,0,0,0
6/16/2025,3,Control,31-May-25,9:34 AM,2025GDL,Stone Valley,40.646675,-77.922128,263.449341,0,1,1
6/16/2025,3,Control,31-May-25,9:21 AM,2025GDL,Stone Valley,40.646675,-77.922128,263.449341,0,0,0
6/16/2025,3,Control,31-May-25,1:04 PM,2025GDL,Stone Valley,40.646675,-77.922128,263.449341,0,0,0
6/16/2025,3,Control,31-May-25,9:22 AM,2025GDL,Stone Valley,40.646675,-77.922128,263.449341,0,0,0
6/16/2025,3,Control,31-May-25,9:00 AM,2025GDL,Stone Valley,40.646675,-77.922128,263.449341,0,0,1
6/16/2025,3,Control,31-May-25,9:00 AM,2025GDL,Stone Valley,40.646675,-77.922128,263.449341,0,0,2
6/16/2025,3,Control,31-May-25,9:00 AM,2025GDL,Stone Valley,40.646675,-77.922128,263.449341,0,0,1
6/16/2025,3,Control,31-May-25,10:00 AM,2025GDL,Stone Valley,40.646675,-77.922128,263.449341,0,0,0
6/17/2025,3,Control,31-May-25,9:34 AM,2025GDL,Stone Valley,40.646675,-77.922128,263.449341,0,1,1
6/17/2025,3,Control,31-May-25,9:21 AM,2025GDL,Stone Valley,40.646675,-77.922128,263.449341,0,0,0
6/17/2025,3,Control,31-May-25,1:04 PM,2025GDL,Stone Valley,40.646675,-77.922128,263.449341,0,0,0
6/17/2025,3,Control,31-May-25,9:22 AM,2025GDL,Stone Valley,40.646675,-77.922128,263.449341,0,0,0
6/17/2025,3,Control,31-May-25,9:00 AM,2025GDL,Stone Valley,40.646675,-77.922128,263.449341,0,0,1
6/17/2025,3,Control,31-May-25,9:00 AM,2025GDL,Stone Valley,40.646675,-77.922128,263.449341,0,0,2
6/17/2025,3,Control,31-May-25,9:00 AM,2025GDL,Stone Valley,40.646675,-77.922128,263.449341,0,0,1
6/17/2025,3,Control,31-May-25,10:00 AM,2025GDL,Stone Valley,40.646675,-77.922128,263.449341,0,0,0
6/18/2025,3,Control,31-May-25,9:34 AM,2025GDL,Stone Valley,40.646675,-77.922128,263.449341,0,1,1
6/18/2025,3,Control,31-May-25,9:21 AM,2025GDL,Stone Valley,40.646675,-77.922128,263.449341,0,0,0
6/18/2025,3,Control,31-May-25,1:04 PM,2025GDL,Stone Valley,40.646675,-77.922128,263.449341,0,0,0
6/18/2025,3,Control,31-May-25,9:22 AM,2025GDL,Stone Valley,40.646675,-77.922128,263.449341,0,0,0
6/18/2025,3,Control,31-May-25,9:00 AM,2025GDL,Stone Valley,40.646675,-77.922128,263.449341,0,0,1
6/18/2025,3,Control,31-May-25,9:00 AM,2025GDL,Stone Valley,40.646675,-77.922128,263.449341,0,0,2
6/18/2025,3,Control,31-May-25,9:00 AM,2025GDL,Stone Valley,40.646675,-77.922128,263.449341,0,0,1
6/18/2025,3,Control,31-May-25,10:00 AM,2025GDL,Stone Valley,40.646675,-77.922128,263.449341,0,0,0
6/19/2025,3,Control,31-May-25,9:34 AM,2025GDL,Stone Valley,40.646675,-77.922128,263.449341,0,1,1
6/19/2025,3,Control,31-May-25,9:21 AM,2025GDL,Stone Valley,40.646675,-77.922128,263.449341,0,0,0
6/19/2025,3,Control,31-May-25,1:04 PM,2025GDL,Stone Valley,40.646675,-77.922128,263.449341,0,0,0
6/19/2025,3,Control,31-May-25,9:22 AM,2025GDL,Stone Valley,40.646675,-77.922128,263.449341,0,0,0
6/19/2025,3,Control,31-May-25,9:00 AM,2025GDL,Stone Valley,40.646675,-77.922128,263.449341,0,0,1
6/19/2025,3,Control,31-May-25,9:00 AM,2025GDL,Stone Valley,40.646675,-77.922128,263.449341,0,0,2
6/19/2025,3,Control,31-May-25,9:00 AM,2025GDL,Stone Valley,40.646675,-77.922128,263.449341,0,0,1
6/19/2025,3,Control,31-May-25,10:00 AM,2025GDL,Stone Valley,40.646675,-77.922128,263.449341,0,0,0
6/20/2025,3,Control,31-May-25,9:34 AM,2025GDL,Stone Valley,40.646675,-77.922128,263.449341,0,1,1
6/20/2025,3,Control,31-May-25,9:21 AM,2025GDL,Stone Valley,40.646675,-77.922128,263.449341,0,0,0
6/20/2025,3,Control,31-May-25,1:04 PM,2025GDL,Stone Valley,40.646675,-77.922128,263.449341,0,0,0
6/20/2025,3,Control,31-May-25,9:22 AM,2025GDL,Stone Valley,40.646675,-77.922128,263.449341,0,0,0
6/20/2025,3,Control,31-May-25,9:00 AM,2025GDL,Stone Valley,40.646675,-77.922128,263.449341,0,0,1
6/20/2025,3,Control,31-May-25,9:00 AM,2025GDL,Stone Valley,40.646675,-77.922128,263.449341,0,0,2
6/20/2025,3,Control,31-May-25,9:00 AM,2025GDL,Stone Valley,40.646675,-77.922128,263.449341,0,0,1
6/20/2025,3,Control,31-May-25,10:00 AM,2025GDL,Stone Valley,40.646675,-77.922128,263.449341,0,0,0
6/21/2025,3,Control,31-May-25,9:34 AM,2025GDL,Stone Valley,40.646675,-77.922128,263.449341,0,1,1
6/21/2025,3,Control,31-May-25,9:21 AM,2025GDL,Stone Valley,40.646675,-77.922128,263.449341,0,0,0
6/21/2025,3,Control,31-May-25,1:04 PM,2025GDL,Stone Valley,40.646675,-77.922128,263.449341,0,0,0
6/21/2025,3,Control,31-May-25,9:22 AM,2025GDL,Stone Valley,40.646675,-77.922128,263.449341,0,0,0
6/21/2025,3,Control,31-May-25,9:00 AM,2025GDL,Stone Valley,40.646675,-77.922128,263.449341,0,0,1
6/21/2025,3,Control,31-May-25,9:00 AM,2025GDL,Stone Valley,40.646675,-77.922128,263.449341,0,0,2
6/21/2025,3,Control,31-May-25,9:00 AM,2025GDL,Stone Valley,40.646675,-77.922128,263.449341,0,0,1
6/21/2025,3,Control,31-May-25,10:00 AM,2025GDL,Stone Valley,40.646675,-77.922128,263.449341,0,0,0
6/22/2025,3,Control,31-May-25,9:34 AM,2025GDL,Stone Valley,40.646675,-77.922128,263.449341,0,1,1
6/22/2025,3,Control,31-May-25,9:21 AM,2025GDL,Stone Valley,40.646675,-77.922128,263.449341,0,0,0
6/22/2025,3,Control,31-May-25,1:04 PM,2025GDL,Stone Valley,40.646675,-77.922128,263.449341,0,0,0
6/22/2025,3,Control,31-May-25,9:22 AM,2025GDL,Stone Valley,40.646675,-77.922128,263.449341,0,0,0
6/22/2025,3,Control,31-May-25,9:00 AM,2025GDL,Stone Valley,40.646675,-77.922128,263.449341,0,0,1
6/22/2025,3,Control,31-May-25,9:00 AM,2025GDL,Stone Valley,40.646675,-77.922128,263.449341,0,0,2
6/22/2025,3,Control,31-May-25,9:00 AM,2025GDL,Stone Valley,40.646675,-77.922128,263.449341,0,0,1
6/22/2025,3,Control,31-May-25,10:00 AM,2025GDL,Stone Valley,40.646675,-77.922128,263.449341,0,0,0
6/23/2025,3,Control,31-May-25,9:34 AM,2025GDL,Stone Valley,40.646675,-77.922128,263.449341,0,1,1
6/23/2025,3,Control,31-May-25,9:21 AM,2025GDL,Stone Valley,40.646675,-77.922128,263.449341,0,0,0
6/23/2025,3,Control,31-May-25,1:04 PM,2025GDL,Stone Valley,40.646675,-77.922128,263.449341,0,0,0
6/23/2025,3,Control,31-May-25,9:22 AM,2025GDL,Stone Valley,40.646675,-77.922128,263.449341,0,0,0
6/23/2025,3,Control,31-May-25,9:00 AM,2025GDL,Stone Valley,40.646675,-77.922128,263.449341,0,0,1
6/23/2025,3,Control,31-May-25,9:00 AM,2025GDL,Stone Valley,40.646675,-77.922128,263.449341,0,0,2
6/23/2025,3,Control,31-May-25,9:00 AM,2025GDL,Stone Valley,40.646675,-77.922128,263.449341,0,0,1
6/23/2025,3,Control,31-May-25,10:00 AM,2025GDL,Stone Valley,40.646675,-77.922128,263.449341,0,0,0
6/24/2025,3,Control,31-May-25,9:34 AM,2025GDL,Stone Valley,40.646675,-77.922128,263.449341,0,1,1
6/24/2025,3,Control,31-May-25,9:21 AM,2025GDL,Stone Valley,40.646675,-77.922128,263.449341,0,0,0
6/24/2025,3,Control,31-May-25,1:04 PM,2025GDL,Stone Valley,40.646675,-77.922128,263.449341,0,0,0
6/24/2025,3,Control,31-May-25,9:22 AM,2025GDL,Stone Valley,40.646675,-77.922128,263.449341,0,0,0
6/24/2025,3,Control,31-May-25,9:00 AM,2025GDL,Stone Valley,40.646675,-77.922128,263.449341,0,0,1
6/24/2025,3,Control,31-May-25,9:00 AM,2025GDL,Stone Valley,40.646675,-77.922128,263.449341,0,0,2
6/24/2025,3,Control,31-May-25,9:00 AM,2025GDL,Stone Valley,40.646675,-77.922128,263.449341,0,0,1
6/24/2025,3,Control,31-May-25,10:00 AM,2025GDL,Stone Valley,40.646675,-77.922128,263.449341,0,0,0
6/25/2025,3,Control,31-May-25,9:34 AM,2025GDL,Stone Valley,40.646675,-77.922128,263.449341,0,1,1
6/25/2025,3,Control,31-May-25,9:21 AM,2025GDL,Stone Valley,40.646675,-77.922128,263.449341,0,0,0
6/25/2025,3,Control,31-May-25,1:04 PM,2025GDL,Stone Valley,40.646675,-77.922128,263.449341,0,0,0
6/25/2025,3,Control,31-May-25,9:22 AM,2025GDL,Stone Valley,40.646675,-77.922128,263.449341,0,0,0
6/25/2025,3,Control,31-May-25,9:00 AM,2025GDL,Stone Valley,40.646675,-77.922128,263.449341,0,0,1
6/25/2025,3,Control,31-May-25,9:00 AM,2025GDL,Stone Valley,40.646675,-77.922128,263.449341,0,0,2
6/25/2025,3,Control,31-May-25,9:00 AM,2025GDL,Stone Valley,40.646675,-77.922128,263.449341,0,0,1
6/25/2025,3,Control,31-May-25,10:00 AM,2025GDL,Stone Valley,40.646675,-77.922128,263.449341,0,0,0
6/26/2025,3,Control,31-May-25,9:34 AM,2025GDL,Stone Valley,40.646675,-77.922128,263.449341,0,1,1
6/26/2025,3,Control,31-May-25,9:21 AM,2025GDL,Stone Valley,40.646675,-77.922128,263.449341,0,0,0
6/26/2025,3,Control,31-May-25,1:04 PM,2025GDL,Stone Valley,40.646675,-77.922128,263.449341,0,0,0
6/26/2025,3,Control,31-May-25,9:22 AM,2025GDL,Stone Valley,40.646675,-77.922128,263.449341,0,0,0
6/26/2025,3,Control,31-May-25,9:00 AM,2025GDL,Stone Valley,40.646675,-77.922128,263.449341,0,0,1
6/26/2025,3,Control,31-May-25,9:00 AM,2025GDL,Stone Valley,40.646675,-77.922128,263.449341,0,0,2
6/26/2025,3,Control,31-May-25,9:00 AM,2025GDL,Stone Valley,40.646675,-77.922128,263.449341,0,0,1
6/26/2025,3,Control,31-May-25,10:00 AM,2025GDL,Stone Valley,40.646675,-77.922128,263.449341,0,0,0
6/27/2025,3,Control,31-May-25,9:34 AM,2025GDL,Stone Valley,40.646675,-77.922128,263.449341,0,1,1
6/27/2025,3,Control,31-May-25,9:21 AM,2025GDL,Stone Valley,40.646675,-77.922128,263.449341,0,0,0
6/27/2025,3,Control,31-May-25,1:04 PM,2025GDL,Stone Valley,40.646675,-77.922128,263.449341,0,0,0
6/27/2025,3,Control,31-May-25,9:22 AM,2025GDL,Stone Valley,40.646675,-77.922128,263.449341,0,0,0
6/27/2025,3,Control,31-May-25,9:00 AM,2025GDL,Stone Valley,40.646675,-77.922128,263.449341,0,0,1
6/27/2025,3,Control,31-May-25,9:00 AM,2025GDL,Stone Valley,40.646675,-77.922128,263.449341,0,0,2
6/27/2025,3,Control,31-May-25,9:00 AM,2025GDL,Stone Valley,40.646675,-77.922128,263.449341,0,0,1
6/27/2025,3,Control,31-May-25,10:00 AM,2025GDL,Stone Valley,40.646675,-77.922128,263.449341,0,0,0
6/28/2025,3,Control,31-May-25,9:34 AM,2025GDL,Stone Valley,40.646675,-77.922128,263.449341,0,1,1
6/28/2025,3,Control,31-May-25,9:21 AM,2025GDL,Stone Valley,40.646675,-77.922128,263.449341,0,0,0
6/28/2025,3,Control,31-May-25,1:04 PM,2025GDL,Stone Valley,40.646675,-77.922128,263.449341,0,0,0
6/28/2025,3,Control,31-May-25,9:22 AM,2025GDL,Stone Valley,40.646675,-77.922128,263.449341,0,0,0
6/28/2025,3,Control,31-May-25,9:00 AM,2025GDL,Stone Valley,40.646675,-77.922128,263.449341,0,0,1
6/28/2025,3,Control,31-May-25,9:00 AM,2025GDL,Stone Valley,40.646675,-77.922128,263.449341,0,0,2
6/28/2025,3,Control,31-May-25,9:00 AM,2025GDL,Stone Valley,40.646675,-77.922128,263.449341,0,0,1
6/28/2025,3,Control,31-May-25,10:00 AM,2025GDL,Stone Valley,40.646675,-77.922128,263.449341,0,0,0
6/29/2025,3,Control,31-May-25,9:34 AM,2025GDL,Stone Valley,40.646675,-77.922128,263.449341,0,1,1
6/29/2025,3,Control,31-May-25,9:21 AM,2025GDL,Stone Valley,40.646675,-77.922128,263.449341,0,0,0
6/29/2025,3,Control,31-May-25,1:04 PM,2025GDL,Stone Valley,40.646675,-77.922128,263.449341,0,0,0
6/29/2025,3,Control,31-May-25,9:22 AM,2025GDL,Stone Valley,40.646675,-77.922128,263.449341,0,0,0
6/29/2025,3,Control,31-May-25,9:00 AM,2025GDL,Stone Valley,40.646675,-77.922128,263.449341,0,0,1
6/29/2025,3,Control,31-May-25,9:00 AM,2025GDL,Stone Valley,40.646675,-77.922128,263.449341,0,0,2
6/29/2025,3,Control,31-May-25,9:00 AM,2025GDL,Stone Valley,40.646675,-77.922128,263.449341,0,0,1
6/29/2025,3,Control,31-May-25,10:00 AM,2025GDL,Stone Valley,40.646675,-77.922128,263.449341,0,0,0
6/30/2025,3,Control,31-May-25,9:34 AM,2025GDL,Stone Valley,40.646675,-77.922128,263.449341,0,1,1
6/30/2025,3,Control,31-May-25,9:21 AM,2025GDL,Stone Valley,40.646675,-77.922128,263.449341,0,0,0
6/30/2025,3,Control,31-May-25,1:04 PM,2025GDL,Stone Valley,40.646675,-77.922128,263.449341,0,0,0
6/30/2025,3,Control,31-May-25,9:22 AM,2025GDL,Stone Valley,40.646675,-77.922128,263.449341,0,0,0
6/30/2025,3,Control,31-May-25,9:00 AM,2025GDL,Stone Valley,40.646675,-77.922128,263.449341,0,0,1
6/30/2025,3,Control,31-May-25,9:00 AM,2025GDL,Stone Valley,40.646675,-77.922128,263.449341,0,0,2
6/30/2025,3,Control,31-May-25,9:00 AM,2025GDL,Stone Valley,40.646675,-77.922128,263.449341,0,0,1
6/30/2025,3,Control,31-May-25,10:00 AM,2025GDL,Stone Valley,40.646675,-77.922128,263.449341,0,0,0
7/1/2025,3,Control,31-May-25,9:34 AM,2025GDL,Stone Valley,40.646675,-77.922128,263.449341,0,1,1
7/1/2025,3,Control,31-May-25,9:21 AM,2025GDL,Stone Valley,40.646675,-77.922128,263.449341,0,0,0
7/1/2025,3,Control,31-May-25,1:04 PM,2025GDL,Stone Valley,40.646675,-77.922128,263.449341,0,0,0
7/1/2025,3,Control,31-May-25,9:22 AM,2025GDL,Stone Valley,40.646675,-77.922128,263.449341,0,0,0
7/1/2025,3,Control,31-May-25,9:00 AM,2025GDL,Stone Valley,40.646675,-77.922128,263.449341,0,0,1
7/1/2025,3,Control,31-May-25,9:00 AM,2025GDL,Stone Valley,40.646675,-77.922128,263.449341,0,0,2
7/1/2025,3,Control,31-May-25,9:00 AM,2025GDL,Stone Valley,40.646675,-77.922128,263.449341,0,0,1
7/1/2025,3,Control,31-May-25,10:00 AM,2025GDL,Stone Valley,40.646675,-77.922128,263.449341,0,0,0
7/2/2025,3,Control,31-May-25,9:34 AM,2025GDL,Stone Valley,40.646675,-77.922128,263.449341,0,1,1
7/2/2025,3,Control,31-May-25,9:21 AM,2025GDL,Stone Valley,40.646675,-77.922128,263.449341,0,0,0
7/2/2025,3,Control,31-May-25,1:04 PM,2025GDL,Stone Valley,40.646675,-77.922128,263.449341,0,0,0
7/2/2025,3,Control,31-May-25,9:22 AM,2025GDL,Stone Valley,40.646675,-77.922128,263.449341,0,0,0
7/2/2025,3,Control,31-May-25,9:00 AM,2025GDL,Stone Valley,40.646675,-77.922128,263.449341,0,0,1
7/2/2025,3,Control,31-May-25,9:00 AM,2025GDL,Stone Valley,40.646675,-77.922128,263.449341,0,0,2
7/2/2025,3,Control,31-May-25,9:00 AM,2025GDL,Stone Valley,40.646675,-77.922128,263.449341,0,0,1
7/2/2025,3,Control,31-May-25,10:00 AM,2025GDL,Stone Valley,40.646675,-77.922128,263.449341,0,0,0
7/3/2025,3,Control,31-May-25,9:34 AM,2025GDL,Stone Valley,40.646675,-77.922128,263.449341,0,1,1
7/3/2025,3,Control,31-May-25,9:21 AM,2025GDL,Stone Valley,40.646675,-77.922128,263.449341,0,0,0
7/3/2025,3,Control,31-May-25,1:04 PM,2025GDL,Stone Valley,40.646675,-77.922128,263.449341,0,0,0
7/3/2025,3,Control,31-May-25,9:22 AM,2025GDL,Stone Valley,40.646675,-77.922128,263.449341,0,0,0
7/3/2025,3,Control,31-May-25,9:00 AM,2025GDL,Stone Valley,40.646675,-77.922128,263.449341,0,0,1
7/3/2025,3,Control,31-May-25,9:00 AM,2025GDL,Stone Valley,40.646675,-77.922128,263.449341,0,0,2
7/3/2025,3,Control,31-May-25,9:00 AM,2025GDL,Stone Valley,40.646675,-77.922128,263.449341,0,0,1
7/3/2025,3,Control,31-May-25,10:00 AM,2025GDL,Stone Valley,40.646675,-77.922128,263.449341,0,0,0
7/4/2025,3,Control,31-May-25,9:34 AM,2025GDL,Stone Valley,40.646675,-77.922128,263.449341,0,1,1
7/4/2025,3,Control,31-May-25,9:21 AM,2025GDL,Stone Valley,40.646675,-77.922128,263.449341,0,0,0
7/4/2025,3,Control,31-May-25,1:04 PM,2025GDL,Stone Valley,40.646675,-77.922128,263.449341,0,0,0
7/4/2025,3,Control,31-May-25,9:22 AM,2025GDL,Stone Valley,40.646675,-77.922128,263.449341,0,0,0
7/4/2025,3,Control,31-May-25,9:00 AM,2025GDL,Stone Valley,40.646675,-77.922128,263.449341,0,0,1
7/4/2025,3,Control,31-May-25,9:00 AM,2025GDL,Stone Valley,40.646675,-77.922128,263.449341,0,0,2
7/4/2025,3,Control,31-May-25,9:00 AM,2025GDL,Stone Valley,40.646675,-77.922128,263.449341,0,0,1
7/4/2025,3,Control,31-May-25,10:00 AM,2025GDL,Stone Valley,40.646675,-77.922128,263.449341,0,0,0
7/5/2025,3,Control,31-May-25,9:34 AM,2025GDL,Stone Valley,40.646675,-77.922128,263.449341,0,1,1
7/5/2025,3,Control,31-May-25,9:21 AM,2025GDL,Stone Valley,40.646675,-77.922128,263.449341,0,0,0
7/5/2025,3,Control,31-May-25,1:04 PM,2025GDL,Stone Valley,40.646675,-77.922128,263.449341,0,0,0
7/5/2025,3,Control,31-May-25,9:22 AM,2025GDL,Stone Valley,40.646675,-77.922128,263.449341,0,0,0
7/5/2025,3,Control,31-May-25,9:00 AM,2025GDL,Stone Valley,40.646675,-77.922128,263.449341,0,0,1
7/5/2025,3,Control,31-May-25,9:00 AM,2025GDL,Stone Valley,40.646675,-77.922128,263.449341,0,0,2
7/5/2025,3,Control,31-May-25,9:00 AM,2025GDL,Stone Valley,40.646675,-77.922128,263.449341,0,0,1
7/5/2025,3,Control,31-May-25,10:00 AM,2025GDL,Stone Valley,40.646675,-77.922128,263.449341,0,0,0
7/6/2025,3,Control,31-May-25,9:34 AM,2025GDL,Stone Valley,40.646675,-77.922128,263.449341,0,1,1
7/6/2025,3,Control,31-May-25,9:21 AM,2025GDL,Stone Valley,40.646675,-77.922128,263.449341,0,0,0
7/6/2025,3,Control,31-May-25,1:04 PM,2025GDL,Stone Valley,40.646675,-77.922128,263.449341,0,0,0
7/6/2025,3,Control,31-May-25,9:22 AM,2025GDL,Stone Valley,40.646675,-77.922128,263.449341,0,0,0
7/6/2025,3,Control,31-May-25,9:00 AM,2025GDL,Stone Valley,40.646675,-77.922128,263.449341,0,0,1
7/6/2025,3,Control,31-May-25,9:00 AM,2025GDL,Stone Valley,40.646675,-77.922128,263.449341,0,0,2
7/6/2025,3,Control,31-May-25,9:00 AM,2025GDL,Stone Valley,40.646675,-77.922128,263.449341,0,0,1
7/6/2025,3,Control,31-May-25,10:00 AM,2025GDL,Stone Valley,40.646675,-77.922128,263.449341,0,0,0
7/7/2025,3,Control,31-May-25,9:34 AM,2025GDL,Stone Valley,40.646675,-77.922128,263.449341,0,1,1
7/7/2025,3,Control,31-May-25,9:21 AM,2025GDL,Stone Valley,40.646675,-77.922128,263.449341,0,0,0
7/7/2025,3,Control,31-May-25,1:04 PM,2025GDL,Stone Valley,40.646675,-77.922128,263.449341,0,0,0
7/7/2025,3,Control,31-May-25,9:22 AM,2025GDL,Stone Valley,40.646675,-77.922128,263.449341,0,0,0
7/7/2025,3,Control,31-May-25,9:00 AM,2025GDL,Stone Valley,40.646675,-77.922128,263.449341,0,0,1
7/7/2025,3,Control,31-May-25,9:00 AM,2025GDL,Stone Valley,40.646675,-77.922128,263.449341,0,0,2
7/7/2025,3,Control,31-May-25,9:00 AM,2025GDL,Stone Valley,40.646675,-77.922128,263.449341,0,0,1
7/7/2025,3,Control,31-May-25,10:00 AM,2025GDL,Stone Valley,40.646675,-77.922128,263.449341,0,0,0
7/8/2025,3,Control,31-May-25,9:34 AM,2025GDL,Stone Valley,40.646675,-77.922128,263.449341,0,1,1
7/8/2025,3,Control,31-May-25,9:21 AM,2025GDL,Stone Valley,40.646675,-77.922128,263.449341,0,0,0
7/8/2025,3,Control,31-May-25,1:04 PM,2025GDL,Stone Valley,40.646675,-77.922128,263.449341,0,0,0
7/8/2025,3,Control,31-May-25,9:22 AM,2025GDL,Stone Valley,40.646675,-77.922128,263.449341,0,0,0
7/8/2025,3,Control,31-May-25,9:00 AM,2025GDL,Stone Valley,40.646675,-77.922128,263.449341,0,0,1
7/8/2025,3,Control,31-May-25,9:00 AM,2025GDL,Stone Valley,40.646675,-77.922128,263.449341,0,0,2
7/8/2025,3,Control,31-May-25,9:00 AM,2025GDL,Stone Valley,40.646675,-77.922128,263.449341,0,0,1
7/8/2025,3,Control,31-May-25,10:00 AM,2025GDL,Stone Valley,40.646675,-77.922128,263.449341,0,0,0
7/9/2025,3,Control,31-May-25,9:34 AM,2025GDL,Stone Valley,40.646675,-77.922128,263.449341,0,1,1
7/9/2025,3,Control,31-May-25,9:21 AM,2025GDL,Stone Valley,40.646675,-77.922128,263.449341,0,0,0
7/9/2025,3,Control,31-May-25,1:04 PM,2025GDL,Stone Valley,40.646675,-77.922128,263.449341,0,0,0
7/9/2025,3,Control,31-May-25,9:22 AM,2025GDL,Stone Valley,40.646675,-77.922128,263.449341,0,0,0
7/9/2025,3,Control,31-May-25,9:00 AM,2025GDL,Stone Valley,40.646675,-77.922128,263.449341,0,0,1
7/9/2025,3,Control,31-May-25,9:00 AM,2025GDL,Stone Valley,40.646675,-77.922128,263.449341,0,0,2
7/9/2025,3,Control,31-May-25,9:00 AM,2025GDL,Stone Valley,40.646675,-77.922128,263.449341,0,0,1
7/9/2025,3,Control,31-May-25,10:00 AM,2025GDL,Stone Valley,40.646675,-77.922128,263.449341,0,0,0
7/10/2025,3,Control,31-May-25,9:34 AM,2025GDL,Stone Valley,40.646675,-77.922128,263.449341,0,1,1
7/10/2025,3,Control,31-May-25,9:21 AM,2025GDL,Stone Valley,40.646675,-77.922128,263.449341,0,0,0
7/10/2025,3,Control,31-May-25,1:04 PM,2025GDL,Stone Valley,40.646675,-77.922128,263.449341,0,0,0
7/10/2025,3,Control,31-May-25,9:22 AM,2025GDL,Stone Valley,40.646675,-77.922128,263.449341,0,0,0
7/10/2025,3,Control,31-May-25,9:00 AM,2025GDL,Stone Valley,40.646675,-77.922128,263.449341,0,0,1
7/10/2025,3,Control,31-May-25,9:00 AM,2025GDL,Stone Valley,40.646675,-77.922128,263.449341,0,0,2
7/10/2025,3,Control,31-May-25,9:00 AM,2025GDL,Stone Valley,40.646675,-77.922128,263.449341,0,0,1
7/10/2025,3,Control,31-May-25,10:00 AM,2025GDL,Stone Valley,40.646675,-77.922128,263.449341,0,0,0
7/11/2025,3,Control,31-May-25,9:34 AM,2025GDL,Stone Valley,40.646675,-77.922128,263.449341,0,1,1
7/11/2025,3,Control,31-May-25,9:21 AM,2025GDL,Stone Valley,40.646675,-77.922128,263.449341,0,0,0
7/11/2025,3,Control,31-May-25,1:04 PM,2025GDL,Stone Valley,40.646675,-77.922128,263.449341,0,0,0
7/11/2025,3,Control,31-May-25,9:22 AM,2025GDL,Stone Valley,40.646675,-77.922128,263.449341,0,0,0
7/11/2025,3,Control,31-May-25,9:00 AM,2025GDL,Stone Valley,40.646675,-77.922128,263.449341,0,0,1
7/11/2025,3,Control,31-May-25,9:00 AM,2025GDL,Stone Valley,40.646675,-77.922128,263.449341,0,0,2
7/11/2025,3,Control,31-May-25,9:00 AM,2025GDL,Stone Valley,40.646675,-77.922128,263.449341,0,0,1
7/11/2025,3,Control,31-May-25,10:00 AM,2025GDL,Stone Valley,40.646675,-77.922128,263.449341,0,0,0
7/12/2025,3,Control,31-May-25,9:34 AM,2025GDL,Stone Valley,40.646675,-77.922128,263.449341,0,1,1
7/12/2025,3,Control,31-May-25,9:21 AM,2025GDL,Stone Valley,40.646675,-77.922128,263.449341,0,0,0
7/12/2025,3,Control,31-May-25,1:04 PM,2025GDL,Stone Valley,40.646675,-77.922128,263.449341,0,0,0
7/12/2025,3,Control,31-May-25,9:22 AM,2025GDL,Stone Valley,40.646675,-77.922128,263.449341,0,0,0
7/12/2025,3,Control,31-May-25,9:00 AM,2025GDL,Stone Valley,40.646675,-77.922128,263.449341,0,0,1
7/12/2025,3,Control,31-May-25,9:00 AM,2025GDL,Stone Valley,40.646675,-77.922128,263.449341,0,0,2
7/12/2025,3,Control,31-May-25,9:00 AM,2025GDL,Stone Valley,40.646675,-77.922128,263.449341,0,0,1
7/12/2025,3,Control,31-May-25,10:00 AM,2025GDL,Stone Valley,40.646675,-77.922128,263.449341,0,0,0
7/13/2025,3,Control,31-May-25,9:34 AM,2025GDL,Stone Valley,40.646675,-77.922128,263.449341,0,1,1
7/13/2025,3,Control,31-May-25,9:21 AM,2025GDL,Stone Valley,40.646675,-77.922128,263.449341,0,0,0
7/13/2025,3,Control,31-May-25,1:04 PM,2025GDL,Stone Valley,40.646675,-77.922128,263.449341,0,0,0
7/13/2025,3,Control,31-May-25,9:22 AM,2025GDL,Stone Valley,40.646675,-77.922128,263.449341,0,0,0
7/13/2025,3,Control,31-May-25,9:00 AM,2025GDL,Stone Valley,40.646675,-77.922128,263.449341,0,0,1
7/13/2025,3,Control,31-May-25,9:00 AM,2025GDL,Stone Valley,40.646675,-77.922128,263.449341,0,0,2
7/13/2025,3,Control,31-May-25,9:00 AM,2025GDL,Stone Valley,40.646675,-77.922128,263.449341,0,0,1
7/13/2025,3,Control,31-May-25,10:00 AM,2025GDL,Stone Valley,40.646675,-77.922128,263.449341,0,0,0
7/14/2025,3,Control,31-May-25,9:34 AM,2025GDL,Stone Valley,40.646675,-77.922128,263.449341,0,1,1
7/14/2025,3,Control,31-May-25,9:21 AM,2025GDL,Stone Valley,40.646675,-77.922128,263.449341,0,0,0
7/14/2025,3,Control,31-May-25,1:04 PM,2025GDL,Stone Valley,40.646675,-77.922128,263.449341,0,0,0
7/14/2025,3,Control,31-May-25,9:22 AM,2025GDL,Stone Valley,40.646675,-77.922128,263.449341,0,0,0
7/14/2025,3,Control,31-May-25,9:00 AM,2025GDL,Stone Valley,40.646675,-77.922128,263.449341,0,0,1
7/14/2025,3,Control,31-May-25,9:00 AM,2025GDL,Stone Valley,40.646675,-77.922128,263.449341,0,0,2
7/14/2025,3,Control,31-May-25,9:00 AM,2025GDL,Stone Valley,40.646675,-77.922128,263.449341,0,0,1
7/14/2025,3,Control,31-May-25,10:00 AM,2025GDL,Stone Valley,40.646675,-77.922128,263.449341,0,0,0
7/15/2025,3,Control,31-May-25,9:34 AM,2025GDL,Stone Valley,40.646675,-77.922128,263.449341,0,1,1
7/15/2025,3,Control,31-May-25,9:21 AM,2025GDL,Stone Valley,40.646675,-77.922128,263.449341,0,0,0
7/15/2025,3,Control,31-May-25,1:04 PM,2025GDL,Stone Valley,40.646675,-77.922128,263.449341,0,0,0
7/15/2025,3,Control,31-May-25,9:22 AM,2025GDL,Stone Valley,40.646675,-77.922128,263.449341,0,0,0
7/15/2025,3,Control,31-May-25,9:00 AM,2025GDL,Stone Valley,40.646675,-77.922128,263.449341,0,0,1
7/15/2025,3,Control,31-May-25,9:00 AM,2025GDL,Stone Valley,40.646675,-77.922128,263.449341,0,0,2
7/15/2025,3,Control,31-May-25,9:00 AM,2025GDL,Stone Valley,40.646675,-77.922128,263.449341,0,0,1
7/15/2025,3,Control,31-May-25,10:00 AM,2025GDL,Stone Valley,40.646675,-77.922128,263.449341,0,0,0
7/16/2025,3,Control,31-May-25,9:34 AM,2025GDL,Stone Valley,40.646675,-77.922128,263.449341,0,1,1
7/16/2025,3,Control,31-May-25,9:21 AM,2025GDL,Stone Valley,40.646675,-77.922128,263.449341,0,0,0
7/16/2025,3,Control,31-May-25,1:04 PM,2025GDL,Stone Valley,40.646675,-77.922128,263.449341,0,0,0
7/16/2025,3,Control,31-May-25,9:22 AM,2025GDL,Stone Valley,40.646675,-77.922128,263.449341,0,0,0
7/16/2025,3,Control,31-May-25,9:00 AM,2025GDL,Stone Valley,40.646675,-77.922128,263.449341,0,0,1
7/16/2025,3,Control,31-May-25,9:00 AM,2025GDL,Stone Valley,40.646675,-77.922128,263.449341,0,0,2
7/16/2025,3,Control,31-May-25,9:00 AM,2025GDL,Stone Valley,40.646675,-77.922128,263.449341,0,0,1
7/16/2025,3,Control,31-May-25,10:00 AM,2025GDL,Stone Valley,40.646675,-77.922128,263.449341,0,0,0
7/17/2025,3,Control,31-May-25,9:34 AM,2025GDL,Stone Valley,40.646675,-77.922128,263.449341,0,1,1
7/17/2025,3,Control,31-May-25,9:21 AM,2025GDL,Stone Valley,40.646675,-77.922128,263.449341,0,0,0
7/17/2025,3,Control,31-May-25,1:04 PM,2025GDL,Stone Valley,40.646675,-77.922128,263.449341,0,0,0
7/17/2025,3,Control,31-May-25,9:22 AM,2025GDL,Stone Valley,40.646675,-77.922128,263.449341,0,0,0
7/17/2025,3,Control,31-May-25,9:00 AM,2025GDL,Stone Valley,40.646675,-77.922128,263.449341,0,0,1
7/17/2025,3,Control,31-May-25,9:00 AM,2025GDL,Stone Valley,40.646675,-77.922128,263.449341,0,0,2
7/17/2025,3,Control,31-May-25,9:00 AM,2025GDL,Stone Valley,40.646675,-77.922128,263.449341,0,0,1
7/17/2025,3,Control,31-May-25,10:00 AM,2025GDL,Stone Valley,40.646675,-77.922128,263.449341,0,0,0
7/18/2025,3,Control,31-May-25,9:34 AM,2025GDL,Stone Valley,40.646675,-77.922128,263.449341,0,1,1
7/18/2025,3,Control,31-May-25,9:21 AM,2025GDL,Stone Valley,40.646675,-77.922128,263.449341,0,0,0
7/18/2025,3,Control,31-May-25,1:04 PM,2025GDL,Stone Valley,40.646675,-77.922128,263.449341,0,0,0
7/18/2025,3,Control,31-May-25,9:22 AM,2025GDL,Stone Valley,40.646675,-77.922128,263.449341,0,0,0
7/18/2025,3,Control,31-May-25,9:00 AM,2025GDL,Stone Valley,40.646675,-77.922128,263.449341,0,0,1
7/18/2025,3,Control,31-May-25,9:00 AM,2025GDL,Stone Valley,40.646675,-77.922128,263.449341,0,0,2
7/18/2025,3,Control,31-May-25,9:00 AM,2025GDL,Stone Valley,40.646675,-77.922128,263.449341,0,0,1
7/18/2025,3,Control,31-May-25,10:00 AM,2025GDL,Stone Valley,40.646675,-77.922128,263.449341,0,0,0
7/19/2025,3,Control,31-May-25,9:34 AM,2025GDL,Stone Valley,40.646675,-77.922128,263.449341,0,1,1
7/19/2025,3,Control,31-May-25,9:21 AM,2025GDL,Stone Valley,40.646675,-77.922128,263.449341,0,0,0
7/19/2025,3,Control,31-May-25,1:04 PM,2025GDL,Stone Valley,40.646675,-77.922128,263.449341,0,0,0
7/19/2025,3,Control,31-May-25,9:22 AM,2025GDL,Stone Valley,40.646675,-77.922128,263.449341,0,0,0
7/19/2025,3,Control,31-May-25,9:00 AM,2025GDL,Stone Valley,40.646675,-77.922128,263.449341,0,0,1
7/19/2025,3,Control,31-May-25,9:00 AM,2025GDL,Stone Valley,40.646675,-77.922128,263.449341,0,0,2
7/19/2025,3,Control,31-May-25,9:00 AM,2025GDL,Stone Valley,40.646675,-77.922128,263.449341,0,0,1
7/19/2025,3,Control,31-May-25,10:00 AM,2025GDL,Stone Valley,40.646675,-77.922128,263.449341,0,0,0
7/20/2025,3,Control,31-May-25,9:34 AM,2025GDL,Stone Valley,40.646675,-77.922128,263.449341,0,1,1
7/20/2025,3,Control,31-May-25,9:21 AM,2025GDL,Stone Valley,40.646675,-77.922128,263.449341,0,0,0
7/20/2025,3,Control,31-May-25,1:04 PM,2025GDL,Stone Valley,40.646675,-77.922128,263.449341,0,0,0
7/20/2025,3,Control,31-May-25,9:22 AM,2025GDL,Stone Valley,40.646675,-77.922128,263.449341,0,0,0
7/20/2025,3,Control,31-May-25,9:00 AM,2025GDL,Stone Valley,40.646675,-77.922128,263.449341,0,0,1
7/20/2025,3,Control,31-May-25,9:00 AM,2025GDL,Stone Valley,40.646675,-77.922128,263.449341,0,0,2
7/20/2025,3,Control,31-May-25,9:00 AM,2025GDL,Stone Valley,40.646675,-77.922128,263.449341,0,0,1
7/20/2025,3,Control,31-May-25,10:00 AM,2025GDL,Stone Valley,40.646675,-77.922128,263.449341,0,0,0
7/21/2025,3,Control,31-May-25,9:34 AM,2025GDL,Stone Valley,40.646675,-77.922128,263.449341,0,1,1
7/21/2025,3,Control,31-May-25,9:21 AM,2025GDL,Stone Valley,40.646675,-77.922128,263.449341,0,0,0
7/21/2025,3,Control,31-May-25,1:04 PM,2025GDL,Stone Valley,40.646675,-77.922128,263.449341,0,0,0
7/21/2025,3,Control,31-May-25,9:22 AM,2025GDL,Stone Valley,40.646675,-77.922128,263.449341,0,0,0
7/21/2025,3,Control,31-May-25,9:00 AM,2025GDL,Stone Valley,40.646675,-77.922128,263.449341,0,0,1
7/21/2025,3,Control,31-May-25,9:00 AM,2025GDL,Stone Valley,40.646675,-77.922128,263.449341,0,0,2
7/21/2025,3,Control,31-May-25,9:00 AM,2025GDL,Stone Valley,40.646675,-77.922128,263.449341,0,0,1
7/21/2025,3,Control,31-May-25,10:00 AM,2025GDL,Stone Valley,40.646675,-77.922128,263.449341,0,0,0
7/22/2025,3,Control,31-May-25,9:34 AM,2025GDL,Stone Valley,40.646675,-77.922128,263.449341,0,1,1
7/22/2025,3,Control,31-May-25,9:21 AM,2025GDL,Stone Valley,40.646675,-77.922128,263.449341,0,0,0
7/22/2025,3,Control,31-May-25,1:04 PM,2025GDL,Stone Valley,40.646675,-77.922128,263.449341,0,0,0
7/22/2025,3,Control,31-May-25,9:22 AM,2025GDL,Stone Valley,40.646675,-77.922128,263.449341,0,0,0
7/22/2025,3,Control,31-May-25,9:00 AM,2025GDL,Stone Valley,40.646675,-77.922128,263.449341,0,0,1
7/22/2025,3,Control,31-May-25,9:00 AM,2025GDL,Stone Valley,40.646675,-77.922128,263.449341,0,0,2
7/22/2025,3,Control,31-May-25,9:00 AM,2025GDL,Stone Valley,40.646675,-77.922128,263.449341,0,0,1
7/22/2025,3,Control,31-May-25,10:00 AM,2025GDL,Stone Valley,40.646675,-77.922128,263.449341,0,0,0
7/23/2025,3,Control,31-May-25,9:34 AM,2025GDL,Stone Valley,40.646675,-77.922128,263.449341,0,1,1
7/23/2025,3,Control,31-May-25,9:21 AM,2025GDL,Stone Valley,40.646675,-77.922128,263.449341,0,0,0
7/23/2025,3,Control,31-May-25,1:04 PM,2025GDL,Stone Valley,40.646675,-77.922128,263.449341,0,0,0
7/23/2025,3,Control,31-May-25,9:22 AM,2025GDL,Stone Valley,40.646675,-77.922128,263.449341,0,0,0
7/23/2025,3,Control,31-May-25,9:00 AM,2025GDL,Stone Valley,40.646675,-77.922128,263.449341,0,0,1
7/23/2025,3,Control,31-May-25,9:00 AM,2025GDL,Stone Valley,40.646675,-77.922128,263.449341,0,0,2
7/23/2025,3,Control,31-May-25,9:00 AM,2025GDL,Stone Valley,40.646675,-77.922128,263.449341,0,0,1
7/23/2025,3,Control,31-May-25,10:00 AM,2025GDL,Stone Valley,40.646675,-77.922128,263.449341,0,0,0
7/24/2025,3,Control,31-May-25,9:34 AM,2025GDL,Stone Valley,40.646675,-77.922128,263.449341,0,1,1
7/24/2025,3,Control,31-May-25,9:21 AM,2025GDL,Stone Valley,40.646675,-77.922128,263.449341,0,0,0
7/24/2025,3,Control,31-May-25,1:04 PM,2025GDL,Stone Valley,40.646675,-77.922128,263.449341,0,0,0
7/24/2025,3,Control,31-May-25,9:22 AM,2025GDL,Stone Valley,40.646675,-77.922128,263.449341,0,0,0
7/24/2025,3,Control,31-May-25,9:00 AM,2025GDL,Stone Valley,40.646675,-77.922128,263.449341,0,0,1
7/24/2025,3,Control,31-May-25,9:00 AM,2025GDL,Stone Valley,40.646675,-77.922128,263.449341,0,0,2
7/24/2025,3,Control,31-May-25,9:00 AM,2025GDL,Stone Valley,40.646675,-77.922128,263.449341,0,0,1
7/24/2025,3,Control,31-May-25,10:00 AM,2025GDL,Stone Valley,40.646675,-77.922128,263.449341,0,0,0
7/25/2025,3,Control,31-May-25,9:34 AM,2025GDL,Stone Valley,40.646675,-77.922128,263.449341,0,1,1
7/25/2025,3,Control,31-May-25,9:21 AM,2025GDL,Stone Valley,40.646675,-77.922128,263.449341,0,0,0
7/25/2025,3,Control,31-May-25,1:04 PM,2025GDL,Stone Valley,40.646675,-77.922128,263.449341,0,0,0
7/25/2025,3,Control,31-May-25,9:22 AM,2025GDL,Stone Valley,40.646675,-77.922128,263.449341,0,0,0
7/25/2025,3,Control,31-May-25,9:00 AM,2025GDL,Stone Valley,40.646675,-77.922128,263.449341,0,0,1
7/25/2025,3,Control,31-May-25,9:00 AM,2025GDL,Stone Valley,40.646675,-77.922128,263.449341,0,0,2
7/25/2025,3,Control,31-May-25,9:00 AM,2025GDL,Stone Valley,40.646675,-77.922128,263.449341,0,0,1
7/25/2025,3,Control,31-May-25,10:00 AM,2025GDL,Stone Valley,40.646675,-77.922128,263.449341,0,0,0
7/26/2025,3,Control,31-May-25,9:34 AM,2025GDL,Stone Valley,40.646675,-77.922128,263.449341,0,1,1
7/26/2025,3,Control,31-May-25,9:21 AM,2025GDL,Stone Valley,40.646675,-77.922128,263.449341,0,0,0
7/26/2025,3,Control,31-May-25,1:04 PM,2025GDL,Stone Valley,40.646675,-77.922128,263.449341,0,0,0
7/26/2025,3,Control,31-May-25,9:22 AM,2025GDL,Stone Valley,40.646675,-77.922128,263.449341,0,0,0
7/26/2025,3,Control,31-May-25,9:00 AM,2025GDL,Stone Valley,40.646675,-77.922128,263.449341,0,0,1
7/26/2025,3,Control,31-May-25,9:00 AM,2025GDL,Stone Valley,40.646675,-77.922128,263.449341,0,0,2
7/26/2025,3,Control,31-May-25,9:00 AM,2025GDL,Stone Valley,40.646675,-77.922128,263.449341,0,0,1
7/26/2025,3,Control,31-May-25,10:00 AM,2025GDL,Stone Valley,40.646675,-77.922128,263.449341,0,0,0
7/27/2025,3,Control,31-May-25,9:34 AM,2025GDL,Stone Valley,40.646675,-77.922128,263.449341,0,1,1
7/27/2025,3,Control,31-May-25,9:21 AM,2025GDL,Stone Valley,40.646675,-77.922128,263.449341,0,0,0
7/27/2025,3,Control,31-May-25,1:04 PM,2025GDL,Stone Valley,40.646675,-77.922128,263.449341,0,0,0
7/27/2025,3,Control,31-May-25,9:22 AM,2025GDL,Stone Valley,40.646675,-77.922128,263.449341,0,0,0
7/27/2025,3,Control,31-May-25,9:00 AM,2025GDL,Stone Valley,40.646675,-77.922128,263.449341,0,0,1
7/27/2025,3,Control,31-May-25,9:00 AM,2025GDL,Stone Valley,40.646675,-77.922128,263.449341,0,0,2
7/27/2025,3,Control,31-May-25,9:00 AM,2025GDL,Stone Valley,40.646675,-77.922128,263.449341,0,0,1
7/27/2025,3,Control,31-May-25,10:00 AM,2025GDL,Stone Valley,40.646675,-77.922128,263.449341,0,0,0
7/28/2025,3,Control,31-May-25,9:34 AM,2025GDL,Stone Valley,40.646675,-77.922128,263.449341,0,1,1
7/28/2025,3,Control,31-May-25,9:21 AM,2025GDL,Stone Valley,40.646675,-77.922128,263.449341,0,0,0
7/28/2025,3,Control,31-May-25,1:04 PM,2025GDL,Stone Valley,40.646675,-77.922128,263.449341,0,0,0
7/28/2025,3,Control,31-May-25,9:22 AM,2025GDL,Stone Valley,40.646675,-77.922128,263.449341,0,0,0
7/28/2025,3,Control,31-May-25,9:00 AM,2025GDL,Stone Valley,40.646675,-77.922128,263.449341,0,0,1
7/28/2025,3,Control,31-May-25,9:00 AM,2025GDL,Stone Valley,40.646675,-77.922128,263.449341,0,0,2
7/28/2025,3,Control,31-May-25,9:00 AM,2025GDL,Stone Valley,40.646675,-77.922128,263.449341,0,0,1
7/28/2025,3,Control,31-May-25,10:00 AM,2025GDL,Stone Valley,40.646675,-77.922128,263.449341,0,0,0
7/29/2025,3,Control,31-May-25,9:34 AM,2025GDL,Stone Valley,40.646675,-77.922128,263.449341,0,1,1
7/29/2025,3,Control,31-May-25,9:21 AM,2025GDL,Stone Valley,40.646675,-77.922128,263.449341,0,0,0
7/29/2025,3,Control,31-May-25,1:04 PM,2025GDL,Stone Valley,40.646675,-77.922128,263.449341,0,0,0
7/29/2025,3,Control,31-May-25,9:22 AM,2025GDL,Stone Valley,40.646675,-77.922128,263.449341,0,0,0
7/29/2025,3,Control,31-May-25,9:00 AM,2025GDL,Stone Valley,40.646675,-77.922128,263.449341,0,0,1
7/29/2025,3,Control,31-May-25,9:00 AM,2025GDL,Stone Valley,40.646675,-77.922128,263.449341,0,0,2
7/29/2025,3,Control,31-May-25,9:00 AM,2025GDL,Stone Valley,40.646675,-77.922128,263.449341,0,0,1
7/29/2025,3,Control,31-May-25,10:00 AM,2025GDL,Stone Valley,40.646675,-77.922128,263.449341,0,0,0
7/30/2025,3,Control,31-May-25,9:34 AM,2025GDL,Stone Valley,40.646675,-77.922128,263.449341,0,1,1
7/30/2025,3,Control,31-May-25,9:21 AM,2025GDL,Stone Valley,40.646675,-77.922128,263.449341,0,0,0
7/30/2025,3,Control,31-May-25,1:04 PM,2025GDL,Stone Valley,40.646675,-77.922128,263.449341,0,0,0
7/30/2025,3,Control,31-May-25,9:22 AM,2025GDL,Stone Valley,40.646675,-77.922128,263.449341,0,0,0
7/30/2025,3,Control,31-May-25,9:00 AM,2025GDL,Stone Valley,40.646675,-77.922128,263.449341,0,0,1
7/30/2025,3,Control,31-May-25,9:00 AM,2025GDL,Stone Valley,40.646675,-77.922128,263.449341,0,0,2
7/30/2025,3,Control,31-May-25,9:00 AM,2025GDL,Stone Valley,40.646675,-77.922128,263.449341,0,0,1
7/30/2025,3,Control,31-May-25,10:00 AM,2025GDL,Stone Valley,40.646675,-77.922128,263.449341,0,0,0
7/31/2025,3,Control,31-May-25,9:34 AM,2025GDL,Stone Valley,40.646675,-77.922128,263.449341,0,1,1
7/31/2025,3,Control,31-May-25,9:21 AM,2025GDL,Stone Valley,40.646675,-77.922128,263.449341,0,0,0
7/31/2025,3,Control,31-May-25,1:04 PM,2025GDL,Stone Valley,40.646675,-77.922128,263.449341,0,0,0
7/31/2025,3,Control,31-May-25,9:22 AM,2025GDL,Stone Valley,40.646675,-77.922128,263.449341,0,0,0
7/31/2025,3,Control,31-May-25,9:00 AM,2025GDL,Stone Valley,40.646675,-77.922128,263.449341,0,0,1
7/31/2025,3,Control,31-May-25,9:00 AM,2025GDL,Stone Valley,40.646675,-77.922128,263.449341,0,0,2
7/31/2025,3,Control,31-May-25,9:00 AM,2025GDL,Stone Valley,40.646675,-77.922128,263.449341,0,0,1
7/31/2025,3,Control,31-May-25,10:00 AM,2025GDL,Stone Valley,40.646675,-77.922128,263.449341,0,0,0
8/1/2025,3,Control,31-May-25,9:34 AM,2025GDL,Stone Valley,40.646675,-77.922128,263.449341,0,1,1
8/1/2025,3,Control,31-May-25,9:21 AM,2025GDL,Stone Valley,40.646675,-77.922128,263.449341,0,0,0
8/1/2025,3,Control,31-May-25,1:04 PM,2025GDL,Stone Valley,40.646675,-77.922128,263.449341,0,0,0
8/1/2025,3,Control,31-May-25,9:22 AM,2025GDL,Stone Valley,40.646675,-77.922128,263.449341,0,0,0
8/1/2025,3,Control,31-May-25,9:00 AM,2025GDL,Stone Valley,40.646675,-77.922128,263.449341,0,0,1
8/1/2025,3,Control,31-May-25,9:00 AM,2025GDL,Stone Valley,40.646675,-77.922128,263.449341,0,0,2
8/1/2025,3,Control,31-May-25,9:00 AM,2025GDL,Stone Valley,40.646675,-77.922128,263.449341,0,0,1
8/1/2025,3,Control,31-May-25,10:00 AM,2025GDL,Stone Valley,40.646675,-77.922128,263.449341,0,0,0
8/2/2025,3,Control,31-May-25,9:34 AM,2025GDL,Stone Valley,40.646675,-77.922128,263.449341,0,1,1
8/2/2025,3,Control,31-May-25,9:21 AM,2025GDL,Stone Valley,40.646675,-77.922128,263.449341,0,0,0
8/2/2025,3,Control,31-May-25,1:04 PM,2025GDL,Stone Valley,40.646675,-77.922128,263.449341,0,0,0
8/2/2025,3,Control,31-May-25,9:22 AM,2025GDL,Stone Valley,40.646675,-77.922128,263.449341,0,0,0
8/2/2025,3,Control,31-May-25,9:00 AM,2025GDL,Stone Valley,40.646675,-77.922128,263.449341,0,0,1
8/2/2025,3,Control,31-May-25,9:00 AM,2025GDL,Stone Valley,40.646675,-77.922128,263.449341,0,0,2
8/2/2025,3,Control,31-May-25,9:00 AM,2025GDL,Stone Valley,40.646675,-77.922128,263.449341,0,0,1
8/2/2025,3,Control,31-May-25,10:00 AM,2025GDL,Stone Valley,40.646675,-77.922128,263.449341,0,0,0
8/3/2025,3,Control,31-May-25,9:34 AM,2025GDL,Stone Valley,40.646675,-77.922128,263.449341,0,1,1
8/3/2025,3,Control,31-May-25,9:21 AM,2025GDL,Stone Valley,40.646675,-77.922128,263.449341,0,0,0
8/3/2025,3,Control,31-May-25,1:04 PM,2025GDL,Stone Valley,40.646675,-77.922128,263.449341,0,0,0
8/3/2025,3,Control,31-May-25,9:22 AM,2025GDL,Stone Valley,40.646675,-77.922128,263.449341,0,0,0
8/3/2025,3,Control,31-May-25,9:00 AM,2025GDL,Stone Valley,40.646675,-77.922128,263.449341,0,0,1
8/3/2025,3,Control,31-May-25,9:00 AM,2025GDL,Stone Valley,40.646675,-77.922128,263.449341,0,0,2
8/3/2025,3,Control,31-May-25,9:00 AM,2025GDL,Stone Valley,40.646675,-77.922128,263.449341,0,0,1
8/3/2025,3,Control,31-May-25,10:00 AM,2025GDL,Stone Valley,40.646675,-77.922128,263.449341,0,0,0
8/4/2025,3,Control,31-May-25,9:34 AM,2025GDL,Stone Valley,40.646675,-77.922128,263.449341,0,1,1
8/4/2025,3,Control,31-May-25,9:21 AM,2025GDL,Stone Valley,40.646675,-77.922128,263.449341,0,0,0
8/4/2025,3,Control,31-May-25,1:04 PM,2025GDL,Stone Valley,40.646675,-77.922128,263.449341,0,0,0
8/4/2025,3,Control,31-May-25,9:22 AM,2025GDL,Stone Valley,40.646675,-77.922128,263.449341,0,0,0
8/4/2025,3,Control,31-May-25,9:00 AM,2025GDL,Stone Valley,40.646675,-77.922128,263.449341,0,0,1
8/4/2025,3,Control,31-May-25,9:00 AM,2025GDL,Stone Valley,40.646675,-77.922128,263.449341,0,0,2
8/4/2025,3,Control,31-May-25,9:00 AM,2025GDL,Stone Valley,40.646675,-77.922128,263.449341,0,0,1
8/4/2025,3,Control,31-May-25,10:00 AM,2025GDL,Stone Valley,40.646675,-77.922128,263.449341,0,0,0
8/5/2025,3,Control,31-May-25,9:34 AM,2025GDL,Stone Valley,40.646675,-77.922128,263.449341,0,1,1
8/5/2025,3,Control,31-May-25,9:21 AM,2025GDL,Stone Valley,40.646675,-77.922128,263.449341,0,0,0
8/5/2025,3,Control,31-May-25,1:04 PM,2025GDL,Stone Valley,40.646675,-77.922128,263.449341,0,0,0
8/5/2025,3,Control,31-May-25,9:22 AM,2025GDL,Stone Valley,40.646675,-77.922128,263.449341,0,0,0
8/5/2025,3,Control,31-May-25,9:00 AM,2025GDL,Stone Valley,40.646675,-77.922128,263.449341,0,0,1
8/5/2025,3,Control,31-May-25,9:00 AM,2025GDL,Stone Valley,40.646675,-77.922128,263.449341,0,0,2
8/5/2025,3,Control,31-May-25,9:00 AM,2025GDL,Stone Valley,40.646675,-77.922128,263.449341,0,0,1
8/5/2025,3,Control,31-May-25,10:00 AM,2025GDL,Stone Valley,40.646675,-77.922128,263.449341,0,0,0
8/6/2025,3,Control,31-May-25,9:34 AM,2025GDL,Stone Valley,40.646675,-77.922128,263.449341,0,1,1
8/6/2025,3,Control,31-May-25,9:21 AM,2025GDL,Stone Valley,40.646675,-77.922128,263.449341,0,0,0
8/6/2025,3,Control,31-May-25,1:04 PM,2025GDL,Stone Valley,40.646675,-77.922128,263.449341,0,0,0
8/6/2025,3,Control,31-May-25,9:22 AM,2025GDL,Stone Valley,40.646675,-77.922128,263.449341,0,0,0
8/6/2025,3,Control,31-May-25,9:00 AM,2025GDL,Stone Valley,40.646675,-77.922128,263.449341,0,0,1
8/6/2025,3,Control,31-May-25,9:00 AM,2025GDL,Stone Valley,40.646675,-77.922128,263.449341,0,0,2
8/6/2025,3,Control,31-May-25,9:00 AM,2025GDL,Stone Valley,40.646675,-77.922128,263.449341,0,0,1
8/6/2025,3,Control,31-May-25,10:00 AM,2025GDL,Stone Valley,40.646675,-77.922128,263.449341,0,0,0
8/7/2025,3,Control,31-May-25,9:34 AM,2025GDL,Stone Valley,40.646675,-77.922128,263.449341,0,1,1
8/7/2025,3,Control,31-May-25,9:21 AM,2025GDL,Stone Valley,40.646675,-77.922128,263.449341,0,0,0
8/7/2025,3,Control,31-May-25,1:04 PM,2025GDL,Stone Valley,40.646675,-77.922128,263.449341,0,0,0
8/7/2025,3,Control,31-May-25,9:22 AM,2025GDL,Stone Valley,40.646675,-77.922128,263.449341,0,0,0
8/7/2025,3,Control,31-May-25,9:00 AM,2025GDL,Stone Valley,40.646675,-77.922128,263.449341,0,0,1
8/7/2025,3,Control,31-May-25,9:00 AM,2025GDL,Stone Valley,40.646675,-77.922128,263.449341,0,0,2
8/7/2025,3,Control,31-May-25,9:00 AM,2025GDL,Stone Valley,40.646675,-77.922128,263.449341,0,0,1
8/7/2025,3,Control,31-May-25,10:00 AM,2025GDL,Stone Valley,40.646675,-77.922128,263.449341,0,0,0
8/8/2025,3,Control,31-May-25,9:34 AM,2025GDL,Stone Valley,40.646675,-77.922128,263.449341,0,1,1
8/8/2025,3,Control,31-May-25,9:21 AM,2025GDL,Stone Valley,40.646675,-77.922128,263.449341,0,0,0
8/8/2025,3,Control,31-May-25,1:04 PM,2025GDL,Stone Valley,40.646675,-77.922128,263.449341,0,0,0
8/8/2025,3,Control,31-May-25,9:22 AM,2025GDL,Stone Valley,40.646675,-77.922128,263.449341,0,0,0
8/8/2025,3,Control,31-May-25,9:00 AM,2025GDL,Stone Valley,40.646675,-77.922128,263.449341,0,0,1
8/8/2025,3,Control,31-May-25,9:00 AM,2025GDL,Stone Valley,40.646675,-77.922128,263.449341,0,0,2
8/8/2025,3,Control,31-May-25,9:00 AM,2025GDL,Stone Valley,40.646675,-77.922128,263.449341,0,0,1
8/8/2025,3,Control,31-May-25,10:00 AM,2025GDL,Stone Valley,40.646675,-77.922128,263.449341,0,0,0
8/9/2025,3,Control,31-May-25,9:34 AM,2025GDL,Stone Valley,40.646675,-77.922128,263.449341,0,1,1
8/9/2025,3,Control,31-May-25,9:21 AM,2025GDL,Stone Valley,40.646675,-77.922128,263.449341,0,0,0
8/9/2025,3,Control,31-May-25,1:04 PM,2025GDL,Stone Valley,40.646675,-77.922128,263.449341,0,0,0
8/9/2025,3,Control,31-May-25,9:22 AM,2025GDL,Stone Valley,40.646675,-77.922128,263.449341,0,0,0
8/9/2025,3,Control,31-May-25,9:00 AM,2025GDL,Stone Valley,40.646675,-77.922128,263.449341,0,0,1
8/9/2025,3,Control,31-May-25,9:00 AM,2025GDL,Stone Valley,40.646675,-77.922128,263.449341,0,0,2
8/9/2025,3,Control,31-May-25,9:00 AM,2025GDL,Stone Valley,40.646675,-77.922128,263.449341,0,0,1
8/9/2025,3,Control,31-May-25,10:00 AM,2025GDL,Stone Valley,40.646675,-77.922128,263.449341,0,0,0
8/10/2025,3,Control,31-May-25,9:34 AM,2025GDL,Stone Valley,40.646675,-77.922128,263.449341,0,1,1
8/10/2025,3,Control,31-May-25,9:21 AM,2025GDL,Stone Valley,40.646675,-77.922128,263.449341,0,0,0
8/10/2025,3,Control,31-May-25,1:04 PM,2025GDL,Stone Valley,40.646675,-77.922128,263.449341,0,0,0
8/10/2025,3,Control,31-May-25,9:22 AM,2025GDL,Stone Valley,40.646675,-77.922128,263.449341,0,0,0
8/10/2025,3,Control,31-May-25,9:00 AM,2025GDL,Stone Valley,40.646675,-77.922128,263.449341,0,0,1
8/10/2025,3,Control,31-May-25,9:00 AM,2025GDL,Stone Valley,40.646675,-77.922128,263.449341,0,0,2
8/10/2025,3,Control,31-May-25,9:00 AM,2025GDL,Stone Valley,40.646675,-77.922128,263.449341,0,0,1
8/10/2025,3,Control,31-May-25,10:00 AM,2025GDL,Stone Valley,40.646675,-77.922128,263.449341,0,0,0
8/11/2025,3,Control,31-May-25,9:34 AM,2025GDL,Stone Valley,40.646675,-77.922128,263.449341,0,1,1
8/11/2025,3,Control,31-May-25,9:21 AM,2025GDL,Stone Valley,40.646675,-77.922128,263.449341,0,0,0
8/11/2025,3,Control,31-May-25,1:04 PM,2025GDL,Stone Valley,40.646675,-77.922128,263.449341,0,0,0
8/11/2025,3,Control,31-May-25,9:22 AM,2025GDL,Stone Valley,40.646675,-77.922128,263.449341,0,0,0
8/11/2025,3,Control,31-May-25,9:00 AM,2025GDL,Stone Valley,40.646675,-77.922128,263.449341,0,0,1
8/11/2025,3,Control,31-May-25,9:00 AM,2025GDL,Stone Valley,40.646675,-77.922128,263.449341,0,0,2
8/11/2025,3,Control,31-May-25,9:00 AM,2025GDL,Stone Valley,40.646675,-77.922128,263.449341,0,0,1
8/11/2025,3,Control,31-May-25,10:00 AM,2025GDL,Stone Valley,40.646675,-77.922128,263.449341,0,0,0
8/12/2025,3,Control,31-May-25,9:34 AM,2025GDL,Stone Valley,40.646675,-77.922128,263.449341,0,1,1
8/12/2025,3,Control,31-May-25,9:21 AM,2025GDL,Stone Valley,40.646675,-77.922128,263.449341,0,0,0
8/12/2025,3,Control,31-May-25,1:04 PM,2025GDL,Stone Valley,40.646675,-77.922128,263.449341,0,0,0
8/12/2025,3,Control,31-May-25,9:22 AM,2025GDL,Stone Valley,40.646675,-77.922128,263.449341,0,0,0
8/12/2025,3,Control,31-May-25,9:00 AM,2025GDL,Stone Valley,40.646675,-77.922128,263.449341,0,0,1
8/12/2025,3,Control,31-May-25,9:00 AM,2025GDL,Stone Valley,40.646675,-77.922128,263.449341,0,0,2
8/12/2025,3,Control,31-May-25,9:00 AM,2025GDL,Stone Valley,40.646675,-77.922128,263.449341,0,0,1
8/12/2025,3,Control,31-May-25,10:00 AM,2025GDL,Stone Valley,40.646675,-77.922128,263.449341,0,0,0
8/13/2025,3,Control,31-May-25,9:34 AM,2025GDL,Stone Valley,40.646675,-77.922128,263.449341,0,1,1
8/13/2025,3,Control,31-May-25,9:21 AM,2025GDL,Stone Valley,40.646675,-77.922128,263.449341,0,0,0
8/13/2025,3,Control,31-May-25,1:04 PM,2025GDL,Stone Valley,40.646675,-77.922128,263.449341,0,0,0
8/13/2025,3,Control,31-May-25,9:22 AM,2025GDL,Stone Valley,40.646675,-77.922128,263.449341,0,0,0
8/13/2025,3,Control,31-May-25,9:00 AM,2025GDL,Stone Valley,40.646675,-77.922128,263.449341,0,0,1
8/13/2025,3,Control,31-May-25,9:00 AM,2025GDL,Stone Valley,40.646675,-77.922128,263.449341,0,0,2
8/13/2025,3,Control,31-May-25,9:00 AM,2025GDL,Stone Valley,40.646675,-77.922128,263.449341,0,0,1
8/13/2025,3,Control,31-May-25,10:00 AM,2025GDL,Stone Valley,40.646675,-77.922128,263.449341,0,0,0
8/14/2025,3,Control,31-May-25,9:34 AM,2025GDL,Stone Valley,40.646675,-77.922128,263.449341,0,1,1
8/14/2025,3,Control,31-May-25,9:21 AM,2025GDL,Stone Valley,40.646675,-77.922128,263.449341,0,0,0
8/14/2025,3,Control,31-May-25,1:04 PM,2025GDL,Stone Valley,40.646675,-77.922128,263.449341,0,0,0
8/14/2025,3,Control,31-May-25,9:22 AM,2025GDL,Stone Valley,40.646675,-77.922128,263.449341,0,0,0
8/14/2025,3,Control,31-May-25,9:00 AM,2025GDL,Stone Valley,40.646675,-77.922128,263.449341,0,0,1
8/14/2025,3,Control,31-May-25,9:00 AM,2025GDL,Stone Valley,40.646675,-77.922128,263.449341,0,0,2
8/14/2025,3,Control,31-May-25,9:00 AM,2025GDL,Stone Valley,40.646675,-77.922128,263.449341,0,0,1
8/14/2025,3,Control,31-May-25,10:00 AM,2025GDL,Stone Valley,40.646675,-77.922128,263.449341,0,0,0
8/15/2025,3,Control,31-May-25,9:34 AM,2025GDL,Stone Valley,40.646675,-77.922128,263.449341,0,1,1
8/15/2025,3,Control,31-May-25,9:21 AM,2025GDL,Stone Valley,40.646675,-77.922128,263.449341,0,0,0
8/15/2025,3,Control,31-May-25,1:04 PM,2025GDL,Stone Valley,40.646675,-77.922128,263.449341,0,0,0
8/15/2025,3,Control,31-May-25,9:22 AM,2025GDL,Stone Valley,40.646675,-77.922128,263.449341,0,0,0
8/15/2025,3,Control,31-May-25,9:00 AM,2025GDL,Stone Valley,40.646675,-77.922128,263.449341,0,0,1
8/15/2025,3,Control,31-May-25,9:00 AM,2025GDL,Stone Valley,40.646675,-77.922128,263.449341,0,0,2
8/15/2025,3,Control,31-May-25,9:00 AM,2025GDL,Stone Valley,40.646675,-77.922128,263.449341,0,0,1
8/15/2025,3,Control,31-May-25,10:00 AM,2025GDL,Stone Valley,40.646675,-77.922128,263.449341,0,0,0
6/1/2025,4,Control,31-May-25,9:50 AM,2025GDL,Stone Valley,40.648632,-77.919038,266.648132,0,0,4
6/1/2025,4,Control,31-May-25,9:34 AM,2025GDL,Stone Valley,40.648632,-77.919038,266.648132,0,0,0
6/1/2025,4,Control,31-May-25,1:15 PM,2025GDL,Stone Valley,40.648632,-77.919038,266.648132,0,0,2
6/1/2025,4,Control,31-May-25,9:40 AM,2025GDL,Stone Valley,40.648632,-77.919038,266.648132,0,0,0
6/1/2025,4,Control,31-May-25,9:00 AM,2025GDL,Stone Valley,40.648632,-77.919038,266.648132,0,0,1
6/1/2025,4,Control,31-May-25,9:00 AM,2025GDL,Stone Valley,40.64591,77.92306,NA,1,0,0
6/1/2025,4,Control,31-May-25,9:00 AM,2025GDL,Stone Valley,40.64591,77.92306,NA,0,0,3
6/1/2025,4,Control,31-May-25,10:00 AM,2025GDL,Stone Valley,40.64591,77.92306,NA,0,0,1
6/2/2025,4,Control,31-May-25,9:50 AM,2025GDL,Stone Valley,40.648632,-77.919038,266.648132,0,0,4
6/2/2025,4,Control,31-May-25,9:34 AM,2025GDL,Stone Valley,40.648632,-77.919038,266.648132,0,0,0
6/2/2025,4,Control,31-May-25,1:15 PM,2025GDL,Stone Valley,40.648632,-77.919038,266.648132,0,0,2
6/2/2025,4,Control,31-May-25,9:40 AM,2025GDL,Stone Valley,40.648632,-77.919038,266.648132,0,0,0
6/2/2025,4,Control,31-May-25,9:00 AM,2025GDL,Stone Valley,40.648632,-77.919038,266.648132,0,0,1
6/2/2025,4,Control,31-May-25,9:00 AM,2025GDL,Stone Valley,40.64591,77.92306,NA,1,0,0
6/2/2025,4,Control,31-May-25,9:00 AM,2025GDL,Stone Valley,40.64591,77.92306,NA,0,0,3
6/2/2025,4,Control,31-May-25,10:00 AM,2025GDL,Stone Valley,40.64591,77.92306,NA,0,0,1
6/3/2025,4,Control,31-May-25,9:50 AM,2025GDL,Stone Valley,40.648632,-77.919038,266.648132,0,0,4
6/3/2025,4,Control,31-May-25,9:34 AM,2025GDL,Stone Valley,40.648632,-77.919038,266.648132,0,0,0
6/3/2025,4,Control,31-May-25,1:15 PM,2025GDL,Stone Valley,40.648632,-77.919038,266.648132,0,0,2
6/3/2025,4,Control,31-May-25,9:40 AM,2025GDL,Stone Valley,40.648632,-77.919038,266.648132,0,0,0
6/3/2025,4,Control,31-May-25,9:00 AM,2025GDL,Stone Valley,40.648632,-77.919038,266.648132,0,0,1
6/3/2025,4,Control,31-May-25,9:00 AM,2025GDL,Stone Valley,40.64591,77.92306,NA,1,0,0
6/3/2025,4,Control,31-May-25,9:00 AM,2025GDL,Stone Valley,40.64591,77.92306,NA,0,0,3
6/3/2025,4,Control,31-May-25,10:00 AM,2025GDL,Stone Valley,40.64591,77.92306,NA,0,0,1
6/4/2025,4,Control,31-May-25,9:50 AM,2025GDL,Stone Valley,40.648632,-77.919038,266.648132,0,0,4
6/4/2025,4,Control,31-May-25,9:34 AM,2025GDL,Stone Valley,40.648632,-77.919038,266.648132,0,0,0
6/4/2025,4,Control,31-May-25,1:15 PM,2025GDL,Stone Valley,40.648632,-77.919038,266.648132,0,0,2
6/4/2025,4,Control,31-May-25,9:40 AM,2025GDL,Stone Valley,40.648632,-77.919038,266.648132,0,0,0
6/4/2025,4,Control,31-May-25,9:00 AM,2025GDL,Stone Valley,40.648632,-77.919038,266.648132,0,0,1
6/4/2025,4,Control,31-May-25,9:00 AM,2025GDL,Stone Valley,40.64591,77.92306,NA,1,0,0
6/4/2025,4,Control,31-May-25,9:00 AM,2025GDL,Stone Valley,40.64591,77.92306,NA,0,0,3
6/4/2025,4,Control,31-May-25,10:00 AM,2025GDL,Stone Valley,40.64591,77.92306,NA,0,0,1
6/5/2025,4,Control,31-May-25,9:50 AM,2025GDL,Stone Valley,40.648632,-77.919038,266.648132,0,0,4
6/5/2025,4,Control,31-May-25,9:34 AM,2025GDL,Stone Valley,40.648632,-77.919038,266.648132,0,0,0
6/5/2025,4,Control,31-May-25,1:15 PM,2025GDL,Stone Valley,40.648632,-77.919038,266.648132,0,0,2
6/5/2025,4,Control,31-May-25,9:40 AM,2025GDL,Stone Valley,40.648632,-77.919038,266.648132,0,0,0
6/5/2025,4,Control,31-May-25,9:00 AM,2025GDL,Stone Valley,40.648632,-77.919038,266.648132,0,0,1
6/5/2025,4,Control,31-May-25,9:00 AM,2025GDL,Stone Valley,40.64591,77.92306,NA,1,0,0
6/5/2025,4,Control,31-May-25,9:00 AM,2025GDL,Stone Valley,40.64591,77.92306,NA,0,0,3
6/5/2025,4,Control,31-May-25,10:00 AM,2025GDL,Stone Valley,40.64591,77.92306,NA,0,0,1
6/6/2025,4,Control,31-May-25,9:50 AM,2025GDL,Stone Valley,40.648632,-77.919038,266.648132,0,0,4
6/6/2025,4,Control,31-May-25,9:34 AM,2025GDL,Stone Valley,40.648632,-77.919038,266.648132,0,0,0
6/6/2025,4,Control,31-May-25,1:15 PM,2025GDL,Stone Valley,40.648632,-77.919038,266.648132,0,0,2
6/6/2025,4,Control,31-May-25,9:40 AM,2025GDL,Stone Valley,40.648632,-77.919038,266.648132,0,0,0
6/6/2025,4,Control,31-May-25,9:00 AM,2025GDL,Stone Valley,40.648632,-77.919038,266.648132,0,0,1
6/6/2025,4,Control,31-May-25,9:00 AM,2025GDL,Stone Valley,40.64591,77.92306,NA,1,0,0
6/6/2025,4,Control,31-May-25,9:00 AM,2025GDL,Stone Valley,40.64591,77.92306,NA,0,0,3
6/6/2025,4,Control,31-May-25,10:00 AM,2025GDL,Stone Valley,40.64591,77.92306,NA,0,0,1
6/7/2025,4,Control,31-May-25,9:50 AM,2025GDL,Stone Valley,40.648632,-77.919038,266.648132,0,0,4
6/7/2025,4,Control,31-May-25,9:34 AM,2025GDL,Stone Valley,40.648632,-77.919038,266.648132,0,0,0
6/7/2025,4,Control,31-May-25,1:15 PM,2025GDL,Stone Valley,40.648632,-77.919038,266.648132,0,0,2
6/7/2025,4,Control,31-May-25,9:40 AM,2025GDL,Stone Valley,40.648632,-77.919038,266.648132,0,0,0
6/7/2025,4,Control,31-May-25,9:00 AM,2025GDL,Stone Valley,40.648632,-77.919038,266.648132,0,0,1
6/7/2025,4,Control,31-May-25,9:00 AM,2025GDL,Stone Valley,40.64591,77.92306,NA,1,0,0
6/7/2025,4,Control,31-May-25,9:00 AM,2025GDL,Stone Valley,40.64591,77.92306,NA,0,0,3
6/7/2025,4,Control,31-May-25,10:00 AM,2025GDL,Stone Valley,40.64591,77.92306,NA,0,0,1
6/8/2025,4,Control,31-May-25,9:50 AM,2025GDL,Stone Valley,40.648632,-77.919038,266.648132,0,0,4
6/8/2025,4,Control,31-May-25,9:34 AM,2025GDL,Stone Valley,40.648632,-77.919038,266.648132,0,0,0
6/8/2025,4,Control,31-May-25,1:15 PM,2025GDL,Stone Valley,40.648632,-77.919038,266.648132,0,0,2
6/8/2025,4,Control,31-May-25,9:40 AM,2025GDL,Stone Valley,40.648632,-77.919038,266.648132,0,0,0
6/8/2025,4,Control,31-May-25,9:00 AM,2025GDL,Stone Valley,40.648632,-77.919038,266.648132,0,0,1
6/8/2025,4,Control,31-May-25,9:00 AM,2025GDL,Stone Valley,40.64591,77.92306,NA,1,0,0
6/8/2025,4,Control,31-May-25,9:00 AM,2025GDL,Stone Valley,40.64591,77.92306,NA,0,0,3
6/8/2025,4,Control,31-May-25,10:00 AM,2025GDL,Stone Valley,40.64591,77.92306,NA,0,0,1
6/9/2025,4,Control,31-May-25,9:50 AM,2025GDL,Stone Valley,40.648632,-77.919038,266.648132,0,0,4
6/9/2025,4,Control,31-May-25,9:34 AM,2025GDL,Stone Valley,40.648632,-77.919038,266.648132,0,0,0
6/9/2025,4,Control,31-May-25,1:15 PM,2025GDL,Stone Valley,40.648632,-77.919038,266.648132,0,0,2
6/9/2025,4,Control,31-May-25,9:40 AM,2025GDL,Stone Valley,40.648632,-77.919038,266.648132,0,0,0
6/9/2025,4,Control,31-May-25,9:00 AM,2025GDL,Stone Valley,40.648632,-77.919038,266.648132,0,0,1
6/9/2025,4,Control,31-May-25,9:00 AM,2025GDL,Stone Valley,40.64591,77.92306,NA,1,0,0
6/9/2025,4,Control,31-May-25,9:00 AM,2025GDL,Stone Valley,40.64591,77.92306,NA,0,0,3
6/9/2025,4,Control,31-May-25,10:00 AM,2025GDL,Stone Valley,40.64591,77.92306,NA,0,0,1
6/10/2025,4,Control,31-May-25,9:50 AM,2025GDL,Stone Valley,40.648632,-77.919038,266.648132,0,0,4
6/10/2025,4,Control,31-May-25,9:34 AM,2025GDL,Stone Valley,40.648632,-77.919038,266.648132,0,0,0
6/10/2025,4,Control,31-May-25,1:15 PM,2025GDL,Stone Valley,40.648632,-77.919038,266.648132,0,0,2
6/10/2025,4,Control,31-May-25,9:40 AM,2025GDL,Stone Valley,40.648632,-77.919038,266.648132,0,0,0
6/10/2025,4,Control,31-May-25,9:00 AM,2025GDL,Stone Valley,40.648632,-77.919038,266.648132,0,0,1
6/10/2025,4,Control,31-May-25,9:00 AM,2025GDL,Stone Valley,40.64591,77.92306,NA,1,0,0
6/10/2025,4,Control,31-May-25,9:00 AM,2025GDL,Stone Valley,40.64591,77.92306,NA,0,0,3
6/10/2025,4,Control,31-May-25,10:00 AM,2025GDL,Stone Valley,40.64591,77.92306,NA,0,0,1
6/11/2025,4,Control,31-May-25,9:50 AM,2025GDL,Stone Valley,40.648632,-77.919038,266.648132,0,0,4
6/11/2025,4,Control,31-May-25,9:34 AM,2025GDL,Stone Valley,40.648632,-77.919038,266.648132,0,0,0
6/11/2025,4,Control,31-May-25,1:15 PM,2025GDL,Stone Valley,40.648632,-77.919038,266.648132,0,0,2
6/11/2025,4,Control,31-May-25,9:40 AM,2025GDL,Stone Valley,40.648632,-77.919038,266.648132,0,0,0
6/11/2025,4,Control,31-May-25,9:00 AM,2025GDL,Stone Valley,40.648632,-77.919038,266.648132,0,0,1
6/11/2025,4,Control,31-May-25,9:00 AM,2025GDL,Stone Valley,40.64591,77.92306,NA,1,0,0
6/11/2025,4,Control,31-May-25,9:00 AM,2025GDL,Stone Valley,40.64591,77.92306,NA,0,0,3
6/11/2025,4,Control,31-May-25,10:00 AM,2025GDL,Stone Valley,40.64591,77.92306,NA,0,0,1
6/12/2025,4,Control,31-May-25,9:50 AM,2025GDL,Stone Valley,40.648632,-77.919038,266.648132,0,0,4
6/12/2025,4,Control,31-May-25,9:34 AM,2025GDL,Stone Valley,40.648632,-77.919038,266.648132,0,0,0
6/12/2025,4,Control,31-May-25,1:15 PM,2025GDL,Stone Valley,40.648632,-77.919038,266.648132,0,0,2
6/12/2025,4,Control,31-May-25,9:40 AM,2025GDL,Stone Valley,40.648632,-77.919038,266.648132,0,0,0
6/12/2025,4,Control,31-May-25,9:00 AM,2025GDL,Stone Valley,40.648632,-77.919038,266.648132,0,0,1
6/12/2025,4,Control,31-May-25,9:00 AM,2025GDL,Stone Valley,40.64591,77.92306,NA,1,0,0
6/12/2025,4,Control,31-May-25,9:00 AM,2025GDL,Stone Valley,40.64591,77.92306,NA,0,0,3
6/12/2025,4,Control,31-May-25,10:00 AM,2025GDL,Stone Valley,40.64591,77.92306,NA,0,0,1
6/13/2025,4,Control,31-May-25,9:50 AM,2025GDL,Stone Valley,40.648632,-77.919038,266.648132,0,0,4
6/13/2025,4,Control,31-May-25,9:34 AM,2025GDL,Stone Valley,40.648632,-77.919038,266.648132,0,0,0
6/13/2025,4,Control,31-May-25,1:15 PM,2025GDL,Stone Valley,40.648632,-77.919038,266.648132,0,0,2
6/13/2025,4,Control,31-May-25,9:40 AM,2025GDL,Stone Valley,40.648632,-77.919038,266.648132,0,0,0
6/13/2025,4,Control,31-May-25,9:00 AM,2025GDL,Stone Valley,40.648632,-77.919038,266.648132,0,0,1
6/13/2025,4,Control,31-May-25,9:00 AM,2025GDL,Stone Valley,40.64591,77.92306,NA,1,0,0
6/13/2025,4,Control,31-May-25,9:00 AM,2025GDL,Stone Valley,40.64591,77.92306,NA,0,0,3
6/13/2025,4,Control,31-May-25,10:00 AM,2025GDL,Stone Valley,40.64591,77.92306,NA,0,0,1
6/14/2025,4,Control,31-May-25,9:50 AM,2025GDL,Stone Valley,40.648632,-77.919038,266.648132,0,0,4
6/14/2025,4,Control,31-May-25,9:34 AM,2025GDL,Stone Valley,40.648632,-77.919038,266.648132,0,0,0
6/14/2025,4,Control,31-May-25,1:15 PM,2025GDL,Stone Valley,40.648632,-77.919038,266.648132,0,0,2
6/14/2025,4,Control,31-May-25,9:40 AM,2025GDL,Stone Valley,40.648632,-77.919038,266.648132,0,0,0
6/14/2025,4,Control,31-May-25,9:00 AM,2025GDL,Stone Valley,40.648632,-77.919038,266.648132,0,0,1
6/14/2025,4,Control,31-May-25,9:00 AM,2025GDL,Stone Valley,40.64591,77.92306,NA,1,0,0
6/14/2025,4,Control,31-May-25,9:00 AM,2025GDL,Stone Valley,40.64591,77.92306,NA,0,0,3
6/14/2025,4,Control,31-May-25,10:00 AM,2025GDL,Stone Valley,40.64591,77.92306,NA,0,0,1
6/15/2025,4,Control,31-May-25,9:50 AM,2025GDL,Stone Valley,40.648632,-77.919038,266.648132,0,0,4
6/15/2025,4,Control,31-May-25,9:34 AM,2025GDL,Stone Valley,40.648632,-77.919038,266.648132,0,0,0
6/15/2025,4,Control,31-May-25,1:15 PM,2025GDL,Stone Valley,40.648632,-77.919038,266.648132,0,0,2
6/15/2025,4,Control,31-May-25,9:40 AM,2025GDL,Stone Valley,40.648632,-77.919038,266.648132,0,0,0
6/15/2025,4,Control,31-May-25,9:00 AM,2025GDL,Stone Valley,40.648632,-77.919038,266.648132,0,0,1
6/15/2025,4,Control,31-May-25,9:00 AM,2025GDL,Stone Valley,40.64591,77.92306,NA,1,0,0
6/15/2025,4,Control,31-May-25,9:00 AM,2025GDL,Stone Valley,40.64591,77.92306,NA,0,0,3
6/15/2025,4,Control,31-May-25,10:00 AM,2025GDL,Stone Valley,40.64591,77.92306,NA,0,0,1
6/16/2025,4,Control,31-May-25,9:50 AM,2025GDL,Stone Valley,40.648632,-77.919038,266.648132,0,0,4
6/16/2025,4,Control,31-May-25,9:34 AM,2025GDL,Stone Valley,40.648632,-77.919038,266.648132,0,0,0
6/16/2025,4,Control,31-May-25,1:15 PM,2025GDL,Stone Valley,40.648632,-77.919038,266.648132,0,0,2
6/16/2025,4,Control,31-May-25,9:40 AM,2025GDL,Stone Valley,40.648632,-77.919038,266.648132,0,0,0
6/16/2025,4,Control,31-May-25,9:00 AM,2025GDL,Stone Valley,40.648632,-77.919038,266.648132,0,0,1
6/16/2025,4,Control,31-May-25,9:00 AM,2025GDL,Stone Valley,40.64591,77.92306,NA,1,0,0
6/16/2025,4,Control,31-May-25,9:00 AM,2025GDL,Stone Valley,40.64591,77.92306,NA,0,0,3
6/16/2025,4,Control,31-May-25,10:00 AM,2025GDL,Stone Valley,40.64591,77.92306,NA,0,0,1
6/17/2025,4,Control,31-May-25,9:50 AM,2025GDL,Stone Valley,40.648632,-77.919038,266.648132,0,0,4
6/17/2025,4,Control,31-May-25,9:34 AM,2025GDL,Stone Valley,40.648632,-77.919038,266.648132,0,0,0
6/17/2025,4,Control,31-May-25,1:15 PM,2025GDL,Stone Valley,40.648632,-77.919038,266.648132,0,0,2
6/17/2025,4,Control,31-May-25,9:40 AM,2025GDL,Stone Valley,40.648632,-77.919038,266.648132,0,0,0
6/17/2025,4,Control,31-May-25,9:00 AM,2025GDL,Stone Valley,40.648632,-77.919038,266.648132,0,0,1
6/17/2025,4,Control,31-May-25,9:00 AM,2025GDL,Stone Valley,40.64591,77.92306,NA,1,0,0
6/17/2025,4,Control,31-May-25,9:00 AM,2025GDL,Stone Valley,40.64591,77.92306,NA,0,0,3
6/17/2025,4,Control,31-May-25,10:00 AM,2025GDL,Stone Valley,40.64591,77.92306,NA,0,0,1
6/18/2025,4,Control,31-May-25,9:50 AM,2025GDL,Stone Valley,40.648632,-77.919038,266.648132,0,0,4
6/18/2025,4,Control,31-May-25,9:34 AM,2025GDL,Stone Valley,40.648632,-77.919038,266.648132,0,0,0
6/18/2025,4,Control,31-May-25,1:15 PM,2025GDL,Stone Valley,40.648632,-77.919038,266.648132,0,0,2
6/18/2025,4,Control,31-May-25,9:40 AM,2025GDL,Stone Valley,40.648632,-77.919038,266.648132,0,0,0
6/18/2025,4,Control,31-May-25,9:00 AM,2025GDL,Stone Valley,40.648632,-77.919038,266.648132,0,0,1
6/18/2025,4,Control,31-May-25,9:00 AM,2025GDL,Stone Valley,40.64591,77.92306,NA,1,0,0
6/18/2025,4,Control,31-May-25,9:00 AM,2025GDL,Stone Valley,40.64591,77.92306,NA,0,0,3
6/18/2025,4,Control,31-May-25,10:00 AM,2025GDL,Stone Valley,40.64591,77.92306,NA,0,0,1
6/19/2025,4,Control,31-May-25,9:50 AM,2025GDL,Stone Valley,40.648632,-77.919038,266.648132,0,0,4
6/19/2025,4,Control,31-May-25,9:34 AM,2025GDL,Stone Valley,40.648632,-77.919038,266.648132,0,0,0
6/19/2025,4,Control,31-May-25,1:15 PM,2025GDL,Stone Valley,40.648632,-77.919038,266.648132,0,0,2
6/19/2025,4,Control,31-May-25,9:40 AM,2025GDL,Stone Valley,40.648632,-77.919038,266.648132,0,0,0
6/19/2025,4,Control,31-May-25,9:00 AM,2025GDL,Stone Valley,40.648632,-77.919038,266.648132,0,0,1
6/19/2025,4,Control,31-May-25,9:00 AM,2025GDL,Stone Valley,40.64591,77.92306,NA,1,0,0
6/19/2025,4,Control,31-May-25,9:00 AM,2025GDL,Stone Valley,40.64591,77.92306,NA,0,0,3
6/19/2025,4,Control,31-May-25,10:00 AM,2025GDL,Stone Valley,40.64591,77.92306,NA,0,0,1
6/20/2025,4,Control,31-May-25,9:50 AM,2025GDL,Stone Valley,40.648632,-77.919038,266.648132,0,0,4
6/20/2025,4,Control,31-May-25,9:34 AM,2025GDL,Stone Valley,40.648632,-77.919038,266.648132,0,0,0
6/20/2025,4,Control,31-May-25,1:15 PM,2025GDL,Stone Valley,40.648632,-77.919038,266.648132,0,0,2
6/20/2025,4,Control,31-May-25,9:40 AM,2025GDL,Stone Valley,40.648632,-77.919038,266.648132,0,0,0
6/20/2025,4,Control,31-May-25,9:00 AM,2025GDL,Stone Valley,40.648632,-77.919038,266.648132,0,0,1
6/20/2025,4,Control,31-May-25,9:00 AM,2025GDL,Stone Valley,40.64591,77.92306,NA,1,0,0
6/20/2025,4,Control,31-May-25,9:00 AM,2025GDL,Stone Valley,40.64591,77.92306,NA,0,0,3
6/20/2025,4,Control,31-May-25,10:00 AM,2025GDL,Stone Valley,40.64591,77.92306,NA,0,0,1
6/21/2025,4,Control,31-May-25,9:50 AM,2025GDL,Stone Valley,40.648632,-77.919038,266.648132,0,0,4
6/21/2025,4,Control,31-May-25,9:34 AM,2025GDL,Stone Valley,40.648632,-77.919038,266.648132,0,0,0
6/21/2025,4,Control,31-May-25,1:15 PM,2025GDL,Stone Valley,40.648632,-77.919038,266.648132,0,0,2
6/21/2025,4,Control,31-May-25,9:40 AM,2025GDL,Stone Valley,40.648632,-77.919038,266.648132,0,0,0
6/21/2025,4,Control,31-May-25,9:00 AM,2025GDL,Stone Valley,40.648632,-77.919038,266.648132,0,0,1
6/21/2025,4,Control,31-May-25,9:00 AM,2025GDL,Stone Valley,40.64591,77.92306,NA,1,0,0
6/21/2025,4,Control,31-May-25,9:00 AM,2025GDL,Stone Valley,40.64591,77.92306,NA,0,0,3
6/21/2025,4,Control,31-May-25,10:00 AM,2025GDL,Stone Valley,40.64591,77.92306,NA,0,0,1
6/22/2025,4,Control,31-May-25,9:50 AM,2025GDL,Stone Valley,40.648632,-77.919038,266.648132,0,0,4
6/22/2025,4,Control,31-May-25,9:34 AM,2025GDL,Stone Valley,40.648632,-77.919038,266.648132,0,0,0
6/22/2025,4,Control,31-May-25,1:15 PM,2025GDL,Stone Valley,40.648632,-77.919038,266.648132,0,0,2
6/22/2025,4,Control,31-May-25,9:40 AM,2025GDL,Stone Valley,40.648632,-77.919038,266.648132,0,0,0
6/22/2025,4,Control,31-May-25,9:00 AM,2025GDL,Stone Valley,40.648632,-77.919038,266.648132,0,0,1
6/22/2025,4,Control,31-May-25,9:00 AM,2025GDL,Stone Valley,40.64591,77.92306,NA,1,0,0
6/22/2025,4,Control,31-May-25,9:00 AM,2025GDL,Stone Valley,40.64591,77.92306,NA,0,0,3
6/22/2025,4,Control,31-May-25,10:00 AM,2025GDL,Stone Valley,40.64591,77.92306,NA,0,0,1
6/23/2025,4,Control,31-May-25,9:50 AM,2025GDL,Stone Valley,40.648632,-77.919038,266.648132,0,0,4
6/23/2025,4,Control,31-May-25,9:34 AM,2025GDL,Stone Valley,40.648632,-77.919038,266.648132,0,0,0
6/23/2025,4,Control,31-May-25,1:15 PM,2025GDL,Stone Valley,40.648632,-77.919038,266.648132,0,0,2
6/23/2025,4,Control,31-May-25,9:40 AM,2025GDL,Stone Valley,40.648632,-77.919038,266.648132,0,0,0
6/23/2025,4,Control,31-May-25,9:00 AM,2025GDL,Stone Valley,40.648632,-77.919038,266.648132,0,0,1
6/23/2025,4,Control,31-May-25,9:00 AM,2025GDL,Stone Valley,40.64591,77.92306,NA,1,0,0
6/23/2025,4,Control,31-May-25,9:00 AM,2025GDL,Stone Valley,40.64591,77.92306,NA,0,0,3
6/23/2025,4,Control,31-May-25,10:00 AM,2025GDL,Stone Valley,40.64591,77.92306,NA,0,0,1
6/24/2025,4,Control,31-May-25,9:50 AM,2025GDL,Stone Valley,40.648632,-77.919038,266.648132,0,0,4
6/24/2025,4,Control,31-May-25,9:34 AM,2025GDL,Stone Valley,40.648632,-77.919038,266.648132,0,0,0
6/24/2025,4,Control,31-May-25,1:15 PM,2025GDL,Stone Valley,40.648632,-77.919038,266.648132,0,0,2
6/24/2025,4,Control,31-May-25,9:40 AM,2025GDL,Stone Valley,40.648632,-77.919038,266.648132,0,0,0
6/24/2025,4,Control,31-May-25,9:00 AM,2025GDL,Stone Valley,40.648632,-77.919038,266.648132,0,0,1
6/24/2025,4,Control,31-May-25,9:00 AM,2025GDL,Stone Valley,40.64591,77.92306,NA,1,0,0
6/24/2025,4,Control,31-May-25,9:00 AM,2025GDL,Stone Valley,40.64591,77.92306,NA,0,0,3
6/24/2025,4,Control,31-May-25,10:00 AM,2025GDL,Stone Valley,40.64591,77.92306,NA,0,0,1
6/25/2025,4,Control,31-May-25,9:50 AM,2025GDL,Stone Valley,40.648632,-77.919038,266.648132,0,0,4
6/25/2025,4,Control,31-May-25,9:34 AM,2025GDL,Stone Valley,40.648632,-77.919038,266.648132,0,0,0
6/25/2025,4,Control,31-May-25,1:15 PM,2025GDL,Stone Valley,40.648632,-77.919038,266.648132,0,0,2
6/25/2025,4,Control,31-May-25,9:40 AM,2025GDL,Stone Valley,40.648632,-77.919038,266.648132,0,0,0
6/25/2025,4,Control,31-May-25,9:00 AM,2025GDL,Stone Valley,40.648632,-77.919038,266.648132,0,0,1
6/25/2025,4,Control,31-May-25,9:00 AM,2025GDL,Stone Valley,40.64591,77.92306,NA,1,0,0
6/25/2025,4,Control,31-May-25,9:00 AM,2025GDL,Stone Valley,40.64591,77.92306,NA,0,0,3
6/25/2025,4,Control,31-May-25,10:00 AM,2025GDL,Stone Valley,40.64591,77.92306,NA,0,0,1
6/26/2025,4,Control,31-May-25,9:50 AM,2025GDL,Stone Valley,40.648632,-77.919038,266.648132,0,0,4
6/26/2025,4,Control,31-May-25,9:34 AM,2025GDL,Stone Valley,40.648632,-77.919038,266.648132,0,0,0
6/26/2025,4,Control,31-May-25,1:15 PM,2025GDL,Stone Valley,40.648632,-77.919038,266.648132,0,0,2
6/26/2025,4,Control,31-May-25,9:40 AM,2025GDL,Stone Valley,40.648632,-77.919038,266.648132,0,0,0
6/26/2025,4,Control,31-May-25,9:00 AM,2025GDL,Stone Valley,40.648632,-77.919038,266.648132,0,0,1
6/26/2025,4,Control,31-May-25,9:00 AM,2025GDL,Stone Valley,40.64591,77.92306,NA,1,0,0
6/26/2025,4,Control,31-May-25,9:00 AM,2025GDL,Stone Valley,40.64591,77.92306,NA,0,0,3
6/26/2025,4,Control,31-May-25,10:00 AM,2025GDL,Stone Valley,40.64591,77.92306,NA,0,0,1
6/27/2025,4,Control,31-May-25,9:50 AM,2025GDL,Stone Valley,40.648632,-77.919038,266.648132,0,0,4
6/27/2025,4,Control,31-May-25,9:34 AM,2025GDL,Stone Valley,40.648632,-77.919038,266.648132,0,0,0
6/27/2025,4,Control,31-May-25,1:15 PM,2025GDL,Stone Valley,40.648632,-77.919038,266.648132,0,0,2
6/27/2025,4,Control,31-May-25,9:40 AM,2025GDL,Stone Valley,40.648632,-77.919038,266.648132,0,0,0
6/27/2025,4,Control,31-May-25,9:00 AM,2025GDL,Stone Valley,40.648632,-77.919038,266.648132,0,0,1
6/27/2025,4,Control,31-May-25,9:00 AM,2025GDL,Stone Valley,40.64591,77.92306,NA,1,0,0
6/27/2025,4,Control,31-May-25,9:00 AM,2025GDL,Stone Valley,40.64591,77.92306,NA,0,0,3
6/27/2025,4,Control,31-May-25,10:00 AM,2025GDL,Stone Valley,40.64591,77.92306,NA,0,0,1
6/28/2025,4,Control,31-May-25,9:50 AM,2025GDL,Stone Valley,40.648632,-77.919038,266.648132,0,0,4
6/28/2025,4,Control,31-May-25,9:34 AM,2025GDL,Stone Valley,40.648632,-77.919038,266.648132,0,0,0
6/28/2025,4,Control,31-May-25,1:15 PM,2025GDL,Stone Valley,40.648632,-77.919038,266.648132,0,0,2
6/28/2025,4,Control,31-May-25,9:40 AM,2025GDL,Stone Valley,40.648632,-77.919038,266.648132,0,0,0
6/28/2025,4,Control,31-May-25,9:00 AM,2025GDL,Stone Valley,40.648632,-77.919038,266.648132,0,0,1
6/28/2025,4,Control,31-May-25,9:00 AM,2025GDL,Stone Valley,40.64591,77.92306,NA,1,0,0
6/28/2025,4,Control,31-May-25,9:00 AM,2025GDL,Stone Valley,40.64591,77.92306,NA,0,0,3
6/28/2025,4,Control,31-May-25,10:00 AM,2025GDL,Stone Valley,40.64591,77.92306,NA,0,0,1
6/29/2025,4,Control,31-May-25,9:50 AM,2025GDL,Stone Valley,40.648632,-77.919038,266.648132,0,0,4
6/29/2025,4,Control,31-May-25,9:34 AM,2025GDL,Stone Valley,40.648632,-77.919038,266.648132,0,0,0
6/29/2025,4,Control,31-May-25,1:15 PM,2025GDL,Stone Valley,40.648632,-77.919038,266.648132,0,0,2
6/29/2025,4,Control,31-May-25,9:40 AM,2025GDL,Stone Valley,40.648632,-77.919038,266.648132,0,0,0
6/29/2025,4,Control,31-May-25,9:00 AM,2025GDL,Stone Valley,40.648632,-77.919038,266.648132,0,0,1
6/29/2025,4,Control,31-May-25,9:00 AM,2025GDL,Stone Valley,40.64591,77.92306,NA,1,0,0
6/29/2025,4,Control,31-May-25,9:00 AM,2025GDL,Stone Valley,40.64591,77.92306,NA,0,0,3
6/29/2025,4,Control,31-May-25,10:00 AM,2025GDL,Stone Valley,40.64591,77.92306,NA,0,0,1
6/30/2025,4,Control,31-May-25,9:50 AM,2025GDL,Stone Valley,40.648632,-77.919038,266.648132,0,0,4
6/30/2025,4,Control,31-May-25,9:34 AM,2025GDL,Stone Valley,40.648632,-77.919038,266.648132,0,0,0
6/30/2025,4,Control,31-May-25,1:15 PM,2025GDL,Stone Valley,40.648632,-77.919038,266.648132,0,0,2
6/30/2025,4,Control,31-May-25,9:40 AM,2025GDL,Stone Valley,40.648632,-77.919038,266.648132,0,0,0
6/30/2025,4,Control,31-May-25,9:00 AM,2025GDL,Stone Valley,40.648632,-77.919038,266.648132,0,0,1
6/30/2025,4,Control,31-May-25,9:00 AM,2025GDL,Stone Valley,40.64591,77.92306,NA,1,0,0
6/30/2025,4,Control,31-May-25,9:00 AM,2025GDL,Stone Valley,40.64591,77.92306,NA,0,0,3
6/30/2025,4,Control,31-May-25,10:00 AM,2025GDL,Stone Valley,40.64591,77.92306,NA,0,0,1
7/1/2025,4,Control,31-May-25,9:50 AM,2025GDL,Stone Valley,40.648632,-77.919038,266.648132,0,0,4
7/1/2025,4,Control,31-May-25,9:34 AM,2025GDL,Stone Valley,40.648632,-77.919038,266.648132,0,0,0
7/1/2025,4,Control,31-May-25,1:15 PM,2025GDL,Stone Valley,40.648632,-77.919038,266.648132,0,0,2
7/1/2025,4,Control,31-May-25,9:40 AM,2025GDL,Stone Valley,40.648632,-77.919038,266.648132,0,0,0
7/1/2025,4,Control,31-May-25,9:00 AM,2025GDL,Stone Valley,40.648632,-77.919038,266.648132,0,0,1
7/1/2025,4,Control,31-May-25,9:00 AM,2025GDL,Stone Valley,40.64591,77.92306,NA,1,0,0
7/1/2025,4,Control,31-May-25,9:00 AM,2025GDL,Stone Valley,40.64591,77.92306,NA,0,0,3
7/1/2025,4,Control,31-May-25,10:00 AM,2025GDL,Stone Valley,40.64591,77.92306,NA,0,0,1
7/2/2025,4,Control,31-May-25,9:50 AM,2025GDL,Stone Valley,40.648632,-77.919038,266.648132,0,0,4
7/2/2025,4,Control,31-May-25,9:34 AM,2025GDL,Stone Valley,40.648632,-77.919038,266.648132,0,0,0
7/2/2025,4,Control,31-May-25,1:15 PM,2025GDL,Stone Valley,40.648632,-77.919038,266.648132,0,0,2
7/2/2025,4,Control,31-May-25,9:40 AM,2025GDL,Stone Valley,40.648632,-77.919038,266.648132,0,0,0
7/2/2025,4,Control,31-May-25,9:00 AM,2025GDL,Stone Valley,40.648632,-77.919038,266.648132,0,0,1
7/2/2025,4,Control,31-May-25,9:00 AM,2025GDL,Stone Valley,40.64591,77.92306,NA,1,0,0
7/2/2025,4,Control,31-May-25,9:00 AM,2025GDL,Stone Valley,40.64591,77.92306,NA,0,0,3
7/2/2025,4,Control,31-May-25,10:00 AM,2025GDL,Stone Valley,40.64591,77.92306,NA,0,0,1
7/3/2025,4,Control,31-May-25,9:50 AM,2025GDL,Stone Valley,40.648632,-77.919038,266.648132,0,0,4
7/3/2025,4,Control,31-May-25,9:34 AM,2025GDL,Stone Valley,40.648632,-77.919038,266.648132,0,0,0
7/3/2025,4,Control,31-May-25,1:15 PM,2025GDL,Stone Valley,40.648632,-77.919038,266.648132,0,0,2
7/3/2025,4,Control,31-May-25,9:40 AM,2025GDL,Stone Valley,40.648632,-77.919038,266.648132,0,0,0
7/3/2025,4,Control,31-May-25,9:00 AM,2025GDL,Stone Valley,40.648632,-77.919038,266.648132,0,0,1
7/3/2025,4,Control,31-May-25,9:00 AM,2025GDL,Stone Valley,40.64591,77.92306,NA,1,0,0
7/3/2025,4,Control,31-May-25,9:00 AM,2025GDL,Stone Valley,40.64591,77.92306,NA,0,0,3
7/3/2025,4,Control,31-May-25,10:00 AM,2025GDL,Stone Valley,40.64591,77.92306,NA,0,0,1
7/4/2025,4,Control,31-May-25,9:50 AM,2025GDL,Stone Valley,40.648632,-77.919038,266.648132,0,0,4
7/4/2025,4,Control,31-May-25,9:34 AM,2025GDL,Stone Valley,40.648632,-77.919038,266.648132,0,0,0
7/4/2025,4,Control,31-May-25,1:15 PM,2025GDL,Stone Valley,40.648632,-77.919038,266.648132,0,0,2
7/4/2025,4,Control,31-May-25,9:40 AM,2025GDL,Stone Valley,40.648632,-77.919038,266.648132,0,0,0
7/4/2025,4,Control,31-May-25,9:00 AM,2025GDL,Stone Valley,40.648632,-77.919038,266.648132,0,0,1
7/4/2025,4,Control,31-May-25,9:00 AM,2025GDL,Stone Valley,40.64591,77.92306,NA,1,0,0
7/4/2025,4,Control,31-May-25,9:00 AM,2025GDL,Stone Valley,40.64591,77.92306,NA,0,0,3
7/4/2025,4,Control,31-May-25,10:00 AM,2025GDL,Stone Valley,40.64591,77.92306,NA,0,0,1
7/5/2025,4,Control,31-May-25,9:50 AM,2025GDL,Stone Valley,40.648632,-77.919038,266.648132,0,0,4
7/5/2025,4,Control,31-May-25,9:34 AM,2025GDL,Stone Valley,40.648632,-77.919038,266.648132,0,0,0
7/5/2025,4,Control,31-May-25,1:15 PM,2025GDL,Stone Valley,40.648632,-77.919038,266.648132,0,0,2
7/5/2025,4,Control,31-May-25,9:40 AM,2025GDL,Stone Valley,40.648632,-77.919038,266.648132,0,0,0
7/5/2025,4,Control,31-May-25,9:00 AM,2025GDL,Stone Valley,40.648632,-77.919038,266.648132,0,0,1
7/5/2025,4,Control,31-May-25,9:00 AM,2025GDL,Stone Valley,40.64591,77.92306,NA,1,0,0
7/5/2025,4,Control,31-May-25,9:00 AM,2025GDL,Stone Valley,40.64591,77.92306,NA,0,0,3
7/5/2025,4,Control,31-May-25,10:00 AM,2025GDL,Stone Valley,40.64591,77.92306,NA,0,0,1
7/6/2025,4,Control,31-May-25,9:50 AM,2025GDL,Stone Valley,40.648632,-77.919038,266.648132,0,0,4
7/6/2025,4,Control,31-May-25,9:34 AM,2025GDL,Stone Valley,40.648632,-77.919038,266.648132,0,0,0
7/6/2025,4,Control,31-May-25,1:15 PM,2025GDL,Stone Valley,40.648632,-77.919038,266.648132,0,0,2
7/6/2025,4,Control,31-May-25,9:40 AM,2025GDL,Stone Valley,40.648632,-77.919038,266.648132,0,0,0
7/6/2025,4,Control,31-May-25,9:00 AM,2025GDL,Stone Valley,40.648632,-77.919038,266.648132,0,0,1
7/6/2025,4,Control,31-May-25,9:00 AM,2025GDL,Stone Valley,40.64591,77.92306,NA,1,0,0
7/6/2025,4,Control,31-May-25,9:00 AM,2025GDL,Stone Valley,40.64591,77.92306,NA,0,0,3
7/6/2025,4,Control,31-May-25,10:00 AM,2025GDL,Stone Valley,40.64591,77.92306,NA,0,0,1
7/7/2025,4,Control,31-May-25,9:50 AM,2025GDL,Stone Valley,40.648632,-77.919038,266.648132,0,0,4
7/7/2025,4,Control,31-May-25,9:34 AM,2025GDL,Stone Valley,40.648632,-77.919038,266.648132,0,0,0
7/7/2025,4,Control,31-May-25,1:15 PM,2025GDL,Stone Valley,40.648632,-77.919038,266.648132,0,0,2
7/7/2025,4,Control,31-May-25,9:40 AM,2025GDL,Stone Valley,40.648632,-77.919038,266.648132,0,0,0
7/7/2025,4,Control,31-May-25,9:00 AM,2025GDL,Stone Valley,40.648632,-77.919038,266.648132,0,0,1
7/7/2025,4,Control,31-May-25,9:00 AM,2025GDL,Stone Valley,40.64591,77.92306,NA,1,0,0
7/7/2025,4,Control,31-May-25,9:00 AM,2025GDL,Stone Valley,40.64591,77.92306,NA,0,0,3
7/7/2025,4,Control,31-May-25,10:00 AM,2025GDL,Stone Valley,40.64591,77.92306,NA,0,0,1
7/8/2025,4,Control,31-May-25,9:50 AM,2025GDL,Stone Valley,40.648632,-77.919038,266.648132,0,0,4
7/8/2025,4,Control,31-May-25,9:34 AM,2025GDL,Stone Valley,40.648632,-77.919038,266.648132,0,0,0
7/8/2025,4,Control,31-May-25,1:15 PM,2025GDL,Stone Valley,40.648632,-77.919038,266.648132,0,0,2
7/8/2025,4,Control,31-May-25,9:40 AM,2025GDL,Stone Valley,40.648632,-77.919038,266.648132,0,0,0
7/8/2025,4,Control,31-May-25,9:00 AM,2025GDL,Stone Valley,40.648632,-77.919038,266.648132,0,0,1
7/8/2025,4,Control,31-May-25,9:00 AM,2025GDL,Stone Valley,40.64591,77.92306,NA,1,0,0
7/8/2025,4,Control,31-May-25,9:00 AM,2025GDL,Stone Valley,40.64591,77.92306,NA,0,0,3
7/8/2025,4,Control,31-May-25,10:00 AM,2025GDL,Stone Valley,40.64591,77.92306,NA,0,0,1
7/9/2025,4,Control,31-May-25,9:50 AM,2025GDL,Stone Valley,40.648632,-77.919038,266.648132,0,0,4
7/9/2025,4,Control,31-May-25,9:34 AM,2025GDL,Stone Valley,40.648632,-77.919038,266.648132,0,0,0
7/9/2025,4,Control,31-May-25,1:15 PM,2025GDL,Stone Valley,40.648632,-77.919038,266.648132,0,0,2
7/9/2025,4,Control,31-May-25,9:40 AM,2025GDL,Stone Valley,40.648632,-77.919038,266.648132,0,0,0
7/9/2025,4,Control,31-May-25,9:00 AM,2025GDL,Stone Valley,40.648632,-77.919038,266.648132,0,0,1
7/9/2025,4,Control,31-May-25,9:00 AM,2025GDL,Stone Valley,40.64591,77.92306,NA,1,0,0
7/9/2025,4,Control,31-May-25,9:00 AM,2025GDL,Stone Valley,40.64591,77.92306,NA,0,0,3
7/9/2025,4,Control,31-May-25,10:00 AM,2025GDL,Stone Valley,40.64591,77.92306,NA,0,0,1
7/10/2025,4,Control,31-May-25,9:50 AM,2025GDL,Stone Valley,40.648632,-77.919038,266.648132,0,0,4
7/10/2025,4,Control,31-May-25,9:34 AM,2025GDL,Stone Valley,40.648632,-77.919038,266.648132,0,0,0
7/10/2025,4,Control,31-May-25,1:15 PM,2025GDL,Stone Valley,40.648632,-77.919038,266.648132,0,0,2
7/10/2025,4,Control,31-May-25,9:40 AM,2025GDL,Stone Valley,40.648632,-77.919038,266.648132,0,0,0
7/10/2025,4,Control,31-May-25,9:00 AM,2025GDL,Stone Valley,40.648632,-77.919038,266.648132,0,0,1
7/10/2025,4,Control,31-May-25,9:00 AM,2025GDL,Stone Valley,40.64591,77.92306,NA,1,0,0
7/10/2025,4,Control,31-May-25,9:00 AM,2025GDL,Stone Valley,40.64591,77.92306,NA,0,0,3
7/10/2025,4,Control,31-May-25,10:00 AM,2025GDL,Stone Valley,40.64591,77.92306,NA,0,0,1
7/11/2025,4,Control,31-May-25,9:50 AM,2025GDL,Stone Valley,40.648632,-77.919038,266.648132,0,0,4
7/11/2025,4,Control,31-May-25,9:34 AM,2025GDL,Stone Valley,40.648632,-77.919038,266.648132,0,0,0
7/11/2025,4,Control,31-May-25,1:15 PM,2025GDL,Stone Valley,40.648632,-77.919038,266.648132,0,0,2
7/11/2025,4,Control,31-May-25,9:40 AM,2025GDL,Stone Valley,40.648632,-77.919038,266.648132,0,0,0
7/11/2025,4,Control,31-May-25,9:00 AM,2025GDL,Stone Valley,40.648632,-77.919038,266.648132,0,0,1
7/11/2025,4,Control,31-May-25,9:00 AM,2025GDL,Stone Valley,40.64591,77.92306,NA,1,0,0
7/11/2025,4,Control,31-May-25,9:00 AM,2025GDL,Stone Valley,40.64591,77.92306,NA,0,0,3
7/11/2025,4,Control,31-May-25,10:00 AM,2025GDL,Stone Valley,40.64591,77.92306,NA,0,0,1
7/12/2025,4,Control,31-May-25,9:50 AM,2025GDL,Stone Valley,40.648632,-77.919038,266.648132,0,0,4
7/12/2025,4,Control,31-May-25,9:34 AM,2025GDL,Stone Valley,40.648632,-77.919038,266.648132,0,0,0
7/12/2025,4,Control,31-May-25,1:15 PM,2025GDL,Stone Valley,40.648632,-77.919038,266.648132,0,0,2
7/12/2025,4,Control,31-May-25,9:40 AM,2025GDL,Stone Valley,40.648632,-77.919038,266.648132,0,0,0
7/12/2025,4,Control,31-May-25,9:00 AM,2025GDL,Stone Valley,40.648632,-77.919038,266.648132,0,0,1
7/12/2025,4,Control,31-May-25,9:00 AM,2025GDL,Stone Valley,40.64591,77.92306,NA,1,0,0
7/12/2025,4,Control,31-May-25,9:00 AM,2025GDL,Stone Valley,40.64591,77.92306,NA,0,0,3
7/12/2025,4,Control,31-May-25,10:00 AM,2025GDL,Stone Valley,40.64591,77.92306,NA,0,0,1
7/13/2025,4,Control,31-May-25,9:50 AM,2025GDL,Stone Valley,40.648632,-77.919038,266.648132,0,0,4
7/13/2025,4,Control,31-May-25,9:34 AM,2025GDL,Stone Valley,40.648632,-77.919038,266.648132,0,0,0
7/13/2025,4,Control,31-May-25,1:15 PM,2025GDL,Stone Valley,40.648632,-77.919038,266.648132,0,0,2
7/13/2025,4,Control,31-May-25,9:40 AM,2025GDL,Stone Valley,40.648632,-77.919038,266.648132,0,0,0
7/13/2025,4,Control,31-May-25,9:00 AM,2025GDL,Stone Valley,40.648632,-77.919038,266.648132,0,0,1
7/13/2025,4,Control,31-May-25,9:00 AM,2025GDL,Stone Valley,40.64591,77.92306,NA,1,0,0
7/13/2025,4,Control,31-May-25,9:00 AM,2025GDL,Stone Valley,40.64591,77.92306,NA,0,0,3
7/13/2025,4,Control,31-May-25,10:00 AM,2025GDL,Stone Valley,40.64591,77.92306,NA,0,0,1
7/14/2025,4,Control,31-May-25,9:50 AM,2025GDL,Stone Valley,40.648632,-77.919038,266.648132,0,0,4
7/14/2025,4,Control,31-May-25,9:34 AM,2025GDL,Stone Valley,40.648632,-77.919038,266.648132,0,0,0
7/14/2025,4,Control,31-May-25,1:15 PM,2025GDL,Stone Valley,40.648632,-77.919038,266.648132,0,0,2
7/14/2025,4,Control,31-May-25,9:40 AM,2025GDL,Stone Valley,40.648632,-77.919038,266.648132,0,0,0
7/14/2025,4,Control,31-May-25,9:00 AM,2025GDL,Stone Valley,40.648632,-77.919038,266.648132,0,0,1
7/14/2025,4,Control,31-May-25,9:00 AM,2025GDL,Stone Valley,40.64591,77.92306,NA,1,0,0
7/14/2025,4,Control,31-May-25,9:00 AM,2025GDL,Stone Valley,40.64591,77.92306,NA,0,0,3
7/14/2025,4,Control,31-May-25,10:00 AM,2025GDL,Stone Valley,40.64591,77.92306,NA,0,0,1
7/15/2025,4,Control,31-May-25,9:50 AM,2025GDL,Stone Valley,40.648632,-77.919038,266.648132,0,0,4
7/15/2025,4,Control,31-May-25,9:34 AM,2025GDL,Stone Valley,40.648632,-77.919038,266.648132,0,0,0
7/15/2025,4,Control,31-May-25,1:15 PM,2025GDL,Stone Valley,40.648632,-77.919038,266.648132,0,0,2
7/15/2025,4,Control,31-May-25,9:40 AM,2025GDL,Stone Valley,40.648632,-77.919038,266.648132,0,0,0
7/15/2025,4,Control,31-May-25,9:00 AM,2025GDL,Stone Valley,40.648632,-77.919038,266.648132,0,0,1
7/15/2025,4,Control,31-May-25,9:00 AM,2025GDL,Stone Valley,40.64591,77.92306,NA,1,0,0
7/15/2025,4,Control,31-May-25,9:00 AM,2025GDL,Stone Valley,40.64591,77.92306,NA,0,0,3
7/15/2025,4,Control,31-May-25,10:00 AM,2025GDL,Stone Valley,40.64591,77.92306,NA,0,0,1
7/16/2025,4,Control,31-May-25,9:50 AM,2025GDL,Stone Valley,40.648632,-77.919038,266.648132,0,0,4
7/16/2025,4,Control,31-May-25,9:34 AM,2025GDL,Stone Valley,40.648632,-77.919038,266.648132,0,0,0
7/16/2025,4,Control,31-May-25,1:15 PM,2025GDL,Stone Valley,40.648632,-77.919038,266.648132,0,0,2
7/16/2025,4,Control,31-May-25,9:40 AM,2025GDL,Stone Valley,40.648632,-77.919038,266.648132,0,0,0
7/16/2025,4,Control,31-May-25,9:00 AM,2025GDL,Stone Valley,40.648632,-77.919038,266.648132,0,0,1
7/16/2025,4,Control,31-May-25,9:00 AM,2025GDL,Stone Valley,40.64591,77.92306,NA,1,0,0
7/16/2025,4,Control,31-May-25,9:00 AM,2025GDL,Stone Valley,40.64591,77.92306,NA,0,0,3
7/16/2025,4,Control,31-May-25,10:00 AM,2025GDL,Stone Valley,40.64591,77.92306,NA,0,0,1
7/17/2025,4,Control,31-May-25,9:50 AM,2025GDL,Stone Valley,40.648632,-77.919038,266.648132,0,0,4
7/17/2025,4,Control,31-May-25,9:34 AM,2025GDL,Stone Valley,40.648632,-77.919038,266.648132,0,0,0
7/17/2025,4,Control,31-May-25,1:15 PM,2025GDL,Stone Valley,40.648632,-77.919038,266.648132,0,0,2
7/17/2025,4,Control,31-May-25,9:40 AM,2025GDL,Stone Valley,40.648632,-77.919038,266.648132,0,0,0
7/17/2025,4,Control,31-May-25,9:00 AM,2025GDL,Stone Valley,40.648632,-77.919038,266.648132,0,0,1
7/17/2025,4,Control,31-May-25,9:00 AM,2025GDL,Stone Valley,40.64591,77.92306,NA,1,0,0
7/17/2025,4,Control,31-May-25,9:00 AM,2025GDL,Stone Valley,40.64591,77.92306,NA,0,0,3
7/17/2025,4,Control,31-May-25,10:00 AM,2025GDL,Stone Valley,40.64591,77.92306,NA,0,0,1
7/18/2025,4,Control,31-May-25,9:50 AM,2025GDL,Stone Valley,40.648632,-77.919038,266.648132,0,0,4
7/18/2025,4,Control,31-May-25,9:34 AM,2025GDL,Stone Valley,40.648632,-77.919038,266.648132,0,0,0
7/18/2025,4,Control,31-May-25,1:15 PM,2025GDL,Stone Valley,40.648632,-77.919038,266.648132,0,0,2
7/18/2025,4,Control,31-May-25,9:40 AM,2025GDL,Stone Valley,40.648632,-77.919038,266.648132,0,0,0
7/18/2025,4,Control,31-May-25,9:00 AM,2025GDL,Stone Valley,40.648632,-77.919038,266.648132,0,0,1
7/18/2025,4,Control,31-May-25,9:00 AM,2025GDL,Stone Valley,40.64591,77.92306,NA,1,0,0
7/18/2025,4,Control,31-May-25,9:00 AM,2025GDL,Stone Valley,40.64591,77.92306,NA,0,0,3
7/18/2025,4,Control,31-May-25,10:00 AM,2025GDL,Stone Valley,40.64591,77.92306,NA,0,0,1
7/19/2025,4,Control,31-May-25,9:50 AM,2025GDL,Stone Valley,40.648632,-77.919038,266.648132,0,0,4
7/19/2025,4,Control,31-May-25,9:34 AM,2025GDL,Stone Valley,40.648632,-77.919038,266.648132,0,0,0
7/19/2025,4,Control,31-May-25,1:15 PM,2025GDL,Stone Valley,40.648632,-77.919038,266.648132,0,0,2
7/19/2025,4,Control,31-May-25,9:40 AM,2025GDL,Stone Valley,40.648632,-77.919038,266.648132,0,0,0
7/19/2025,4,Control,31-May-25,9:00 AM,2025GDL,Stone Valley,40.648632,-77.919038,266.648132,0,0,1
7/19/2025,4,Control,31-May-25,9:00 AM,2025GDL,Stone Valley,40.64591,77.92306,NA,1,0,0
7/19/2025,4,Control,31-May-25,9:00 AM,2025GDL,Stone Valley,40.64591,77.92306,NA,0,0,3
7/19/2025,4,Control,31-May-25,10:00 AM,2025GDL,Stone Valley,40.64591,77.92306,NA,0,0,1
7/20/2025,4,Control,31-May-25,9:50 AM,2025GDL,Stone Valley,40.648632,-77.919038,266.648132,0,0,4
7/20/2025,4,Control,31-May-25,9:34 AM,2025GDL,Stone Valley,40.648632,-77.919038,266.648132,0,0,0
7/20/2025,4,Control,31-May-25,1:15 PM,2025GDL,Stone Valley,40.648632,-77.919038,266.648132,0,0,2
7/20/2025,4,Control,31-May-25,9:40 AM,2025GDL,Stone Valley,40.648632,-77.919038,266.648132,0,0,0
7/20/2025,4,Control,31-May-25,9:00 AM,2025GDL,Stone Valley,40.648632,-77.919038,266.648132,0,0,1
7/20/2025,4,Control,31-May-25,9:00 AM,2025GDL,Stone Valley,40.64591,77.92306,NA,1,0,0
7/20/2025,4,Control,31-May-25,9:00 AM,2025GDL,Stone Valley,40.64591,77.92306,NA,0,0,3
7/20/2025,4,Control,31-May-25,10:00 AM,2025GDL,Stone Valley,40.64591,77.92306,NA,0,0,1
7/21/2025,4,Control,31-May-25,9:50 AM,2025GDL,Stone Valley,40.648632,-77.919038,266.648132,0,0,4
7/21/2025,4,Control,31-May-25,9:34 AM,2025GDL,Stone Valley,40.648632,-77.919038,266.648132,0,0,0
7/21/2025,4,Control,31-May-25,1:15 PM,2025GDL,Stone Valley,40.648632,-77.919038,266.648132,0,0,2
7/21/2025,4,Control,31-May-25,9:40 AM,2025GDL,Stone Valley,40.648632,-77.919038,266.648132,0,0,0
7/21/2025,4,Control,31-May-25,9:00 AM,2025GDL,Stone Valley,40.648632,-77.919038,266.648132,0,0,1
7/21/2025,4,Control,31-May-25,9:00 AM,2025GDL,Stone Valley,40.64591,77.92306,NA,1,0,0
7/21/2025,4,Control,31-May-25,9:00 AM,2025GDL,Stone Valley,40.64591,77.92306,NA,0,0,3
7/21/2025,4,Control,31-May-25,10:00 AM,2025GDL,Stone Valley,40.64591,77.92306,NA,0,0,1
7/22/2025,4,Control,31-May-25,9:50 AM,2025GDL,Stone Valley,40.648632,-77.919038,266.648132,0,0,4
7/22/2025,4,Control,31-May-25,9:34 AM,2025GDL,Stone Valley,40.648632,-77.919038,266.648132,0,0,0
7/22/2025,4,Control,31-May-25,1:15 PM,2025GDL,Stone Valley,40.648632,-77.919038,266.648132,0,0,2
7/22/2025,4,Control,31-May-25,9:40 AM,2025GDL,Stone Valley,40.648632,-77.919038,266.648132,0,0,0
7/22/2025,4,Control,31-May-25,9:00 AM,2025GDL,Stone Valley,40.648632,-77.919038,266.648132,0,0,1
7/22/2025,4,Control,31-May-25,9:00 AM,2025GDL,Stone Valley,40.64591,77.92306,NA,1,0,0
7/22/2025,4,Control,31-May-25,9:00 AM,2025GDL,Stone Valley,40.64591,77.92306,NA,0,0,3
7/22/2025,4,Control,31-May-25,10:00 AM,2025GDL,Stone Valley,40.64591,77.92306,NA,0,0,1
7/23/2025,4,Control,31-May-25,9:50 AM,2025GDL,Stone Valley,40.648632,-77.919038,266.648132,0,0,4
7/23/2025,4,Control,31-May-25,9:34 AM,2025GDL,Stone Valley,40.648632,-77.919038,266.648132,0,0,0
7/23/2025,4,Control,31-May-25,1:15 PM,2025GDL,Stone Valley,40.648632,-77.919038,266.648132,0,0,2
7/23/2025,4,Control,31-May-25,9:40 AM,2025GDL,Stone Valley,40.648632,-77.919038,266.648132,0,0,0
7/23/2025,4,Control,31-May-25,9:00 AM,2025GDL,Stone Valley,40.648632,-77.919038,266.648132,0,0,1
7/23/2025,4,Control,31-May-25,9:00 AM,2025GDL,Stone Valley,40.64591,77.92306,NA,1,0,0
7/23/2025,4,Control,31-May-25,9:00 AM,2025GDL,Stone Valley,40.64591,77.92306,NA,0,0,3
7/23/2025,4,Control,31-May-25,10:00 AM,2025GDL,Stone Valley,40.64591,77.92306,NA,0,0,1
7/24/2025,4,Control,31-May-25,9:50 AM,2025GDL,Stone Valley,40.648632,-77.919038,266.648132,0,0,4
7/24/2025,4,Control,31-May-25,9:34 AM,2025GDL,Stone Valley,40.648632,-77.919038,266.648132,0,0,0
7/24/2025,4,Control,31-May-25,1:15 PM,2025GDL,Stone Valley,40.648632,-77.919038,266.648132,0,0,2
7/24/2025,4,Control,31-May-25,9:40 AM,2025GDL,Stone Valley,40.648632,-77.919038,266.648132,0,0,0
7/24/2025,4,Control,31-May-25,9:00 AM,2025GDL,Stone Valley,40.648632,-77.919038,266.648132,0,0,1
7/24/2025,4,Control,31-May-25,9:00 AM,2025GDL,Stone Valley,40.64591,77.92306,NA,1,0,0
7/24/2025,4,Control,31-May-25,9:00 AM,2025GDL,Stone Valley,40.64591,77.92306,NA,0,0,3
7/24/2025,4,Control,31-May-25,10:00 AM,2025GDL,Stone Valley,40.64591,77.92306,NA,0,0,1
7/25/2025,4,Control,31-May-25,9:50 AM,2025GDL,Stone Valley,40.648632,-77.919038,266.648132,0,0,4
7/25/2025,4,Control,31-May-25,9:34 AM,2025GDL,Stone Valley,40.648632,-77.919038,266.648132,0,0,0
7/25/2025,4,Control,31-May-25,1:15 PM,2025GDL,Stone Valley,40.648632,-77.919038,266.648132,0,0,2
7/25/2025,4,Control,31-May-25,9:40 AM,2025GDL,Stone Valley,40.648632,-77.919038,266.648132,0,0,0
7/25/2025,4,Control,31-May-25,9:00 AM,2025GDL,Stone Valley,40.648632,-77.919038,266.648132,0,0,1
7/25/2025,4,Control,31-May-25,9:00 AM,2025GDL,Stone Valley,40.64591,77.92306,NA,1,0,0
7/25/2025,4,Control,31-May-25,9:00 AM,2025GDL,Stone Valley,40.64591,77.92306,NA,0,0,3
7/25/2025,4,Control,31-May-25,10:00 AM,2025GDL,Stone Valley,40.64591,77.92306,NA,0,0,1
7/26/2025,4,Control,31-May-25,9:50 AM,2025GDL,Stone Valley,40.648632,-77.919038,266.648132,0,0,4
7/26/2025,4,Control,31-May-25,9:34 AM,2025GDL,Stone Valley,40.648632,-77.919038,266.648132,0,0,0
7/26/2025,4,Control,31-May-25,1:15 PM,2025GDL,Stone Valley,40.648632,-77.919038,266.648132,0,0,2
7/26/2025,4,Control,31-May-25,9:40 AM,2025GDL,Stone Valley,40.648632,-77.919038,266.648132,0,0,0
7/26/2025,4,Control,31-May-25,9:00 AM,2025GDL,Stone Valley,40.648632,-77.919038,266.648132,0,0,1
7/26/2025,4,Control,31-May-25,9:00 AM,2025GDL,Stone Valley,40.64591,77.92306,NA,1,0,0
7/26/2025,4,Control,31-May-25,9:00 AM,2025GDL,Stone Valley,40.64591,77.92306,NA,0,0,3
7/26/2025,4,Control,31-May-25,10:00 AM,2025GDL,Stone Valley,40.64591,77.92306,NA,0,0,1
7/27/2025,4,Control,31-May-25,9:50 AM,2025GDL,Stone Valley,40.648632,-77.919038,266.648132,0,0,4
7/27/2025,4,Control,31-May-25,9:34 AM,2025GDL,Stone Valley,40.648632,-77.919038,266.648132,0,0,0
7/27/2025,4,Control,31-May-25,1:15 PM,2025GDL,Stone Valley,40.648632,-77.919038,266.648132,0,0,2
7/27/2025,4,Control,31-May-25,9:40 AM,2025GDL,Stone Valley,40.648632,-77.919038,266.648132,0,0,0
7/27/2025,4,Control,31-May-25,9:00 AM,2025GDL,Stone Valley,40.648632,-77.919038,266.648132,0,0,1
7/27/2025,4,Control,31-May-25,9:00 AM,2025GDL,Stone Valley,40.64591,77.92306,NA,1,0,0
7/27/2025,4,Control,31-May-25,9:00 AM,2025GDL,Stone Valley,40.64591,77.92306,NA,0,0,3
7/27/2025,4,Control,31-May-25,10:00 AM,2025GDL,Stone Valley,40.64591,77.92306,NA,0,0,1
7/28/2025,4,Control,31-May-25,9:50 AM,2025GDL,Stone Valley,40.648632,-77.919038,266.648132,0,0,4
7/28/2025,4,Control,31-May-25,9:34 AM,2025GDL,Stone Valley,40.648632,-77.919038,266.648132,0,0,0
7/28/2025,4,Control,31-May-25,1:15 PM,2025GDL,Stone Valley,40.648632,-77.919038,266.648132,0,0,2
7/28/2025,4,Control,31-May-25,9:40 AM,2025GDL,Stone Valley,40.648632,-77.919038,266.648132,0,0,0
7/28/2025,4,Control,31-May-25,9:00 AM,2025GDL,Stone Valley,40.648632,-77.919038,266.648132,0,0,1
7/28/2025,4,Control,31-May-25,9:00 AM,2025GDL,Stone Valley,40.64591,77.92306,NA,1,0,0
7/28/2025,4,Control,31-May-25,9:00 AM,2025GDL,Stone Valley,40.64591,77.92306,NA,0,0,3
7/28/2025,4,Control,31-May-25,10:00 AM,2025GDL,Stone Valley,40.64591,77.92306,NA,0,0,1
7/29/2025,4,Control,31-May-25,9:50 AM,2025GDL,Stone Valley,40.648632,-77.919038,266.648132,0,0,4
7/29/2025,4,Control,31-May-25,9:34 AM,2025GDL,Stone Valley,40.648632,-77.919038,266.648132,0,0,0
7/29/2025,4,Control,31-May-25,1:15 PM,2025GDL,Stone Valley,40.648632,-77.919038,266.648132,0,0,2
7/29/2025,4,Control,31-May-25,9:40 AM,2025GDL,Stone Valley,40.648632,-77.919038,266.648132,0,0,0
7/29/2025,4,Control,31-May-25,9:00 AM,2025GDL,Stone Valley,40.648632,-77.919038,266.648132,0,0,1
7/29/2025,4,Control,31-May-25,9:00 AM,2025GDL,Stone Valley,40.64591,77.92306,NA,1,0,0
7/29/2025,4,Control,31-May-25,9:00 AM,2025GDL,Stone Valley,40.64591,77.92306,NA,0,0,3
7/29/2025,4,Control,31-May-25,10:00 AM,2025GDL,Stone Valley,40.64591,77.92306,NA,0,0,1
7/30/2025,4,Control,31-May-25,9:50 AM,2025GDL,Stone Valley,40.648632,-77.919038,266.648132,0,0,4
7/30/2025,4,Control,31-May-25,9:34 AM,2025GDL,Stone Valley,40.648632,-77.919038,266.648132,0,0,0
7/30/2025,4,Control,31-May-25,1:15 PM,2025GDL,Stone Valley,40.648632,-77.919038,266.648132,0,0,2
7/30/2025,4,Control,31-May-25,9:40 AM,2025GDL,Stone Valley,40.648632,-77.919038,266.648132,0,0,0
7/30/2025,4,Control,31-May-25,9:00 AM,2025GDL,Stone Valley,40.648632,-77.919038,266.648132,0,0,1
7/30/2025,4,Control,31-May-25,9:00 AM,2025GDL,Stone Valley,40.64591,77.92306,NA,1,0,0
7/30/2025,4,Control,31-May-25,9:00 AM,2025GDL,Stone Valley,40.64591,77.92306,NA,0,0,3
7/30/2025,4,Control,31-May-25,10:00 AM,2025GDL,Stone Valley,40.64591,77.92306,NA,0,0,1
7/31/2025,4,Control,31-May-25,9:50 AM,2025GDL,Stone Valley,40.648632,-77.919038,266.648132,0,0,4
7/31/2025,4,Control,31-May-25,9:34 AM,2025GDL,Stone Valley,40.648632,-77.919038,266.648132,0,0,0
7/31/2025,4,Control,31-May-25,1:15 PM,2025GDL,Stone Valley,40.648632,-77.919038,266.648132,0,0,2
7/31/2025,4,Control,31-May-25,9:40 AM,2025GDL,Stone Valley,40.648632,-77.919038,266.648132,0,0,0
7/31/2025,4,Control,31-May-25,9:00 AM,2025GDL,Stone Valley,40.648632,-77.919038,266.648132,0,0,1
7/31/2025,4,Control,31-May-25,9:00 AM,2025GDL,Stone Valley,40.64591,77.92306,NA,1,0,0
7/31/2025,4,Control,31-May-25,9:00 AM,2025GDL,Stone Valley,40.64591,77.92306,NA,0,0,3
7/31/2025,4,Control,31-May-25,10:00 AM,2025GDL,Stone Valley,40.64591,77.92306,NA,0,0,1
8/1/2025,4,Control,31-May-25,9:50 AM,2025GDL,Stone Valley,40.648632,-77.919038,266.648132,0,0,4
8/1/2025,4,Control,31-May-25,9:34 AM,2025GDL,Stone Valley,40.648632,-77.919038,266.648132,0,0,0
8/1/2025,4,Control,31-May-25,1:15 PM,2025GDL,Stone Valley,40.648632,-77.919038,266.648132,0,0,2
8/1/2025,4,Control,31-May-25,9:40 AM,2025GDL,Stone Valley,40.648632,-77.919038,266.648132,0,0,0
8/1/2025,4,Control,31-May-25,9:00 AM,2025GDL,Stone Valley,40.648632,-77.919038,266.648132,0,0,1
8/1/2025,4,Control,31-May-25,9:00 AM,2025GDL,Stone Valley,40.64591,77.92306,NA,1,0,0
8/1/2025,4,Control,31-May-25,9:00 AM,2025GDL,Stone Valley,40.64591,77.92306,NA,0,0,3
8/1/2025,4,Control,31-May-25,10:00 AM,2025GDL,Stone Valley,40.64591,77.92306,NA,0,0,1
8/2/2025,4,Control,31-May-25,9:50 AM,2025GDL,Stone Valley,40.648632,-77.919038,266.648132,0,0,4
8/2/2025,4,Control,31-May-25,9:34 AM,2025GDL,Stone Valley,40.648632,-77.919038,266.648132,0,0,0
8/2/2025,4,Control,31-May-25,1:15 PM,2025GDL,Stone Valley,40.648632,-77.919038,266.648132,0,0,2
8/2/2025,4,Control,31-May-25,9:40 AM,2025GDL,Stone Valley,40.648632,-77.919038,266.648132,0,0,0
8/2/2025,4,Control,31-May-25,9:00 AM,2025GDL,Stone Valley,40.648632,-77.919038,266.648132,0,0,1
8/2/2025,4,Control,31-May-25,9:00 AM,2025GDL,Stone Valley,40.64591,77.92306,NA,1,0,0
8/2/2025,4,Control,31-May-25,9:00 AM,2025GDL,Stone Valley,40.64591,77.92306,NA,0,0,3
8/2/2025,4,Control,31-May-25,10:00 AM,2025GDL,Stone Valley,40.64591,77.92306,NA,0,0,1
8/3/2025,4,Control,31-May-25,9:50 AM,2025GDL,Stone Valley,40.648632,-77.919038,266.648132,0,0,4
8/3/2025,4,Control,31-May-25,9:34 AM,2025GDL,Stone Valley,40.648632,-77.919038,266.648132,0,0,0
8/3/2025,4,Control,31-May-25,1:15 PM,2025GDL,Stone Valley,40.648632,-77.919038,266.648132,0,0,2
8/3/2025,4,Control,31-May-25,9:40 AM,2025GDL,Stone Valley,40.648632,-77.919038,266.648132,0,0,0
8/3/2025,4,Control,31-May-25,9:00 AM,2025GDL,Stone Valley,40.648632,-77.919038,266.648132,0,0,1
8/3/2025,4,Control,31-May-25,9:00 AM,2025GDL,Stone Valley,40.64591,77.92306,NA,1,0,0
8/3/2025,4,Control,31-May-25,9:00 AM,2025GDL,Stone Valley,40.64591,77.92306,NA,0,0,3
8/3/2025,4,Control,31-May-25,10:00 AM,2025GDL,Stone Valley,40.64591,77.92306,NA,0,0,1
8/4/2025,4,Control,31-May-25,9:50 AM,2025GDL,Stone Valley,40.648632,-77.919038,266.648132,0,0,4
8/4/2025,4,Control,31-May-25,9:34 AM,2025GDL,Stone Valley,40.648632,-77.919038,266.648132,0,0,0
8/4/2025,4,Control,31-May-25,1:15 PM,2025GDL,Stone Valley,40.648632,-77.919038,266.648132,0,0,2
8/4/2025,4,Control,31-May-25,9:40 AM,2025GDL,Stone Valley,40.648632,-77.919038,266.648132,0,0,0
8/4/2025,4,Control,31-May-25,9:00 AM,2025GDL,Stone Valley,40.648632,-77.919038,266.648132,0,0,1
8/4/2025,4,Control,31-May-25,9:00 AM,2025GDL,Stone Valley,40.64591,77.92306,NA,1,0,0
8/4/2025,4,Control,31-May-25,9:00 AM,2025GDL,Stone Valley,40.64591,77.92306,NA,0,0,3
8/4/2025,4,Control,31-May-25,10:00 AM,2025GDL,Stone Valley,40.64591,77.92306,NA,0,0,1
8/5/2025,4,Control,31-May-25,9:50 AM,2025GDL,Stone Valley,40.648632,-77.919038,266.648132,0,0,4
8/5/2025,4,Control,31-May-25,9:34 AM,2025GDL,Stone Valley,40.648632,-77.919038,266.648132,0,0,0
8/5/2025,4,Control,31-May-25,1:15 PM,2025GDL,Stone Valley,40.648632,-77.919038,266.648132,0,0,2
8/5/2025,4,Control,31-May-25,9:40 AM,2025GDL,Stone Valley,40.648632,-77.919038,266.648132,0,0,0
8/5/2025,4,Control,31-May-25,9:00 AM,2025GDL,Stone Valley,40.648632,-77.919038,266.648132,0,0,1
8/5/2025,4,Control,31-May-25,9:00 AM,2025GDL,Stone Valley,40.64591,77.92306,NA,1,0,0
8/5/2025,4,Control,31-May-25,9:00 AM,2025GDL,Stone Valley,40.64591,77.92306,NA,0,0,3
8/5/2025,4,Control,31-May-25,10:00 AM,2025GDL,Stone Valley,40.64591,77.92306,NA,0,0,1
8/6/2025,4,Control,31-May-25,9:50 AM,2025GDL,Stone Valley,40.648632,-77.919038,266.648132,0,0,4
8/6/2025,4,Control,31-May-25,9:34 AM,2025GDL,Stone Valley,40.648632,-77.919038,266.648132,0,0,0
8/6/2025,4,Control,31-May-25,1:15 PM,2025GDL,Stone Valley,40.648632,-77.919038,266.648132,0,0,2
8/6/2025,4,Control,31-May-25,9:40 AM,2025GDL,Stone Valley,40.648632,-77.919038,266.648132,0,0,0
8/6/2025,4,Control,31-May-25,9:00 AM,2025GDL,Stone Valley,40.648632,-77.919038,266.648132,0,0,1
8/6/2025,4,Control,31-May-25,9:00 AM,2025GDL,Stone Valley,40.64591,77.92306,NA,1,0,0
8/6/2025,4,Control,31-May-25,9:00 AM,2025GDL,Stone Valley,40.64591,77.92306,NA,0,0,3
8/6/2025,4,Control,31-May-25,10:00 AM,2025GDL,Stone Valley,40.64591,77.92306,NA,0,0,1
8/7/2025,4,Control,31-May-25,9:50 AM,2025GDL,Stone Valley,40.648632,-77.919038,266.648132,0,0,4
8/7/2025,4,Control,31-May-25,9:34 AM,2025GDL,Stone Valley,40.648632,-77.919038,266.648132,0,0,0
8/7/2025,4,Control,31-May-25,1:15 PM,2025GDL,Stone Valley,40.648632,-77.919038,266.648132,0,0,2
8/7/2025,4,Control,31-May-25,9:40 AM,2025GDL,Stone Valley,40.648632,-77.919038,266.648132,0,0,0
8/7/2025,4,Control,31-May-25,9:00 AM,2025GDL,Stone Valley,40.648632,-77.919038,266.648132,0,0,1
8/7/2025,4,Control,31-May-25,9:00 AM,2025GDL,Stone Valley,40.64591,77.92306,NA,1,0,0
8/7/2025,4,Control,31-May-25,9:00 AM,2025GDL,Stone Valley,40.64591,77.92306,NA,0,0,3
8/7/2025,4,Control,31-May-25,10:00 AM,2025GDL,Stone Valley,40.64591,77.92306,NA,0,0,1
8/8/2025,4,Control,31-May-25,9:50 AM,2025GDL,Stone Valley,40.648632,-77.919038,266.648132,0,0,4
8/8/2025,4,Control,31-May-25,9:34 AM,2025GDL,Stone Valley,40.648632,-77.919038,266.648132,0,0,0
8/8/2025,4,Control,31-May-25,1:15 PM,2025GDL,Stone Valley,40.648632,-77.919038,266.648132,0,0,2
8/8/2025,4,Control,31-May-25,9:40 AM,2025GDL,Stone Valley,40.648632,-77.919038,266.648132,0,0,0
8/8/2025,4,Control,31-May-25,9:00 AM,2025GDL,Stone Valley,40.648632,-77.919038,266.648132,0,0,1
8/8/2025,4,Control,31-May-25,9:00 AM,2025GDL,Stone Valley,40.64591,77.92306,NA,1,0,0
8/8/2025,4,Control,31-May-25,9:00 AM,2025GDL,Stone Valley,40.64591,77.92306,NA,0,0,3
8/8/2025,4,Control,31-May-25,10:00 AM,2025GDL,Stone Valley,40.64591,77.92306,NA,0,0,1
8/9/2025,4,Control,31-May-25,9:50 AM,2025GDL,Stone Valley,40.648632,-77.919038,266.648132,0,0,4
8/9/2025,4,Control,31-May-25,9:34 AM,2025GDL,Stone Valley,40.648632,-77.919038,266.648132,0,0,0
8/9/2025,4,Control,31-May-25,1:15 PM,2025GDL,Stone Valley,40.648632,-77.919038,266.648132,0,0,2
8/9/2025,4,Control,31-May-25,9:40 AM,2025GDL,Stone Valley,40.648632,-77.919038,266.648132,0,0,0
8/9/2025,4,Control,31-May-25,9:00 AM,2025GDL,Stone Valley,40.648632,-77.919038,266.648132,0,0,1
8/9/2025,4,Control,31-May-25,9:00 AM,2025GDL,Stone Valley,40.64591,77.92306,NA,1,0,0
8/9/2025,4,Control,31-May-25,9:00 AM,2025GDL,Stone Valley,40.64591,77.92306,NA,0,0,3
8/9/2025,4,Control,31-May-25,10:00 AM,2025GDL,Stone Valley,40.64591,77.92306,NA,0,0,1
8/10/2025,4,Control,31-May-25,9:50 AM,2025GDL,Stone Valley,40.648632,-77.919038,266.648132,0,0,4
8/10/2025,4,Control,31-May-25,9:34 AM,2025GDL,Stone Valley,40.648632,-77.919038,266.648132,0,0,0
8/10/2025,4,Control,31-May-25,1:15 PM,2025GDL,Stone Valley,40.648632,-77.919038,266.648132,0,0,2
8/10/2025,4,Control,31-May-25,9:40 AM,2025GDL,Stone Valley,40.648632,-77.919038,266.648132,0,0,0
8/10/2025,4,Control,31-May-25,9:00 AM,2025GDL,Stone Valley,40.648632,-77.919038,266.648132,0,0,1
8/10/2025,4,Control,31-May-25,9:00 AM,2025GDL,Stone Valley,40.64591,77.92306,NA,1,0,0
8/10/2025,4,Control,31-May-25,9:00 AM,2025GDL,Stone Valley,40.64591,77.92306,NA,0,0,3
8/10/2025,4,Control,31-May-25,10:00 AM,2025GDL,Stone Valley,40.64591,77.92306,NA,0,0,1
8/11/2025,4,Control,31-May-25,9:50 AM,2025GDL,Stone Valley,40.648632,-77.919038,266.648132,0,0,4
8/11/2025,4,Control,31-May-25,9:34 AM,2025GDL,Stone Valley,40.648632,-77.919038,266.648132,0,0,0
8/11/2025,4,Control,31-May-25,1:15 PM,2025GDL,Stone Valley,40.648632,-77.919038,266.648132,0,0,2
8/11/2025,4,Control,31-May-25,9:40 AM,2025GDL,Stone Valley,40.648632,-77.919038,266.648132,0,0,0
8/11/2025,4,Control,31-May-25,9:00 AM,2025GDL,Stone Valley,40.648632,-77.919038,266.648132,0,0,1
8/11/2025,4,Control,31-May-25,9:00 AM,2025GDL,Stone Valley,40.64591,77.92306,NA,1,0,0
8/11/2025,4,Control,31-May-25,9:00 AM,2025GDL,Stone Valley,40.64591,77.92306,NA,0,0,3
8/11/2025,4,Control,31-May-25,10:00 AM,2025GDL,Stone Valley,40.64591,77.92306,NA,0,0,1
8/12/2025,4,Control,31-May-25,9:50 AM,2025GDL,Stone Valley,40.648632,-77.919038,266.648132,0,0,4
8/12/2025,4,Control,31-May-25,9:34 AM,2025GDL,Stone Valley,40.648632,-77.919038,266.648132,0,0,0
8/12/2025,4,Control,31-May-25,1:15 PM,2025GDL,Stone Valley,40.648632,-77.919038,266.648132,0,0,2
8/12/2025,4,Control,31-May-25,9:40 AM,2025GDL,Stone Valley,40.648632,-77.919038,266.648132,0,0,0
8/12/2025,4,Control,31-May-25,9:00 AM,2025GDL,Stone Valley,40.648632,-77.919038,266.648132,0,0,1
8/12/2025,4,Control,31-May-25,9:00 AM,2025GDL,Stone Valley,40.64591,77.92306,NA,1,0,0
8/12/2025,4,Control,31-May-25,9:00 AM,2025GDL,Stone Valley,40.64591,77.92306,NA,0,0,3
8/12/2025,4,Control,31-May-25,10:00 AM,2025GDL,Stone Valley,40.64591,77.92306,NA,0,0,1
8/13/2025,4,Control,31-May-25,9:50 AM,2025GDL,Stone Valley,40.648632,-77.919038,266.648132,0,0,4
8/13/2025,4,Control,31-May-25,9:34 AM,2025GDL,Stone Valley,40.648632,-77.919038,266.648132,0,0,0
8/13/2025,4,Control,31-May-25,1:15 PM,2025GDL,Stone Valley,40.648632,-77.919038,266.648132,0,0,2
8/13/2025,4,Control,31-May-25,9:40 AM,2025GDL,Stone Valley,40.648632,-77.919038,266.648132,0,0,0
8/13/2025,4,Control,31-May-25,9:00 AM,2025GDL,Stone Valley,40.648632,-77.919038,266.648132,0,0,1
8/13/2025,4,Control,31-May-25,9:00 AM,2025GDL,Stone Valley,40.64591,77.92306,NA,1,0,0
8/13/2025,4,Control,31-May-25,9:00 AM,2025GDL,Stone Valley,40.64591,77.92306,NA,0,0,3
8/13/2025,4,Control,31-May-25,10:00 AM,2025GDL,Stone Valley,40.64591,77.92306,NA,0,0,1
8/14/2025,4,Control,31-May-25,9:50 AM,2025GDL,Stone Valley,40.648632,-77.919038,266.648132,0,0,4
8/14/2025,4,Control,31-May-25,9:34 AM,2025GDL,Stone Valley,40.648632,-77.919038,266.648132,0,0,0
8/14/2025,4,Control,31-May-25,1:15 PM,2025GDL,Stone Valley,40.648632,-77.919038,266.648132,0,0,2
8/14/2025,4,Control,31-May-25,9:40 AM,2025GDL,Stone Valley,40.648632,-77.919038,266.648132,0,0,0
8/14/2025,4,Control,31-May-25,9:00 AM,2025GDL,Stone Valley,40.648632,-77.919038,266.648132,0,0,1
8/14/2025,4,Control,31-May-25,9:00 AM,2025GDL,Stone Valley,40.64591,77.92306,NA,1,0,0
8/14/2025,4,Control,31-May-25,9:00 AM,2025GDL,Stone Valley,40.64591,77.92306,NA,0,0,3
8/14/2025,4,Control,31-May-25,10:00 AM,2025GDL,Stone Valley,40.64591,77.92306,NA,0,0,1
8/15/2025,4,Control,31-May-25,9:50 AM,2025GDL,Stone Valley,40.648632,-77.919038,266.648132,0,0,4
8/15/2025,4,Control,31-May-25,9:34 AM,2025GDL,Stone Valley,40.648632,-77.919038,266.648132,0,0,0
8/15/2025,4,Control,31-May-25,1:15 PM,2025GDL,Stone Valley,40.648632,-77.919038,266.648132,0,0,2
8/15/2025,4,Control,31-May-25,9:40 AM,2025GDL,Stone Valley,40.648632,-77.919038,266.648132,0,0,0
8/15/2025,4,Control,31-May-25,9:00 AM,2025GDL,Stone Valley,40.648632,-77.919038,266.648132,0,0,1
8/15/2025,4,Control,31-May-25,9:00 AM,2025GDL,Stone Valley,40.64591,77.92306,NA,1,0,0
8/15/2025,4,Control,31-May-25,9:00 AM,2025GDL,Stone Valley,40.64591,77.92306,NA,0,0,3
8/15/2025,4,Control,31-May-25,10:00 AM,2025GDL,Stone Valley,40.64591,77.92306,NA,0,0,1
6/1/2025,1,R-gamma-decalactone,31-May-25,9:20 AM,2025GDL,Stone Valley,40.644105,-77.927367,245.825562,0,0,0
6/1/2025,1,R-gamma-decalactone,31-May-25,9:10 AM,2025GDL,Stone Valley,40.644105,-77.927367,245.825562,0,1,1
6/1/2025,1,R-gamma-decalactone,31-May-25,12:50 PM,2025GDL,Stone Valley,40.644105,-77.927367,245.825562,0,0,0
6/1/2025,1,R-gamma-decalactone,31-May-25,9:07 AM,2025GDL,Stone Valley,40.644105,-77.927367,245.825562,0,2,0
6/1/2025,1,R-gamma-decalactone,31-May-25,9:00 AM,2025GDL,Stone Valley,40.644105,-77.927367,245.825562,0,0,4
6/1/2025,1,R-gamma-decalactone,31-May-25,9:00 AM,2025GDL,Stone Valley,40.644105,-77.927367,245.825562,0,2,2
6/1/2025,1,R-gamma-decalactone,31-May-25,9:00 AM,2025GDL,Stone Valley,40.644105,-77.927367,245.825562,0,0,0
6/1/2025,1,R-gamma-decalactone,31-May-25,10:00 AM,2025GDL,Stone Valley,40.644105,-77.927367,245.825562,0,0,6
6/2/2025,1,R-gamma-decalactone,31-May-25,9:20 AM,2025GDL,Stone Valley,40.644105,-77.927367,245.825562,0,0,0
6/2/2025,1,R-gamma-decalactone,31-May-25,9:10 AM,2025GDL,Stone Valley,40.644105,-77.927367,245.825562,0,1,1
6/2/2025,1,R-gamma-decalactone,31-May-25,12:50 PM,2025GDL,Stone Valley,40.644105,-77.927367,245.825562,0,0,0
6/2/2025,1,R-gamma-decalactone,31-May-25,9:07 AM,2025GDL,Stone Valley,40.644105,-77.927367,245.825562,0,2,0
6/2/2025,1,R-gamma-decalactone,31-May-25,9:00 AM,2025GDL,Stone Valley,40.644105,-77.927367,245.825562,0,0,4
6/2/2025,1,R-gamma-decalactone,31-May-25,9:00 AM,2025GDL,Stone Valley,40.644105,-77.927367,245.825562,0,2,2
6/2/2025,1,R-gamma-decalactone,31-May-25,9:00 AM,2025GDL,Stone Valley,40.644105,-77.927367,245.825562,0,0,0
6/2/2025,1,R-gamma-decalactone,31-May-25,10:00 AM,2025GDL,Stone Valley,40.644105,-77.927367,245.825562,0,0,6
6/3/2025,1,R-gamma-decalactone,31-May-25,9:20 AM,2025GDL,Stone Valley,40.644105,-77.927367,245.825562,0,0,0
6/3/2025,1,R-gamma-decalactone,31-May-25,9:10 AM,2025GDL,Stone Valley,40.644105,-77.927367,245.825562,0,1,1
6/3/2025,1,R-gamma-decalactone,31-May-25,12:50 PM,2025GDL,Stone Valley,40.644105,-77.927367,245.825562,0,0,0
6/3/2025,1,R-gamma-decalactone,31-May-25,9:07 AM,2025GDL,Stone Valley,40.644105,-77.927367,245.825562,0,2,0
6/3/2025,1,R-gamma-decalactone,31-May-25,9:00 AM,2025GDL,Stone Valley,40.644105,-77.927367,245.825562,0,0,4
6/3/2025,1,R-gamma-decalactone,31-May-25,9:00 AM,2025GDL,Stone Valley,40.644105,-77.927367,245.825562,0,2,2
6/3/2025,1,R-gamma-decalactone,31-May-25,9:00 AM,2025GDL,Stone Valley,40.644105,-77.927367,245.825562,0,0,0
6/3/2025,1,R-gamma-decalactone,31-May-25,10:00 AM,2025GDL,Stone Valley,40.644105,-77.927367,245.825562,0,0,6
6/4/2025,1,R-gamma-decalactone,31-May-25,9:20 AM,2025GDL,Stone Valley,40.644105,-77.927367,245.825562,0,0,0
6/4/2025,1,R-gamma-decalactone,31-May-25,9:10 AM,2025GDL,Stone Valley,40.644105,-77.927367,245.825562,0,1,1
6/4/2025,1,R-gamma-decalactone,31-May-25,12:50 PM,2025GDL,Stone Valley,40.644105,-77.927367,245.825562,0,0,0
6/4/2025,1,R-gamma-decalactone,31-May-25,9:07 AM,2025GDL,Stone Valley,40.644105,-77.927367,245.825562,0,2,0
6/4/2025,1,R-gamma-decalactone,31-May-25,9:00 AM,2025GDL,Stone Valley,40.644105,-77.927367,245.825562,0,0,4
6/4/2025,1,R-gamma-decalactone,31-May-25,9:00 AM,2025GDL,Stone Valley,40.644105,-77.927367,245.825562,0,2,2
6/4/2025,1,R-gamma-decalactone,31-May-25,9:00 AM,2025GDL,Stone Valley,40.644105,-77.927367,245.825562,0,0,0
6/4/2025,1,R-gamma-decalactone,31-May-25,10:00 AM,2025GDL,Stone Valley,40.644105,-77.927367,245.825562,0,0,6
6/5/2025,1,R-gamma-decalactone,31-May-25,9:20 AM,2025GDL,Stone Valley,40.644105,-77.927367,245.825562,0,0,0
6/5/2025,1,R-gamma-decalactone,31-May-25,9:10 AM,2025GDL,Stone Valley,40.644105,-77.927367,245.825562,0,1,1
6/5/2025,1,R-gamma-decalactone,31-May-25,12:50 PM,2025GDL,Stone Valley,40.644105,-77.927367,245.825562,0,0,0
6/5/2025,1,R-gamma-decalactone,31-May-25,9:07 AM,2025GDL,Stone Valley,40.644105,-77.927367,245.825562,0,2,0
6/5/2025,1,R-gamma-decalactone,31-May-25,9:00 AM,2025GDL,Stone Valley,40.644105,-77.927367,245.825562,0,0,4
6/5/2025,1,R-gamma-decalactone,31-May-25,9:00 AM,2025GDL,Stone Valley,40.644105,-77.927367,245.825562,0,2,2
6/5/2025,1,R-gamma-decalactone,31-May-25,9:00 AM,2025GDL,Stone Valley,40.644105,-77.927367,245.825562,0,0,0
6/5/2025,1,R-gamma-decalactone,31-May-25,10:00 AM,2025GDL,Stone Valley,40.644105,-77.927367,245.825562,0,0,6
6/6/2025,1,R-gamma-decalactone,31-May-25,9:20 AM,2025GDL,Stone Valley,40.644105,-77.927367,245.825562,0,0,0
6/6/2025,1,R-gamma-decalactone,31-May-25,9:10 AM,2025GDL,Stone Valley,40.644105,-77.927367,245.825562,0,1,1
6/6/2025,1,R-gamma-decalactone,31-May-25,12:50 PM,2025GDL,Stone Valley,40.644105,-77.927367,245.825562,0,0,0
6/6/2025,1,R-gamma-decalactone,31-May-25,9:07 AM,2025GDL,Stone Valley,40.644105,-77.927367,245.825562,0,2,0
6/6/2025,1,R-gamma-decalactone,31-May-25,9:00 AM,2025GDL,Stone Valley,40.644105,-77.927367,245.825562,0,0,4
6/6/2025,1,R-gamma-decalactone,31-May-25,9:00 AM,2025GDL,Stone Valley,40.644105,-77.927367,245.825562,0,2,2
6/6/2025,1,R-gamma-decalactone,31-May-25,9:00 AM,2025GDL,Stone Valley,40.644105,-77.927367,245.825562,0,0,0
6/6/2025,1,R-gamma-decalactone,31-May-25,10:00 AM,2025GDL,Stone Valley,40.644105,-77.927367,245.825562,0,0,6
6/7/2025,1,R-gamma-decalactone,31-May-25,9:20 AM,2025GDL,Stone Valley,40.644105,-77.927367,245.825562,0,0,0
6/7/2025,1,R-gamma-decalactone,31-May-25,9:10 AM,2025GDL,Stone Valley,40.644105,-77.927367,245.825562,0,1,1
6/7/2025,1,R-gamma-decalactone,31-May-25,12:50 PM,2025GDL,Stone Valley,40.644105,-77.927367,245.825562,0,0,0
6/7/2025,1,R-gamma-decalactone,31-May-25,9:07 AM,2025GDL,Stone Valley,40.644105,-77.927367,245.825562,0,2,0
6/7/2025,1,R-gamma-decalactone,31-May-25,9:00 AM,2025GDL,Stone Valley,40.644105,-77.927367,245.825562,0,0,4
6/7/2025,1,R-gamma-decalactone,31-May-25,9:00 AM,2025GDL,Stone Valley,40.644105,-77.927367,245.825562,0,2,2
6/7/2025,1,R-gamma-decalactone,31-May-25,9:00 AM,2025GDL,Stone Valley,40.644105,-77.927367,245.825562,0,0,0
6/7/2025,1,R-gamma-decalactone,31-May-25,10:00 AM,2025GDL,Stone Valley,40.644105,-77.927367,245.825562,0,0,6
6/8/2025,1,R-gamma-decalactone,31-May-25,9:20 AM,2025GDL,Stone Valley,40.644105,-77.927367,245.825562,0,0,0
6/8/2025,1,R-gamma-decalactone,31-May-25,9:10 AM,2025GDL,Stone Valley,40.644105,-77.927367,245.825562,0,1,1
6/8/2025,1,R-gamma-decalactone,31-May-25,12:50 PM,2025GDL,Stone Valley,40.644105,-77.927367,245.825562,0,0,0
6/8/2025,1,R-gamma-decalactone,31-May-25,9:07 AM,2025GDL,Stone Valley,40.644105,-77.927367,245.825562,0,2,0
6/8/2025,1,R-gamma-decalactone,31-May-25,9:00 AM,2025GDL,Stone Valley,40.644105,-77.927367,245.825562,0,0,4
6/8/2025,1,R-gamma-decalactone,31-May-25,9:00 AM,2025GDL,Stone Valley,40.644105,-77.927367,245.825562,0,2,2
6/8/2025,1,R-gamma-decalactone,31-May-25,9:00 AM,2025GDL,Stone Valley,40.644105,-77.927367,245.825562,0,0,0
6/8/2025,1,R-gamma-decalactone,31-May-25,10:00 AM,2025GDL,Stone Valley,40.644105,-77.927367,245.825562,0,0,6
6/9/2025,1,R-gamma-decalactone,31-May-25,9:20 AM,2025GDL,Stone Valley,40.644105,-77.927367,245.825562,0,0,0
6/9/2025,1,R-gamma-decalactone,31-May-25,9:10 AM,2025GDL,Stone Valley,40.644105,-77.927367,245.825562,0,1,1
6/9/2025,1,R-gamma-decalactone,31-May-25,12:50 PM,2025GDL,Stone Valley,40.644105,-77.927367,245.825562,0,0,0
6/9/2025,1,R-gamma-decalactone,31-May-25,9:07 AM,2025GDL,Stone Valley,40.644105,-77.927367,245.825562,0,2,0
6/9/2025,1,R-gamma-decalactone,31-May-25,9:00 AM,2025GDL,Stone Valley,40.644105,-77.927367,245.825562,0,0,4
6/9/2025,1,R-gamma-decalactone,31-May-25,9:00 AM,2025GDL,Stone Valley,40.644105,-77.927367,245.825562,0,2,2
6/9/2025,1,R-gamma-decalactone,31-May-25,9:00 AM,2025GDL,Stone Valley,40.644105,-77.927367,245.825562,0,0,0
6/9/2025,1,R-gamma-decalactone,31-May-25,10:00 AM,2025GDL,Stone Valley,40.644105,-77.927367,245.825562,0,0,6
6/10/2025,1,R-gamma-decalactone,31-May-25,9:20 AM,2025GDL,Stone Valley,40.644105,-77.927367,245.825562,0,0,0
6/10/2025,1,R-gamma-decalactone,31-May-25,9:10 AM,2025GDL,Stone Valley,40.644105,-77.927367,245.825562,0,1,1
6/10/2025,1,R-gamma-decalactone,31-May-25,12:50 PM,2025GDL,Stone Valley,40.644105,-77.927367,245.825562,0,0,0
6/10/2025,1,R-gamma-decalactone,31-May-25,9:07 AM,2025GDL,Stone Valley,40.644105,-77.927367,245.825562,0,2,0
6/10/2025,1,R-gamma-decalactone,31-May-25,9:00 AM,2025GDL,Stone Valley,40.644105,-77.927367,245.825562,0,0,4
6/10/2025,1,R-gamma-decalactone,31-May-25,9:00 AM,2025GDL,Stone Valley,40.644105,-77.927367,245.825562,0,2,2
6/10/2025,1,R-gamma-decalactone,31-May-25,9:00 AM,2025GDL,Stone Valley,40.644105,-77.927367,245.825562,0,0,0
6/10/2025,1,R-gamma-decalactone,31-May-25,10:00 AM,2025GDL,Stone Valley,40.644105,-77.927367,245.825562,0,0,6
6/11/2025,1,R-gamma-decalactone,31-May-25,9:20 AM,2025GDL,Stone Valley,40.644105,-77.927367,245.825562,0,0,0
6/11/2025,1,R-gamma-decalactone,31-May-25,9:10 AM,2025GDL,Stone Valley,40.644105,-77.927367,245.825562,0,1,1
6/11/2025,1,R-gamma-decalactone,31-May-25,12:50 PM,2025GDL,Stone Valley,40.644105,-77.927367,245.825562,0,0,0
6/11/2025,1,R-gamma-decalactone,31-May-25,9:07 AM,2025GDL,Stone Valley,40.644105,-77.927367,245.825562,0,2,0
6/11/2025,1,R-gamma-decalactone,31-May-25,9:00 AM,2025GDL,Stone Valley,40.644105,-77.927367,245.825562,0,0,4
6/11/2025,1,R-gamma-decalactone,31-May-25,9:00 AM,2025GDL,Stone Valley,40.644105,-77.927367,245.825562,0,2,2
6/11/2025,1,R-gamma-decalactone,31-May-25,9:00 AM,2025GDL,Stone Valley,40.644105,-77.927367,245.825562,0,0,0
6/11/2025,1,R-gamma-decalactone,31-May-25,10:00 AM,2025GDL,Stone Valley,40.644105,-77.927367,245.825562,0,0,6
6/12/2025,1,R-gamma-decalactone,31-May-25,9:20 AM,2025GDL,Stone Valley,40.644105,-77.927367,245.825562,0,0,0
6/12/2025,1,R-gamma-decalactone,31-May-25,9:10 AM,2025GDL,Stone Valley,40.644105,-77.927367,245.825562,0,1,1
6/12/2025,1,R-gamma-decalactone,31-May-25,12:50 PM,2025GDL,Stone Valley,40.644105,-77.927367,245.825562,0,0,0
6/12/2025,1,R-gamma-decalactone,31-May-25,9:07 AM,2025GDL,Stone Valley,40.644105,-77.927367,245.825562,0,2,0
6/12/2025,1,R-gamma-decalactone,31-May-25,9:00 AM,2025GDL,Stone Valley,40.644105,-77.927367,245.825562,0,0,4
6/12/2025,1,R-gamma-decalactone,31-May-25,9:00 AM,2025GDL,Stone Valley,40.644105,-77.927367,245.825562,0,2,2
6/12/2025,1,R-gamma-decalactone,31-May-25,9:00 AM,2025GDL,Stone Valley,40.644105,-77.927367,245.825562,0,0,0
6/12/2025,1,R-gamma-decalactone,31-May-25,10:00 AM,2025GDL,Stone Valley,40.644105,-77.927367,245.825562,0,0,6
6/13/2025,1,R-gamma-decalactone,31-May-25,9:20 AM,2025GDL,Stone Valley,40.644105,-77.927367,245.825562,0,0,0
6/13/2025,1,R-gamma-decalactone,31-May-25,9:10 AM,2025GDL,Stone Valley,40.644105,-77.927367,245.825562,0,1,1
6/13/2025,1,R-gamma-decalactone,31-May-25,12:50 PM,2025GDL,Stone Valley,40.644105,-77.927367,245.825562,0,0,0
6/13/2025,1,R-gamma-decalactone,31-May-25,9:07 AM,2025GDL,Stone Valley,40.644105,-77.927367,245.825562,0,2,0
6/13/2025,1,R-gamma-decalactone,31-May-25,9:00 AM,2025GDL,Stone Valley,40.644105,-77.927367,245.825562,0,0,4
6/13/2025,1,R-gamma-decalactone,31-May-25,9:00 AM,2025GDL,Stone Valley,40.644105,-77.927367,245.825562,0,2,2
6/13/2025,1,R-gamma-decalactone,31-May-25,9:00 AM,2025GDL,Stone Valley,40.644105,-77.927367,245.825562,0,0,0
6/13/2025,1,R-gamma-decalactone,31-May-25,10:00 AM,2025GDL,Stone Valley,40.644105,-77.927367,245.825562,0,0,6
6/14/2025,1,R-gamma-decalactone,31-May-25,9:20 AM,2025GDL,Stone Valley,40.644105,-77.927367,245.825562,0,0,0
6/14/2025,1,R-gamma-decalactone,31-May-25,9:10 AM,2025GDL,Stone Valley,40.644105,-77.927367,245.825562,0,1,1
6/14/2025,1,R-gamma-decalactone,31-May-25,12:50 PM,2025GDL,Stone Valley,40.644105,-77.927367,245.825562,0,0,0
6/14/2025,1,R-gamma-decalactone,31-May-25,9:07 AM,2025GDL,Stone Valley,40.644105,-77.927367,245.825562,0,2,0
6/14/2025,1,R-gamma-decalactone,31-May-25,9:00 AM,2025GDL,Stone Valley,40.644105,-77.927367,245.825562,0,0,4
6/14/2025,1,R-gamma-decalactone,31-May-25,9:00 AM,2025GDL,Stone Valley,40.644105,-77.927367,245.825562,0,2,2
6/14/2025,1,R-gamma-decalactone,31-May-25,9:00 AM,2025GDL,Stone Valley,40.644105,-77.927367,245.825562,0,0,0
6/14/2025,1,R-gamma-decalactone,31-May-25,10:00 AM,2025GDL,Stone Valley,40.644105,-77.927367,245.825562,0,0,6
6/15/2025,1,R-gamma-decalactone,31-May-25,9:20 AM,2025GDL,Stone Valley,40.644105,-77.927367,245.825562,0,0,0
6/15/2025,1,R-gamma-decalactone,31-May-25,9:10 AM,2025GDL,Stone Valley,40.644105,-77.927367,245.825562,0,1,1
6/15/2025,1,R-gamma-decalactone,31-May-25,12:50 PM,2025GDL,Stone Valley,40.644105,-77.927367,245.825562,0,0,0
6/15/2025,1,R-gamma-decalactone,31-May-25,9:07 AM,2025GDL,Stone Valley,40.644105,-77.927367,245.825562,0,2,0
6/15/2025,1,R-gamma-decalactone,31-May-25,9:00 AM,2025GDL,Stone Valley,40.644105,-77.927367,245.825562,0,0,4
6/15/2025,1,R-gamma-decalactone,31-May-25,9:00 AM,2025GDL,Stone Valley,40.644105,-77.927367,245.825562,0,2,2
6/15/2025,1,R-gamma-decalactone,31-May-25,9:00 AM,2025GDL,Stone Valley,40.644105,-77.927367,245.825562,0,0,0
6/15/2025,1,R-gamma-decalactone,31-May-25,10:00 AM,2025GDL,Stone Valley,40.644105,-77.927367,245.825562,0,0,6
6/16/2025,1,R-gamma-decalactone,31-May-25,9:20 AM,2025GDL,Stone Valley,40.644105,-77.927367,245.825562,0,0,0
6/16/2025,1,R-gamma-decalactone,31-May-25,9:10 AM,2025GDL,Stone Valley,40.644105,-77.927367,245.825562,0,1,1
6/16/2025,1,R-gamma-decalactone,31-May-25,12:50 PM,2025GDL,Stone Valley,40.644105,-77.927367,245.825562,0,0,0
6/16/2025,1,R-gamma-decalactone,31-May-25,9:07 AM,2025GDL,Stone Valley,40.644105,-77.927367,245.825562,0,2,0
6/16/2025,1,R-gamma-decalactone,31-May-25,9:00 AM,2025GDL,Stone Valley,40.644105,-77.927367,245.825562,0,0,4
6/16/2025,1,R-gamma-decalactone,31-May-25,9:00 AM,2025GDL,Stone Valley,40.644105,-77.927367,245.825562,0,2,2
6/16/2025,1,R-gamma-decalactone,31-May-25,9:00 AM,2025GDL,Stone Valley,40.644105,-77.927367,245.825562,0,0,0
6/16/2025,1,R-gamma-decalactone,31-May-25,10:00 AM,2025GDL,Stone Valley,40.644105,-77.927367,245.825562,0,0,6
6/17/2025,1,R-gamma-decalactone,31-May-25,9:20 AM,2025GDL,Stone Valley,40.644105,-77.927367,245.825562,0,0,0
6/17/2025,1,R-gamma-decalactone,31-May-25,9:10 AM,2025GDL,Stone Valley,40.644105,-77.927367,245.825562,0,1,1
6/17/2025,1,R-gamma-decalactone,31-May-25,12:50 PM,2025GDL,Stone Valley,40.644105,-77.927367,245.825562,0,0,0
6/17/2025,1,R-gamma-decalactone,31-May-25,9:07 AM,2025GDL,Stone Valley,40.644105,-77.927367,245.825562,0,2,0
6/17/2025,1,R-gamma-decalactone,31-May-25,9:00 AM,2025GDL,Stone Valley,40.644105,-77.927367,245.825562,0,0,4
6/17/2025,1,R-gamma-decalactone,31-May-25,9:00 AM,2025GDL,Stone Valley,40.644105,-77.927367,245.825562,0,2,2
6/17/2025,1,R-gamma-decalactone,31-May-25,9:00 AM,2025GDL,Stone Valley,40.644105,-77.927367,245.825562,0,0,0
6/17/2025,1,R-gamma-decalactone,31-May-25,10:00 AM,2025GDL,Stone Valley,40.644105,-77.927367,245.825562,0,0,6
6/18/2025,1,R-gamma-decalactone,31-May-25,9:20 AM,2025GDL,Stone Valley,40.644105,-77.927367,245.825562,0,0,0
6/18/2025,1,R-gamma-decalactone,31-May-25,9:10 AM,2025GDL,Stone Valley,40.644105,-77.927367,245.825562,0,1,1
6/18/2025,1,R-gamma-decalactone,31-May-25,12:50 PM,2025GDL,Stone Valley,40.644105,-77.927367,245.825562,0,0,0
6/18/2025,1,R-gamma-decalactone,31-May-25,9:07 AM,2025GDL,Stone Valley,40.644105,-77.927367,245.825562,0,2,0
6/18/2025,1,R-gamma-decalactone,31-May-25,9:00 AM,2025GDL,Stone Valley,40.644105,-77.927367,245.825562,0,0,4
6/18/2025,1,R-gamma-decalactone,31-May-25,9:00 AM,2025GDL,Stone Valley,40.644105,-77.927367,245.825562,0,2,2
6/18/2025,1,R-gamma-decalactone,31-May-25,9:00 AM,2025GDL,Stone Valley,40.644105,-77.927367,245.825562,0,0,0
6/18/2025,1,R-gamma-decalactone,31-May-25,10:00 AM,2025GDL,Stone Valley,40.644105,-77.927367,245.825562,0,0,6
6/19/2025,1,R-gamma-decalactone,31-May-25,9:20 AM,2025GDL,Stone Valley,40.644105,-77.927367,245.825562,0,0,0
6/19/2025,1,R-gamma-decalactone,31-May-25,9:10 AM,2025GDL,Stone Valley,40.644105,-77.927367,245.825562,0,1,1
6/19/2025,1,R-gamma-decalactone,31-May-25,12:50 PM,2025GDL,Stone Valley,40.644105,-77.927367,245.825562,0,0,0
6/19/2025,1,R-gamma-decalactone,31-May-25,9:07 AM,2025GDL,Stone Valley,40.644105,-77.927367,245.825562,0,2,0
6/19/2025,1,R-gamma-decalactone,31-May-25,9:00 AM,2025GDL,Stone Valley,40.644105,-77.927367,245.825562,0,0,4
6/19/2025,1,R-gamma-decalactone,31-May-25,9:00 AM,2025GDL,Stone Valley,40.644105,-77.927367,245.825562,0,2,2
6/19/2025,1,R-gamma-decalactone,31-May-25,9:00 AM,2025GDL,Stone Valley,40.644105,-77.927367,245.825562,0,0,0
6/19/2025,1,R-gamma-decalactone,31-May-25,10:00 AM,2025GDL,Stone Valley,40.644105,-77.927367,245.825562,0,0,6
6/20/2025,1,R-gamma-decalactone,31-May-25,9:20 AM,2025GDL,Stone Valley,40.644105,-77.927367,245.825562,0,0,0
6/20/2025,1,R-gamma-decalactone,31-May-25,9:10 AM,2025GDL,Stone Valley,40.644105,-77.927367,245.825562,0,1,1
6/20/2025,1,R-gamma-decalactone,31-May-25,12:50 PM,2025GDL,Stone Valley,40.644105,-77.927367,245.825562,0,0,0
6/20/2025,1,R-gamma-decalactone,31-May-25,9:07 AM,2025GDL,Stone Valley,40.644105,-77.927367,245.825562,0,2,0
6/20/2025,1,R-gamma-decalactone,31-May-25,9:00 AM,2025GDL,Stone Valley,40.644105,-77.927367,245.825562,0,0,4
6/20/2025,1,R-gamma-decalactone,31-May-25,9:00 AM,2025GDL,Stone Valley,40.644105,-77.927367,245.825562,0,2,2
6/20/2025,1,R-gamma-decalactone,31-May-25,9:00 AM,2025GDL,Stone Valley,40.644105,-77.927367,245.825562,0,0,0
6/20/2025,1,R-gamma-decalactone,31-May-25,10:00 AM,2025GDL,Stone Valley,40.644105,-77.927367,245.825562,0,0,6
6/21/2025,1,R-gamma-decalactone,31-May-25,9:20 AM,2025GDL,Stone Valley,40.644105,-77.927367,245.825562,0,0,0
6/21/2025,1,R-gamma-decalactone,31-May-25,9:10 AM,2025GDL,Stone Valley,40.644105,-77.927367,245.825562,0,1,1
6/21/2025,1,R-gamma-decalactone,31-May-25,12:50 PM,2025GDL,Stone Valley,40.644105,-77.927367,245.825562,0,0,0
6/21/2025,1,R-gamma-decalactone,31-May-25,9:07 AM,2025GDL,Stone Valley,40.644105,-77.927367,245.825562,0,2,0
6/21/2025,1,R-gamma-decalactone,31-May-25,9:00 AM,2025GDL,Stone Valley,40.644105,-77.927367,245.825562,0,0,4
6/21/2025,1,R-gamma-decalactone,31-May-25,9:00 AM,2025GDL,Stone Valley,40.644105,-77.927367,245.825562,0,2,2
6/21/2025,1,R-gamma-decalactone,31-May-25,9:00 AM,2025GDL,Stone Valley,40.644105,-77.927367,245.825562,0,0,0
6/21/2025,1,R-gamma-decalactone,31-May-25,10:00 AM,2025GDL,Stone Valley,40.644105,-77.927367,245.825562,0,0,6
6/22/2025,1,R-gamma-decalactone,31-May-25,9:20 AM,2025GDL,Stone Valley,40.644105,-77.927367,245.825562,0,0,0
6/22/2025,1,R-gamma-decalactone,31-May-25,9:10 AM,2025GDL,Stone Valley,40.644105,-77.927367,245.825562,0,1,1
6/22/2025,1,R-gamma-decalactone,31-May-25,12:50 PM,2025GDL,Stone Valley,40.644105,-77.927367,245.825562,0,0,0
6/22/2025,1,R-gamma-decalactone,31-May-25,9:07 AM,2025GDL,Stone Valley,40.644105,-77.927367,245.825562,0,2,0
6/22/2025,1,R-gamma-decalactone,31-May-25,9:00 AM,2025GDL,Stone Valley,40.644105,-77.927367,245.825562,0,0,4
6/22/2025,1,R-gamma-decalactone,31-May-25,9:00 AM,2025GDL,Stone Valley,40.644105,-77.927367,245.825562,0,2,2
6/22/2025,1,R-gamma-decalactone,31-May-25,9:00 AM,2025GDL,Stone Valley,40.644105,-77.927367,245.825562,0,0,0
6/22/2025,1,R-gamma-decalactone,31-May-25,10:00 AM,2025GDL,Stone Valley,40.644105,-77.927367,245.825562,0,0,6
6/23/2025,1,R-gamma-decalactone,31-May-25,9:20 AM,2025GDL,Stone Valley,40.644105,-77.927367,245.825562,0,0,0
6/23/2025,1,R-gamma-decalactone,31-May-25,9:10 AM,2025GDL,Stone Valley,40.644105,-77.927367,245.825562,0,1,1
6/23/2025,1,R-gamma-decalactone,31-May-25,12:50 PM,2025GDL,Stone Valley,40.644105,-77.927367,245.825562,0,0,0
6/23/2025,1,R-gamma-decalactone,31-May-25,9:07 AM,2025GDL,Stone Valley,40.644105,-77.927367,245.825562,0,2,0
6/23/2025,1,R-gamma-decalactone,31-May-25,9:00 AM,2025GDL,Stone Valley,40.644105,-77.927367,245.825562,0,0,4
6/23/2025,1,R-gamma-decalactone,31-May-25,9:00 AM,2025GDL,Stone Valley,40.644105,-77.927367,245.825562,0,2,2
6/23/2025,1,R-gamma-decalactone,31-May-25,9:00 AM,2025GDL,Stone Valley,40.644105,-77.927367,245.825562,0,0,0
6/23/2025,1,R-gamma-decalactone,31-May-25,10:00 AM,2025GDL,Stone Valley,40.644105,-77.927367,245.825562,0,0,6
6/24/2025,1,R-gamma-decalactone,31-May-25,9:20 AM,2025GDL,Stone Valley,40.644105,-77.927367,245.825562,0,0,0
6/24/2025,1,R-gamma-decalactone,31-May-25,9:10 AM,2025GDL,Stone Valley,40.644105,-77.927367,245.825562,0,1,1
6/24/2025,1,R-gamma-decalactone,31-May-25,12:50 PM,2025GDL,Stone Valley,40.644105,-77.927367,245.825562,0,0,0
6/24/2025,1,R-gamma-decalactone,31-May-25,9:07 AM,2025GDL,Stone Valley,40.644105,-77.927367,245.825562,0,2,0
6/24/2025,1,R-gamma-decalactone,31-May-25,9:00 AM,2025GDL,Stone Valley,40.644105,-77.927367,245.825562,0,0,4
6/24/2025,1,R-gamma-decalactone,31-May-25,9:00 AM,2025GDL,Stone Valley,40.644105,-77.927367,245.825562,0,2,2
6/24/2025,1,R-gamma-decalactone,31-May-25,9:00 AM,2025GDL,Stone Valley,40.644105,-77.927367,245.825562,0,0,0
6/24/2025,1,R-gamma-decalactone,31-May-25,10:00 AM,2025GDL,Stone Valley,40.644105,-77.927367,245.825562,0,0,6
6/25/2025,1,R-gamma-decalactone,31-May-25,9:20 AM,2025GDL,Stone Valley,40.644105,-77.927367,245.825562,0,0,0
6/25/2025,1,R-gamma-decalactone,31-May-25,9:10 AM,2025GDL,Stone Valley,40.644105,-77.927367,245.825562,0,1,1
6/25/2025,1,R-gamma-decalactone,31-May-25,12:50 PM,2025GDL,Stone Valley,40.644105,-77.927367,245.825562,0,0,0
6/25/2025,1,R-gamma-decalactone,31-May-25,9:07 AM,2025GDL,Stone Valley,40.644105,-77.927367,245.825562,0,2,0
6/25/2025,1,R-gamma-decalactone,31-May-25,9:00 AM,2025GDL,Stone Valley,40.644105,-77.927367,245.825562,0,0,4
6/25/2025,1,R-gamma-decalactone,31-May-25,9:00 AM,2025GDL,Stone Valley,40.644105,-77.927367,245.825562,0,2,2
6/25/2025,1,R-gamma-decalactone,31-May-25,9:00 AM,2025GDL,Stone Valley,40.644105,-77.927367,245.825562,0,0,0
6/25/2025,1,R-gamma-decalactone,31-May-25,10:00 AM,2025GDL,Stone Valley,40.644105,-77.927367,245.825562,0,0,6
6/26/2025,1,R-gamma-decalactone,31-May-25,9:20 AM,2025GDL,Stone Valley,40.644105,-77.927367,245.825562,0,0,0
6/26/2025,1,R-gamma-decalactone,31-May-25,9:10 AM,2025GDL,Stone Valley,40.644105,-77.927367,245.825562,0,1,1
6/26/2025,1,R-gamma-decalactone,31-May-25,12:50 PM,2025GDL,Stone Valley,40.644105,-77.927367,245.825562,0,0,0
6/26/2025,1,R-gamma-decalactone,31-May-25,9:07 AM,2025GDL,Stone Valley,40.644105,-77.927367,245.825562,0,2,0
6/26/2025,1,R-gamma-decalactone,31-May-25,9:00 AM,2025GDL,Stone Valley,40.644105,-77.927367,245.825562,0,0,4
6/26/2025,1,R-gamma-decalactone,31-May-25,9:00 AM,2025GDL,Stone Valley,40.644105,-77.927367,245.825562,0,2,2
6/26/2025,1,R-gamma-decalactone,31-May-25,9:00 AM,2025GDL,Stone Valley,40.644105,-77.927367,245.825562,0,0,0
6/26/2025,1,R-gamma-decalactone,31-May-25,10:00 AM,2025GDL,Stone Valley,40.644105,-77.927367,245.825562,0,0,6
6/27/2025,1,R-gamma-decalactone,31-May-25,9:20 AM,2025GDL,Stone Valley,40.644105,-77.927367,245.825562,0,0,0
6/27/2025,1,R-gamma-decalactone,31-May-25,9:10 AM,2025GDL,Stone Valley,40.644105,-77.927367,245.825562,0,1,1
6/27/2025,1,R-gamma-decalactone,31-May-25,12:50 PM,2025GDL,Stone Valley,40.644105,-77.927367,245.825562,0,0,0
6/27/2025,1,R-gamma-decalactone,31-May-25,9:07 AM,2025GDL,Stone Valley,40.644105,-77.927367,245.825562,0,2,0
6/27/2025,1,R-gamma-decalactone,31-May-25,9:00 AM,2025GDL,Stone Valley,40.644105,-77.927367,245.825562,0,0,4
6/27/2025,1,R-gamma-decalactone,31-May-25,9:00 AM,2025GDL,Stone Valley,40.644105,-77.927367,245.825562,0,2,2
6/27/2025,1,R-gamma-decalactone,31-May-25,9:00 AM,2025GDL,Stone Valley,40.644105,-77.927367,245.825562,0,0,0
6/27/2025,1,R-gamma-decalactone,31-May-25,10:00 AM,2025GDL,Stone Valley,40.644105,-77.927367,245.825562,0,0,6
6/28/2025,1,R-gamma-decalactone,31-May-25,9:20 AM,2025GDL,Stone Valley,40.644105,-77.927367,245.825562,0,0,0
6/28/2025,1,R-gamma-decalactone,31-May-25,9:10 AM,2025GDL,Stone Valley,40.644105,-77.927367,245.825562,0,1,1
6/28/2025,1,R-gamma-decalactone,31-May-25,12:50 PM,2025GDL,Stone Valley,40.644105,-77.927367,245.825562,0,0,0
6/28/2025,1,R-gamma-decalactone,31-May-25,9:07 AM,2025GDL,Stone Valley,40.644105,-77.927367,245.825562,0,2,0
6/28/2025,1,R-gamma-decalactone,31-May-25,9:00 AM,2025GDL,Stone Valley,40.644105,-77.927367,245.825562,0,0,4
6/28/2025,1,R-gamma-decalactone,31-May-25,9:00 AM,2025GDL,Stone Valley,40.644105,-77.927367,245.825562,0,2,2
6/28/2025,1,R-gamma-decalactone,31-May-25,9:00 AM,2025GDL,Stone Valley,40.644105,-77.927367,245.825562,0,0,0
6/28/2025,1,R-gamma-decalactone,31-May-25,10:00 AM,2025GDL,Stone Valley,40.644105,-77.927367,245.825562,0,0,6
6/29/2025,1,R-gamma-decalactone,31-May-25,9:20 AM,2025GDL,Stone Valley,40.644105,-77.927367,245.825562,0,0,0
6/29/2025,1,R-gamma-decalactone,31-May-25,9:10 AM,2025GDL,Stone Valley,40.644105,-77.927367,245.825562,0,1,1
6/29/2025,1,R-gamma-decalactone,31-May-25,12:50 PM,2025GDL,Stone Valley,40.644105,-77.927367,245.825562,0,0,0
6/29/2025,1,R-gamma-decalactone,31-May-25,9:07 AM,2025GDL,Stone Valley,40.644105,-77.927367,245.825562,0,2,0
6/29/2025,1,R-gamma-decalactone,31-May-25,9:00 AM,2025GDL,Stone Valley,40.644105,-77.927367,245.825562,0,0,4
6/29/2025,1,R-gamma-decalactone,31-May-25,9:00 AM,2025GDL,Stone Valley,40.644105,-77.927367,245.825562,0,2,2
6/29/2025,1,R-gamma-decalactone,31-May-25,9:00 AM,2025GDL,Stone Valley,40.644105,-77.927367,245.825562,0,0,0
6/29/2025,1,R-gamma-decalactone,31-May-25,10:00 AM,2025GDL,Stone Valley,40.644105,-77.927367,245.825562,0,0,6
6/30/2025,1,R-gamma-decalactone,31-May-25,9:20 AM,2025GDL,Stone Valley,40.644105,-77.927367,245.825562,0,0,0
6/30/2025,1,R-gamma-decalactone,31-May-25,9:10 AM,2025GDL,Stone Valley,40.644105,-77.927367,245.825562,0,1,1
6/30/2025,1,R-gamma-decalactone,31-May-25,12:50 PM,2025GDL,Stone Valley,40.644105,-77.927367,245.825562,0,0,0
6/30/2025,1,R-gamma-decalactone,31-May-25,9:07 AM,2025GDL,Stone Valley,40.644105,-77.927367,245.825562,0,2,0
6/30/2025,1,R-gamma-decalactone,31-May-25,9:00 AM,2025GDL,Stone Valley,40.644105,-77.927367,245.825562,0,0,4
6/30/2025,1,R-gamma-decalactone,31-May-25,9:00 AM,2025GDL,Stone Valley,40.644105,-77.927367,245.825562,0,2,2
6/30/2025,1,R-gamma-decalactone,31-May-25,9:00 AM,2025GDL,Stone Valley,40.644105,-77.927367,245.825562,0,0,0
6/30/2025,1,R-gamma-decalactone,31-May-25,10:00 AM,2025GDL,Stone Valley,40.644105,-77.927367,245.825562,0,0,6
7/1/2025,1,R-gamma-decalactone,31-May-25,9:20 AM,2025GDL,Stone Valley,40.644105,-77.927367,245.825562,0,0,0
7/1/2025,1,R-gamma-decalactone,31-May-25,9:10 AM,2025GDL,Stone Valley,40.644105,-77.927367,245.825562,0,1,1
7/1/2025,1,R-gamma-decalactone,31-May-25,12:50 PM,2025GDL,Stone Valley,40.644105,-77.927367,245.825562,0,0,0
7/1/2025,1,R-gamma-decalactone,31-May-25,9:07 AM,2025GDL,Stone Valley,40.644105,-77.927367,245.825562,0,2,0
7/1/2025,1,R-gamma-decalactone,31-May-25,9:00 AM,2025GDL,Stone Valley,40.644105,-77.927367,245.825562,0,0,4
7/1/2025,1,R-gamma-decalactone,31-May-25,9:00 AM,2025GDL,Stone Valley,40.644105,-77.927367,245.825562,0,2,2
7/1/2025,1,R-gamma-decalactone,31-May-25,9:00 AM,2025GDL,Stone Valley,40.644105,-77.927367,245.825562,0,0,0
7/1/2025,1,R-gamma-decalactone,31-May-25,10:00 AM,2025GDL,Stone Valley,40.644105,-77.927367,245.825562,0,0,6
7/2/2025,1,R-gamma-decalactone,31-May-25,9:20 AM,2025GDL,Stone Valley,40.644105,-77.927367,245.825562,0,0,0
7/2/2025,1,R-gamma-decalactone,31-May-25,9:10 AM,2025GDL,Stone Valley,40.644105,-77.927367,245.825562,0,1,1
7/2/2025,1,R-gamma-decalactone,31-May-25,12:50 PM,2025GDL,Stone Valley,40.644105,-77.927367,245.825562,0,0,0
7/2/2025,1,R-gamma-decalactone,31-May-25,9:07 AM,2025GDL,Stone Valley,40.644105,-77.927367,245.825562,0,2,0
7/2/2025,1,R-gamma-decalactone,31-May-25,9:00 AM,2025GDL,Stone Valley,40.644105,-77.927367,245.825562,0,0,4
7/2/2025,1,R-gamma-decalactone,31-May-25,9:00 AM,2025GDL,Stone Valley,40.644105,-77.927367,245.825562,0,2,2
7/2/2025,1,R-gamma-decalactone,31-May-25,9:00 AM,2025GDL,Stone Valley,40.644105,-77.927367,245.825562,0,0,0
7/2/2025,1,R-gamma-decalactone,31-May-25,10:00 AM,2025GDL,Stone Valley,40.644105,-77.927367,245.825562,0,0,6
7/3/2025,1,R-gamma-decalactone,31-May-25,9:20 AM,2025GDL,Stone Valley,40.644105,-77.927367,245.825562,0,0,0
7/3/2025,1,R-gamma-decalactone,31-May-25,9:10 AM,2025GDL,Stone Valley,40.644105,-77.927367,245.825562,0,1,1
7/3/2025,1,R-gamma-decalactone,31-May-25,12:50 PM,2025GDL,Stone Valley,40.644105,-77.927367,245.825562,0,0,0
7/3/2025,1,R-gamma-decalactone,31-May-25,9:07 AM,2025GDL,Stone Valley,40.644105,-77.927367,245.825562,0,2,0
7/3/2025,1,R-gamma-decalactone,31-May-25,9:00 AM,2025GDL,Stone Valley,40.644105,-77.927367,245.825562,0,0,4
7/3/2025,1,R-gamma-decalactone,31-May-25,9:00 AM,2025GDL,Stone Valley,40.644105,-77.927367,245.825562,0,2,2
7/3/2025,1,R-gamma-decalactone,31-May-25,9:00 AM,2025GDL,Stone Valley,40.644105,-77.927367,245.825562,0,0,0
7/3/2025,1,R-gamma-decalactone,31-May-25,10:00 AM,2025GDL,Stone Valley,40.644105,-77.927367,245.825562,0,0,6
7/4/2025,1,R-gamma-decalactone,31-May-25,9:20 AM,2025GDL,Stone Valley,40.644105,-77.927367,245.825562,0,0,0
7/4/2025,1,R-gamma-decalactone,31-May-25,9:10 AM,2025GDL,Stone Valley,40.644105,-77.927367,245.825562,0,1,1
7/4/2025,1,R-gamma-decalactone,31-May-25,12:50 PM,2025GDL,Stone Valley,40.644105,-77.927367,245.825562,0,0,0
7/4/2025,1,R-gamma-decalactone,31-May-25,9:07 AM,2025GDL,Stone Valley,40.644105,-77.927367,245.825562,0,2,0
7/4/2025,1,R-gamma-decalactone,31-May-25,9:00 AM,2025GDL,Stone Valley,40.644105,-77.927367,245.825562,0,0,4
7/4/2025,1,R-gamma-decalactone,31-May-25,9:00 AM,2025GDL,Stone Valley,40.644105,-77.927367,245.825562,0,2,2
7/4/2025,1,R-gamma-decalactone,31-May-25,9:00 AM,2025GDL,Stone Valley,40.644105,-77.927367,245.825562,0,0,0
7/4/2025,1,R-gamma-decalactone,31-May-25,10:00 AM,2025GDL,Stone Valley,40.644105,-77.927367,245.825562,0,0,6
7/5/2025,1,R-gamma-decalactone,31-May-25,9:20 AM,2025GDL,Stone Valley,40.644105,-77.927367,245.825562,0,0,0
7/5/2025,1,R-gamma-decalactone,31-May-25,9:10 AM,2025GDL,Stone Valley,40.644105,-77.927367,245.825562,0,1,1
7/5/2025,1,R-gamma-decalactone,31-May-25,12:50 PM,2025GDL,Stone Valley,40.644105,-77.927367,245.825562,0,0,0
7/5/2025,1,R-gamma-decalactone,31-May-25,9:07 AM,2025GDL,Stone Valley,40.644105,-77.927367,245.825562,0,2,0
7/5/2025,1,R-gamma-decalactone,31-May-25,9:00 AM,2025GDL,Stone Valley,40.644105,-77.927367,245.825562,0,0,4
7/5/2025,1,R-gamma-decalactone,31-May-25,9:00 AM,2025GDL,Stone Valley,40.644105,-77.927367,245.825562,0,2,2
7/5/2025,1,R-gamma-decalactone,31-May-25,9:00 AM,2025GDL,Stone Valley,40.644105,-77.927367,245.825562,0,0,0
7/5/2025,1,R-gamma-decalactone,31-May-25,10:00 AM,2025GDL,Stone Valley,40.644105,-77.927367,245.825562,0,0,6
7/6/2025,1,R-gamma-decalactone,31-May-25,9:20 AM,2025GDL,Stone Valley,40.644105,-77.927367,245.825562,0,0,0
7/6/2025,1,R-gamma-decalactone,31-May-25,9:10 AM,2025GDL,Stone Valley,40.644105,-77.927367,245.825562,0,1,1
7/6/2025,1,R-gamma-decalactone,31-May-25,12:50 PM,2025GDL,Stone Valley,40.644105,-77.927367,245.825562,0,0,0
7/6/2025,1,R-gamma-decalactone,31-May-25,9:07 AM,2025GDL,Stone Valley,40.644105,-77.927367,245.825562,0,2,0
7/6/2025,1,R-gamma-decalactone,31-May-25,9:00 AM,2025GDL,Stone Valley,40.644105,-77.927367,245.825562,0,0,4
7/6/2025,1,R-gamma-decalactone,31-May-25,9:00 AM,2025GDL,Stone Valley,40.644105,-77.927367,245.825562,0,2,2
7/6/2025,1,R-gamma-decalactone,31-May-25,9:00 AM,2025GDL,Stone Valley,40.644105,-77.927367,245.825562,0,0,0
7/6/2025,1,R-gamma-decalactone,31-May-25,10:00 AM,2025GDL,Stone Valley,40.644105,-77.927367,245.825562,0,0,6
7/7/2025,1,R-gamma-decalactone,31-May-25,9:20 AM,2025GDL,Stone Valley,40.644105,-77.927367,245.825562,0,0,0
7/7/2025,1,R-gamma-decalactone,31-May-25,9:10 AM,2025GDL,Stone Valley,40.644105,-77.927367,245.825562,0,1,1
7/7/2025,1,R-gamma-decalactone,31-May-25,12:50 PM,2025GDL,Stone Valley,40.644105,-77.927367,245.825562,0,0,0
7/7/2025,1,R-gamma-decalactone,31-May-25,9:07 AM,2025GDL,Stone Valley,40.644105,-77.927367,245.825562,0,2,0
7/7/2025,1,R-gamma-decalactone,31-May-25,9:00 AM,2025GDL,Stone Valley,40.644105,-77.927367,245.825562,0,0,4
7/7/2025,1,R-gamma-decalactone,31-May-25,9:00 AM,2025GDL,Stone Valley,40.644105,-77.927367,245.825562,0,2,2
7/7/2025,1,R-gamma-decalactone,31-May-25,9:00 AM,2025GDL,Stone Valley,40.644105,-77.927367,245.825562,0,0,0
7/7/2025,1,R-gamma-decalactone,31-May-25,10:00 AM,2025GDL,Stone Valley,40.644105,-77.927367,245.825562,0,0,6
7/8/2025,1,R-gamma-decalactone,31-May-25,9:20 AM,2025GDL,Stone Valley,40.644105,-77.927367,245.825562,0,0,0
7/8/2025,1,R-gamma-decalactone,31-May-25,9:10 AM,2025GDL,Stone Valley,40.644105,-77.927367,245.825562,0,1,1
7/8/2025,1,R-gamma-decalactone,31-May-25,12:50 PM,2025GDL,Stone Valley,40.644105,-77.927367,245.825562,0,0,0
7/8/2025,1,R-gamma-decalactone,31-May-25,9:07 AM,2025GDL,Stone Valley,40.644105,-77.927367,245.825562,0,2,0
7/8/2025,1,R-gamma-decalactone,31-May-25,9:00 AM,2025GDL,Stone Valley,40.644105,-77.927367,245.825562,0,0,4
7/8/2025,1,R-gamma-decalactone,31-May-25,9:00 AM,2025GDL,Stone Valley,40.644105,-77.927367,245.825562,0,2,2
7/8/2025,1,R-gamma-decalactone,31-May-25,9:00 AM,2025GDL,Stone Valley,40.644105,-77.927367,245.825562,0,0,0
7/8/2025,1,R-gamma-decalactone,31-May-25,10:00 AM,2025GDL,Stone Valley,40.644105,-77.927367,245.825562,0,0,6
7/9/2025,1,R-gamma-decalactone,31-May-25,9:20 AM,2025GDL,Stone Valley,40.644105,-77.927367,245.825562,0,0,0
7/9/2025,1,R-gamma-decalactone,31-May-25,9:10 AM,2025GDL,Stone Valley,40.644105,-77.927367,245.825562,0,1,1
7/9/2025,1,R-gamma-decalactone,31-May-25,12:50 PM,2025GDL,Stone Valley,40.644105,-77.927367,245.825562,0,0,0
7/9/2025,1,R-gamma-decalactone,31-May-25,9:07 AM,2025GDL,Stone Valley,40.644105,-77.927367,245.825562,0,2,0
7/9/2025,1,R-gamma-decalactone,31-May-25,9:00 AM,2025GDL,Stone Valley,40.644105,-77.927367,245.825562,0,0,4
7/9/2025,1,R-gamma-decalactone,31-May-25,9:00 AM,2025GDL,Stone Valley,40.644105,-77.927367,245.825562,0,2,2
7/9/2025,1,R-gamma-decalactone,31-May-25,9:00 AM,2025GDL,Stone Valley,40.644105,-77.927367,245.825562,0,0,0
7/9/2025,1,R-gamma-decalactone,31-May-25,10:00 AM,2025GDL,Stone Valley,40.644105,-77.927367,245.825562,0,0,6
7/10/2025,1,R-gamma-decalactone,31-May-25,9:20 AM,2025GDL,Stone Valley,40.644105,-77.927367,245.825562,0,0,0
7/10/2025,1,R-gamma-decalactone,31-May-25,9:10 AM,2025GDL,Stone Valley,40.644105,-77.927367,245.825562,0,1,1
7/10/2025,1,R-gamma-decalactone,31-May-25,12:50 PM,2025GDL,Stone Valley,40.644105,-77.927367,245.825562,0,0,0
7/10/2025,1,R-gamma-decalactone,31-May-25,9:07 AM,2025GDL,Stone Valley,40.644105,-77.927367,245.825562,0,2,0
7/10/2025,1,R-gamma-decalactone,31-May-25,9:00 AM,2025GDL,Stone Valley,40.644105,-77.927367,245.825562,0,0,4
7/10/2025,1,R-gamma-decalactone,31-May-25,9:00 AM,2025GDL,Stone Valley,40.644105,-77.927367,245.825562,0,2,2
7/10/2025,1,R-gamma-decalactone,31-May-25,9:00 AM,2025GDL,Stone Valley,40.644105,-77.927367,245.825562,0,0,0
7/10/2025,1,R-gamma-decalactone,31-May-25,10:00 AM,2025GDL,Stone Valley,40.644105,-77.927367,245.825562,0,0,6
7/11/2025,1,R-gamma-decalactone,31-May-25,9:20 AM,2025GDL,Stone Valley,40.644105,-77.927367,245.825562,0,0,0
7/11/2025,1,R-gamma-decalactone,31-May-25,9:10 AM,2025GDL,Stone Valley,40.644105,-77.927367,245.825562,0,1,1
7/11/2025,1,R-gamma-decalactone,31-May-25,12:50 PM,2025GDL,Stone Valley,40.644105,-77.927367,245.825562,0,0,0
7/11/2025,1,R-gamma-decalactone,31-May-25,9:07 AM,2025GDL,Stone Valley,40.644105,-77.927367,245.825562,0,2,0
7/11/2025,1,R-gamma-decalactone,31-May-25,9:00 AM,2025GDL,Stone Valley,40.644105,-77.927367,245.825562,0,0,4
7/11/2025,1,R-gamma-decalactone,31-May-25,9:00 AM,2025GDL,Stone Valley,40.644105,-77.927367,245.825562,0,2,2
7/11/2025,1,R-gamma-decalactone,31-May-25,9:00 AM,2025GDL,Stone Valley,40.644105,-77.927367,245.825562,0,0,0
7/11/2025,1,R-gamma-decalactone,31-May-25,10:00 AM,2025GDL,Stone Valley,40.644105,-77.927367,245.825562,0,0,6
7/12/2025,1,R-gamma-decalactone,31-May-25,9:20 AM,2025GDL,Stone Valley,40.644105,-77.927367,245.825562,0,0,0
7/12/2025,1,R-gamma-decalactone,31-May-25,9:10 AM,2025GDL,Stone Valley,40.644105,-77.927367,245.825562,0,1,1
7/12/2025,1,R-gamma-decalactone,31-May-25,12:50 PM,2025GDL,Stone Valley,40.644105,-77.927367,245.825562,0,0,0
7/12/2025,1,R-gamma-decalactone,31-May-25,9:07 AM,2025GDL,Stone Valley,40.644105,-77.927367,245.825562,0,2,0
7/12/2025,1,R-gamma-decalactone,31-May-25,9:00 AM,2025GDL,Stone Valley,40.644105,-77.927367,245.825562,0,0,4
7/12/2025,1,R-gamma-decalactone,31-May-25,9:00 AM,2025GDL,Stone Valley,40.644105,-77.927367,245.825562,0,2,2
7/12/2025,1,R-gamma-decalactone,31-May-25,9:00 AM,2025GDL,Stone Valley,40.644105,-77.927367,245.825562,0,0,0
7/12/2025,1,R-gamma-decalactone,31-May-25,10:00 AM,2025GDL,Stone Valley,40.644105,-77.927367,245.825562,0,0,6
7/13/2025,1,R-gamma-decalactone,31-May-25,9:20 AM,2025GDL,Stone Valley,40.644105,-77.927367,245.825562,0,0,0
7/13/2025,1,R-gamma-decalactone,31-May-25,9:10 AM,2025GDL,Stone Valley,40.644105,-77.927367,245.825562,0,1,1
7/13/2025,1,R-gamma-decalactone,31-May-25,12:50 PM,2025GDL,Stone Valley,40.644105,-77.927367,245.825562,0,0,0
7/13/2025,1,R-gamma-decalactone,31-May-25,9:07 AM,2025GDL,Stone Valley,40.644105,-77.927367,245.825562,0,2,0
7/13/2025,1,R-gamma-decalactone,31-May-25,9:00 AM,2025GDL,Stone Valley,40.644105,-77.927367,245.825562,0,0,4
7/13/2025,1,R-gamma-decalactone,31-May-25,9:00 AM,2025GDL,Stone Valley,40.644105,-77.927367,245.825562,0,2,2
7/13/2025,1,R-gamma-decalactone,31-May-25,9:00 AM,2025GDL,Stone Valley,40.644105,-77.927367,245.825562,0,0,0
7/13/2025,1,R-gamma-decalactone,31-May-25,10:00 AM,2025GDL,Stone Valley,40.644105,-77.927367,245.825562,0,0,6
7/14/2025,1,R-gamma-decalactone,31-May-25,9:20 AM,2025GDL,Stone Valley,40.644105,-77.927367,245.825562,0,0,0
7/14/2025,1,R-gamma-decalactone,31-May-25,9:10 AM,2025GDL,Stone Valley,40.644105,-77.927367,245.825562,0,1,1
7/14/2025,1,R-gamma-decalactone,31-May-25,12:50 PM,2025GDL,Stone Valley,40.644105,-77.927367,245.825562,0,0,0
7/14/2025,1,R-gamma-decalactone,31-May-25,9:07 AM,2025GDL,Stone Valley,40.644105,-77.927367,245.825562,0,2,0
7/14/2025,1,R-gamma-decalactone,31-May-25,9:00 AM,2025GDL,Stone Valley,40.644105,-77.927367,245.825562,0,0,4
7/14/2025,1,R-gamma-decalactone,31-May-25,9:00 AM,2025GDL,Stone Valley,40.644105,-77.927367,245.825562,0,2,2
7/14/2025,1,R-gamma-decalactone,31-May-25,9:00 AM,2025GDL,Stone Valley,40.644105,-77.927367,245.825562,0,0,0
7/14/2025,1,R-gamma-decalactone,31-May-25,10:00 AM,2025GDL,Stone Valley,40.644105,-77.927367,245.825562,0,0,6
7/15/2025,1,R-gamma-decalactone,31-May-25,9:20 AM,2025GDL,Stone Valley,40.644105,-77.927367,245.825562,0,0,0
7/15/2025,1,R-gamma-decalactone,31-May-25,9:10 AM,2025GDL,Stone Valley,40.644105,-77.927367,245.825562,0,1,1
7/15/2025,1,R-gamma-decalactone,31-May-25,12:50 PM,2025GDL,Stone Valley,40.644105,-77.927367,245.825562,0,0,0
7/15/2025,1,R-gamma-decalactone,31-May-25,9:07 AM,2025GDL,Stone Valley,40.644105,-77.927367,245.825562,0,2,0
7/15/2025,1,R-gamma-decalactone,31-May-25,9:00 AM,2025GDL,Stone Valley,40.644105,-77.927367,245.825562,0,0,4
7/15/2025,1,R-gamma-decalactone,31-May-25,9:00 AM,2025GDL,Stone Valley,40.644105,-77.927367,245.825562,0,2,2
7/15/2025,1,R-gamma-decalactone,31-May-25,9:00 AM,2025GDL,Stone Valley,40.644105,-77.927367,245.825562,0,0,0
7/15/2025,1,R-gamma-decalactone,31-May-25,10:00 AM,2025GDL,Stone Valley,40.644105,-77.927367,245.825562,0,0,6
7/16/2025,1,R-gamma-decalactone,31-May-25,9:20 AM,2025GDL,Stone Valley,40.644105,-77.927367,245.825562,0,0,0
7/16/2025,1,R-gamma-decalactone,31-May-25,9:10 AM,2025GDL,Stone Valley,40.644105,-77.927367,245.825562,0,1,1
7/16/2025,1,R-gamma-decalactone,31-May-25,12:50 PM,2025GDL,Stone Valley,40.644105,-77.927367,245.825562,0,0,0
7/16/2025,1,R-gamma-decalactone,31-May-25,9:07 AM,2025GDL,Stone Valley,40.644105,-77.927367,245.825562,0,2,0
7/16/2025,1,R-gamma-decalactone,31-May-25,9:00 AM,2025GDL,Stone Valley,40.644105,-77.927367,245.825562,0,0,4
7/16/2025,1,R-gamma-decalactone,31-May-25,9:00 AM,2025GDL,Stone Valley,40.644105,-77.927367,245.825562,0,2,2
7/16/2025,1,R-gamma-decalactone,31-May-25,9:00 AM,2025GDL,Stone Valley,40.644105,-77.927367,245.825562,0,0,0
7/16/2025,1,R-gamma-decalactone,31-May-25,10:00 AM,2025GDL,Stone Valley,40.644105,-77.927367,245.825562,0,0,6
7/17/2025,1,R-gamma-decalactone,31-May-25,9:20 AM,2025GDL,Stone Valley,40.644105,-77.927367,245.825562,0,0,0
7/17/2025,1,R-gamma-decalactone,31-May-25,9:10 AM,2025GDL,Stone Valley,40.644105,-77.927367,245.825562,0,1,1
7/17/2025,1,R-gamma-decalactone,31-May-25,12:50 PM,2025GDL,Stone Valley,40.644105,-77.927367,245.825562,0,0,0
7/17/2025,1,R-gamma-decalactone,31-May-25,9:07 AM,2025GDL,Stone Valley,40.644105,-77.927367,245.825562,0,2,0
7/17/2025,1,R-gamma-decalactone,31-May-25,9:00 AM,2025GDL,Stone Valley,40.644105,-77.927367,245.825562,0,0,4
7/17/2025,1,R-gamma-decalactone,31-May-25,9:00 AM,2025GDL,Stone Valley,40.644105,-77.927367,245.825562,0,2,2
7/17/2025,1,R-gamma-decalactone,31-May-25,9:00 AM,2025GDL,Stone Valley,40.644105,-77.927367,245.825562,0,0,0
7/17/2025,1,R-gamma-decalactone,31-May-25,10:00 AM,2025GDL,Stone Valley,40.644105,-77.927367,245.825562,0,0,6
7/18/2025,1,R-gamma-decalactone,31-May-25,9:20 AM,2025GDL,Stone Valley,40.644105,-77.927367,245.825562,0,0,0
7/18/2025,1,R-gamma-decalactone,31-May-25,9:10 AM,2025GDL,Stone Valley,40.644105,-77.927367,245.825562,0,1,1
7/18/2025,1,R-gamma-decalactone,31-May-25,12:50 PM,2025GDL,Stone Valley,40.644105,-77.927367,245.825562,0,0,0
7/18/2025,1,R-gamma-decalactone,31-May-25,9:07 AM,2025GDL,Stone Valley,40.644105,-77.927367,245.825562,0,2,0
7/18/2025,1,R-gamma-decalactone,31-May-25,9:00 AM,2025GDL,Stone Valley,40.644105,-77.927367,245.825562,0,0,4
7/18/2025,1,R-gamma-decalactone,31-May-25,9:00 AM,2025GDL,Stone Valley,40.644105,-77.927367,245.825562,0,2,2
7/18/2025,1,R-gamma-decalactone,31-May-25,9:00 AM,2025GDL,Stone Valley,40.644105,-77.927367,245.825562,0,0,0
7/18/2025,1,R-gamma-decalactone,31-May-25,10:00 AM,2025GDL,Stone Valley,40.644105,-77.927367,245.825562,0,0,6
7/19/2025,1,R-gamma-decalactone,31-May-25,9:20 AM,2025GDL,Stone Valley,40.644105,-77.927367,245.825562,0,0,0
7/19/2025,1,R-gamma-decalactone,31-May-25,9:10 AM,2025GDL,Stone Valley,40.644105,-77.927367,245.825562,0,1,1
7/19/2025,1,R-gamma-decalactone,31-May-25,12:50 PM,2025GDL,Stone Valley,40.644105,-77.927367,245.825562,0,0,0
7/19/2025,1,R-gamma-decalactone,31-May-25,9:07 AM,2025GDL,Stone Valley,40.644105,-77.927367,245.825562,0,2,0
7/19/2025,1,R-gamma-decalactone,31-May-25,9:00 AM,2025GDL,Stone Valley,40.644105,-77.927367,245.825562,0,0,4
7/19/2025,1,R-gamma-decalactone,31-May-25,9:00 AM,2025GDL,Stone Valley,40.644105,-77.927367,245.825562,0,2,2
7/19/2025,1,R-gamma-decalactone,31-May-25,9:00 AM,2025GDL,Stone Valley,40.644105,-77.927367,245.825562,0,0,0
7/19/2025,1,R-gamma-decalactone,31-May-25,10:00 AM,2025GDL,Stone Valley,40.644105,-77.927367,245.825562,0,0,6
7/20/2025,1,R-gamma-decalactone,31-May-25,9:20 AM,2025GDL,Stone Valley,40.644105,-77.927367,245.825562,0,0,0
7/20/2025,1,R-gamma-decalactone,31-May-25,9:10 AM,2025GDL,Stone Valley,40.644105,-77.927367,245.825562,0,1,1
7/20/2025,1,R-gamma-decalactone,31-May-25,12:50 PM,2025GDL,Stone Valley,40.644105,-77.927367,245.825562,0,0,0
7/20/2025,1,R-gamma-decalactone,31-May-25,9:07 AM,2025GDL,Stone Valley,40.644105,-77.927367,245.825562,0,2,0
7/20/2025,1,R-gamma-decalactone,31-May-25,9:00 AM,2025GDL,Stone Valley,40.644105,-77.927367,245.825562,0,0,4
7/20/2025,1,R-gamma-decalactone,31-May-25,9:00 AM,2025GDL,Stone Valley,40.644105,-77.927367,245.825562,0,2,2
7/20/2025,1,R-gamma-decalactone,31-May-25,9:00 AM,2025GDL,Stone Valley,40.644105,-77.927367,245.825562,0,0,0
7/20/2025,1,R-gamma-decalactone,31-May-25,10:00 AM,2025GDL,Stone Valley,40.644105,-77.927367,245.825562,0,0,6
7/21/2025,1,R-gamma-decalactone,31-May-25,9:20 AM,2025GDL,Stone Valley,40.644105,-77.927367,245.825562,0,0,0
7/21/2025,1,R-gamma-decalactone,31-May-25,9:10 AM,2025GDL,Stone Valley,40.644105,-77.927367,245.825562,0,1,1
7/21/2025,1,R-gamma-decalactone,31-May-25,12:50 PM,2025GDL,Stone Valley,40.644105,-77.927367,245.825562,0,0,0
7/21/2025,1,R-gamma-decalactone,31-May-25,9:07 AM,2025GDL,Stone Valley,40.644105,-77.927367,245.825562,0,2,0
7/21/2025,1,R-gamma-decalactone,31-May-25,9:00 AM,2025GDL,Stone Valley,40.644105,-77.927367,245.825562,0,0,4
7/21/2025,1,R-gamma-decalactone,31-May-25,9:00 AM,2025GDL,Stone Valley,40.644105,-77.927367,245.825562,0,2,2
7/21/2025,1,R-gamma-decalactone,31-May-25,9:00 AM,2025GDL,Stone Valley,40.644105,-77.927367,245.825562,0,0,0
7/21/2025,1,R-gamma-decalactone,31-May-25,10:00 AM,2025GDL,Stone Valley,40.644105,-77.927367,245.825562,0,0,6
7/22/2025,1,R-gamma-decalactone,31-May-25,9:20 AM,2025GDL,Stone Valley,40.644105,-77.927367,245.825562,0,0,0
7/22/2025,1,R-gamma-decalactone,31-May-25,9:10 AM,2025GDL,Stone Valley,40.644105,-77.927367,245.825562,0,1,1
7/22/2025,1,R-gamma-decalactone,31-May-25,12:50 PM,2025GDL,Stone Valley,40.644105,-77.927367,245.825562,0,0,0
7/22/2025,1,R-gamma-decalactone,31-May-25,9:07 AM,2025GDL,Stone Valley,40.644105,-77.927367,245.825562,0,2,0
7/22/2025,1,R-gamma-decalactone,31-May-25,9:00 AM,2025GDL,Stone Valley,40.644105,-77.927367,245.825562,0,0,4
7/22/2025,1,R-gamma-decalactone,31-May-25,9:00 AM,2025GDL,Stone Valley,40.644105,-77.927367,245.825562,0,2,2
7/22/2025,1,R-gamma-decalactone,31-May-25,9:00 AM,2025GDL,Stone Valley,40.644105,-77.927367,245.825562,0,0,0
7/22/2025,1,R-gamma-decalactone,31-May-25,10:00 AM,2025GDL,Stone Valley,40.644105,-77.927367,245.825562,0,0,6
7/23/2025,1,R-gamma-decalactone,31-May-25,9:20 AM,2025GDL,Stone Valley,40.644105,-77.927367,245.825562,0,0,0
7/23/2025,1,R-gamma-decalactone,31-May-25,9:10 AM,2025GDL,Stone Valley,40.644105,-77.927367,245.825562,0,1,1
7/23/2025,1,R-gamma-decalactone,31-May-25,12:50 PM,2025GDL,Stone Valley,40.644105,-77.927367,245.825562,0,0,0
7/23/2025,1,R-gamma-decalactone,31-May-25,9:07 AM,2025GDL,Stone Valley,40.644105,-77.927367,245.825562,0,2,0
7/23/2025,1,R-gamma-decalactone,31-May-25,9:00 AM,2025GDL,Stone Valley,40.644105,-77.927367,245.825562,0,0,4
7/23/2025,1,R-gamma-decalactone,31-May-25,9:00 AM,2025GDL,Stone Valley,40.644105,-77.927367,245.825562,0,2,2
7/23/2025,1,R-gamma-decalactone,31-May-25,9:00 AM,2025GDL,Stone Valley,40.644105,-77.927367,245.825562,0,0,0
7/23/2025,1,R-gamma-decalactone,31-May-25,10:00 AM,2025GDL,Stone Valley,40.644105,-77.927367,245.825562,0,0,6
7/24/2025,1,R-gamma-decalactone,31-May-25,9:20 AM,2025GDL,Stone Valley,40.644105,-77.927367,245.825562,0,0,0
7/24/2025,1,R-gamma-decalactone,31-May-25,9:10 AM,2025GDL,Stone Valley,40.644105,-77.927367,245.825562,0,1,1
7/24/2025,1,R-gamma-decalactone,31-May-25,12:50 PM,2025GDL,Stone Valley,40.644105,-77.927367,245.825562,0,0,0
7/24/2025,1,R-gamma-decalactone,31-May-25,9:07 AM,2025GDL,Stone Valley,40.644105,-77.927367,245.825562,0,2,0
7/24/2025,1,R-gamma-decalactone,31-May-25,9:00 AM,2025GDL,Stone Valley,40.644105,-77.927367,245.825562,0,0,4
7/24/2025,1,R-gamma-decalactone,31-May-25,9:00 AM,2025GDL,Stone Valley,40.644105,-77.927367,245.825562,0,2,2
7/24/2025,1,R-gamma-decalactone,31-May-25,9:00 AM,2025GDL,Stone Valley,40.644105,-77.927367,245.825562,0,0,0
7/24/2025,1,R-gamma-decalactone,31-May-25,10:00 AM,2025GDL,Stone Valley,40.644105,-77.927367,245.825562,0,0,6
7/25/2025,1,R-gamma-decalactone,31-May-25,9:20 AM,2025GDL,Stone Valley,40.644105,-77.927367,245.825562,0,0,0
7/25/2025,1,R-gamma-decalactone,31-May-25,9:10 AM,2025GDL,Stone Valley,40.644105,-77.927367,245.825562,0,1,1
7/25/2025,1,R-gamma-decalactone,31-May-25,12:50 PM,2025GDL,Stone Valley,40.644105,-77.927367,245.825562,0,0,0
7/25/2025,1,R-gamma-decalactone,31-May-25,9:07 AM,2025GDL,Stone Valley,40.644105,-77.927367,245.825562,0,2,0
7/25/2025,1,R-gamma-decalactone,31-May-25,9:00 AM,2025GDL,Stone Valley,40.644105,-77.927367,245.825562,0,0,4
7/25/2025,1,R-gamma-decalactone,31-May-25,9:00 AM,2025GDL,Stone Valley,40.644105,-77.927367,245.825562,0,2,2
7/25/2025,1,R-gamma-decalactone,31-May-25,9:00 AM,2025GDL,Stone Valley,40.644105,-77.927367,245.825562,0,0,0
7/25/2025,1,R-gamma-decalactone,31-May-25,10:00 AM,2025GDL,Stone Valley,40.644105,-77.927367,245.825562,0,0,6
7/26/2025,1,R-gamma-decalactone,31-May-25,9:20 AM,2025GDL,Stone Valley,40.644105,-77.927367,245.825562,0,0,0
7/26/2025,1,R-gamma-decalactone,31-May-25,9:10 AM,2025GDL,Stone Valley,40.644105,-77.927367,245.825562,0,1,1
7/26/2025,1,R-gamma-decalactone,31-May-25,12:50 PM,2025GDL,Stone Valley,40.644105,-77.927367,245.825562,0,0,0
7/26/2025,1,R-gamma-decalactone,31-May-25,9:07 AM,2025GDL,Stone Valley,40.644105,-77.927367,245.825562,0,2,0
7/26/2025,1,R-gamma-decalactone,31-May-25,9:00 AM,2025GDL,Stone Valley,40.644105,-77.927367,245.825562,0,0,4
7/26/2025,1,R-gamma-decalactone,31-May-25,9:00 AM,2025GDL,Stone Valley,40.644105,-77.927367,245.825562,0,2,2
7/26/2025,1,R-gamma-decalactone,31-May-25,9:00 AM,2025GDL,Stone Valley,40.644105,-77.927367,245.825562,0,0,0
7/26/2025,1,R-gamma-decalactone,31-May-25,10:00 AM,2025GDL,Stone Valley,40.644105,-77.927367,245.825562,0,0,6
7/27/2025,1,R-gamma-decalactone,31-May-25,9:20 AM,2025GDL,Stone Valley,40.644105,-77.927367,245.825562,0,0,0
7/27/2025,1,R-gamma-decalactone,31-May-25,9:10 AM,2025GDL,Stone Valley,40.644105,-77.927367,245.825562,0,1,1
7/27/2025,1,R-gamma-decalactone,31-May-25,12:50 PM,2025GDL,Stone Valley,40.644105,-77.927367,245.825562,0,0,0
7/27/2025,1,R-gamma-decalactone,31-May-25,9:07 AM,2025GDL,Stone Valley,40.644105,-77.927367,245.825562,0,2,0
7/27/2025,1,R-gamma-decalactone,31-May-25,9:00 AM,2025GDL,Stone Valley,40.644105,-77.927367,245.825562,0,0,4
7/27/2025,1,R-gamma-decalactone,31-May-25,9:00 AM,2025GDL,Stone Valley,40.644105,-77.927367,245.825562,0,2,2
7/27/2025,1,R-gamma-decalactone,31-May-25,9:00 AM,2025GDL,Stone Valley,40.644105,-77.927367,245.825562,0,0,0
7/27/2025,1,R-gamma-decalactone,31-May-25,10:00 AM,2025GDL,Stone Valley,40.644105,-77.927367,245.825562,0,0,6
7/28/2025,1,R-gamma-decalactone,31-May-25,9:20 AM,2025GDL,Stone Valley,40.644105,-77.927367,245.825562,0,0,0
7/28/2025,1,R-gamma-decalactone,31-May-25,9:10 AM,2025GDL,Stone Valley,40.644105,-77.927367,245.825562,0,1,1
7/28/2025,1,R-gamma-decalactone,31-May-25,12:50 PM,2025GDL,Stone Valley,40.644105,-77.927367,245.825562,0,0,0
7/28/2025,1,R-gamma-decalactone,31-May-25,9:07 AM,2025GDL,Stone Valley,40.644105,-77.927367,245.825562,0,2,0
7/28/2025,1,R-gamma-decalactone,31-May-25,9:00 AM,2025GDL,Stone Valley,40.644105,-77.927367,245.825562,0,0,4
7/28/2025,1,R-gamma-decalactone,31-May-25,9:00 AM,2025GDL,Stone Valley,40.644105,-77.927367,245.825562,0,2,2
7/28/2025,1,R-gamma-decalactone,31-May-25,9:00 AM,2025GDL,Stone Valley,40.644105,-77.927367,245.825562,0,0,0
7/28/2025,1,R-gamma-decalactone,31-May-25,10:00 AM,2025GDL,Stone Valley,40.644105,-77.927367,245.825562,0,0,6
7/29/2025,1,R-gamma-decalactone,31-May-25,9:20 AM,2025GDL,Stone Valley,40.644105,-77.927367,245.825562,0,0,0
7/29/2025,1,R-gamma-decalactone,31-May-25,9:10 AM,2025GDL,Stone Valley,40.644105,-77.927367,245.825562,0,1,1
7/29/2025,1,R-gamma-decalactone,31-May-25,12:50 PM,2025GDL,Stone Valley,40.644105,-77.927367,245.825562,0,0,0
7/29/2025,1,R-gamma-decalactone,31-May-25,9:07 AM,2025GDL,Stone Valley,40.644105,-77.927367,245.825562,0,2,0
7/29/2025,1,R-gamma-decalactone,31-May-25,9:00 AM,2025GDL,Stone Valley,40.644105,-77.927367,245.825562,0,0,4
7/29/2025,1,R-gamma-decalactone,31-May-25,9:00 AM,2025GDL,Stone Valley,40.644105,-77.927367,245.825562,0,2,2
7/29/2025,1,R-gamma-decalactone,31-May-25,9:00 AM,2025GDL,Stone Valley,40.644105,-77.927367,245.825562,0,0,0
7/29/2025,1,R-gamma-decalactone,31-May-25,10:00 AM,2025GDL,Stone Valley,40.644105,-77.927367,245.825562,0,0,6
7/30/2025,1,R-gamma-decalactone,31-May-25,9:20 AM,2025GDL,Stone Valley,40.644105,-77.927367,245.825562,0,0,0
7/30/2025,1,R-gamma-decalactone,31-May-25,9:10 AM,2025GDL,Stone Valley,40.644105,-77.927367,245.825562,0,1,1
7/30/2025,1,R-gamma-decalactone,31-May-25,12:50 PM,2025GDL,Stone Valley,40.644105,-77.927367,245.825562,0,0,0
7/30/2025,1,R-gamma-decalactone,31-May-25,9:07 AM,2025GDL,Stone Valley,40.644105,-77.927367,245.825562,0,2,0
7/30/2025,1,R-gamma-decalactone,31-May-25,9:00 AM,2025GDL,Stone Valley,40.644105,-77.927367,245.825562,0,0,4
7/30/2025,1,R-gamma-decalactone,31-May-25,9:00 AM,2025GDL,Stone Valley,40.644105,-77.927367,245.825562,0,2,2
7/30/2025,1,R-gamma-decalactone,31-May-25,9:00 AM,2025GDL,Stone Valley,40.644105,-77.927367,245.825562,0,0,0
7/30/2025,1,R-gamma-decalactone,31-May-25,10:00 AM,2025GDL,Stone Valley,40.644105,-77.927367,245.825562,0,0,6
7/31/2025,1,R-gamma-decalactone,31-May-25,9:20 AM,2025GDL,Stone Valley,40.644105,-77.927367,245.825562,0,0,0
7/31/2025,1,R-gamma-decalactone,31-May-25,9:10 AM,2025GDL,Stone Valley,40.644105,-77.927367,245.825562,0,1,1
7/31/2025,1,R-gamma-decalactone,31-May-25,12:50 PM,2025GDL,Stone Valley,40.644105,-77.927367,245.825562,0,0,0
7/31/2025,1,R-gamma-decalactone,31-May-25,9:07 AM,2025GDL,Stone Valley,40.644105,-77.927367,245.825562,0,2,0
7/31/2025,1,R-gamma-decalactone,31-May-25,9:00 AM,2025GDL,Stone Valley,40.644105,-77.927367,245.825562,0,0,4
7/31/2025,1,R-gamma-decalactone,31-May-25,9:00 AM,2025GDL,Stone Valley,40.644105,-77.927367,245.825562,0,2,2
7/31/2025,1,R-gamma-decalactone,31-May-25,9:00 AM,2025GDL,Stone Valley,40.644105,-77.927367,245.825562,0,0,0
7/31/2025,1,R-gamma-decalactone,31-May-25,10:00 AM,2025GDL,Stone Valley,40.644105,-77.927367,245.825562,0,0,6
8/1/2025,1,R-gamma-decalactone,31-May-25,9:20 AM,2025GDL,Stone Valley,40.644105,-77.927367,245.825562,0,0,0
8/1/2025,1,R-gamma-decalactone,31-May-25,9:10 AM,2025GDL,Stone Valley,40.644105,-77.927367,245.825562,0,1,1
8/1/2025,1,R-gamma-decalactone,31-May-25,12:50 PM,2025GDL,Stone Valley,40.644105,-77.927367,245.825562,0,0,0
8/1/2025,1,R-gamma-decalactone,31-May-25,9:07 AM,2025GDL,Stone Valley,40.644105,-77.927367,245.825562,0,2,0
8/1/2025,1,R-gamma-decalactone,31-May-25,9:00 AM,2025GDL,Stone Valley,40.644105,-77.927367,245.825562,0,0,4
8/1/2025,1,R-gamma-decalactone,31-May-25,9:00 AM,2025GDL,Stone Valley,40.644105,-77.927367,245.825562,0,2,2
8/1/2025,1,R-gamma-decalactone,31-May-25,9:00 AM,2025GDL,Stone Valley,40.644105,-77.927367,245.825562,0,0,0
8/1/2025,1,R-gamma-decalactone,31-May-25,10:00 AM,2025GDL,Stone Valley,40.644105,-77.927367,245.825562,0,0,6
8/2/2025,1,R-gamma-decalactone,31-May-25,9:20 AM,2025GDL,Stone Valley,40.644105,-77.927367,245.825562,0,0,0
8/2/2025,1,R-gamma-decalactone,31-May-25,9:10 AM,2025GDL,Stone Valley,40.644105,-77.927367,245.825562,0,1,1
8/2/2025,1,R-gamma-decalactone,31-May-25,12:50 PM,2025GDL,Stone Valley,40.644105,-77.927367,245.825562,0,0,0
8/2/2025,1,R-gamma-decalactone,31-May-25,9:07 AM,2025GDL,Stone Valley,40.644105,-77.927367,245.825562,0,2,0
8/2/2025,1,R-gamma-decalactone,31-May-25,9:00 AM,2025GDL,Stone Valley,40.644105,-77.927367,245.825562,0,0,4
8/2/2025,1,R-gamma-decalactone,31-May-25,9:00 AM,2025GDL,Stone Valley,40.644105,-77.927367,245.825562,0,2,2
8/2/2025,1,R-gamma-decalactone,31-May-25,9:00 AM,2025GDL,Stone Valley,40.644105,-77.927367,245.825562,0,0,0
8/2/2025,1,R-gamma-decalactone,31-May-25,10:00 AM,2025GDL,Stone Valley,40.644105,-77.927367,245.825562,0,0,6
8/3/2025,1,R-gamma-decalactone,31-May-25,9:20 AM,2025GDL,Stone Valley,40.644105,-77.927367,245.825562,0,0,0
8/3/2025,1,R-gamma-decalactone,31-May-25,9:10 AM,2025GDL,Stone Valley,40.644105,-77.927367,245.825562,0,1,1
8/3/2025,1,R-gamma-decalactone,31-May-25,12:50 PM,2025GDL,Stone Valley,40.644105,-77.927367,245.825562,0,0,0
8/3/2025,1,R-gamma-decalactone,31-May-25,9:07 AM,2025GDL,Stone Valley,40.644105,-77.927367,245.825562,0,2,0
8/3/2025,1,R-gamma-decalactone,31-May-25,9:00 AM,2025GDL,Stone Valley,40.644105,-77.927367,245.825562,0,0,4
8/3/2025,1,R-gamma-decalactone,31-May-25,9:00 AM,2025GDL,Stone Valley,40.644105,-77.927367,245.825562,0,2,2
8/3/2025,1,R-gamma-decalactone,31-May-25,9:00 AM,2025GDL,Stone Valley,40.644105,-77.927367,245.825562,0,0,0
8/3/2025,1,R-gamma-decalactone,31-May-25,10:00 AM,2025GDL,Stone Valley,40.644105,-77.927367,245.825562,0,0,6
8/4/2025,1,R-gamma-decalactone,31-May-25,9:20 AM,2025GDL,Stone Valley,40.644105,-77.927367,245.825562,0,0,0
8/4/2025,1,R-gamma-decalactone,31-May-25,9:10 AM,2025GDL,Stone Valley,40.644105,-77.927367,245.825562,0,1,1
8/4/2025,1,R-gamma-decalactone,31-May-25,12:50 PM,2025GDL,Stone Valley,40.644105,-77.927367,245.825562,0,0,0
8/4/2025,1,R-gamma-decalactone,31-May-25,9:07 AM,2025GDL,Stone Valley,40.644105,-77.927367,245.825562,0,2,0
8/4/2025,1,R-gamma-decalactone,31-May-25,9:00 AM,2025GDL,Stone Valley,40.644105,-77.927367,245.825562,0,0,4
8/4/2025,1,R-gamma-decalactone,31-May-25,9:00 AM,2025GDL,Stone Valley,40.644105,-77.927367,245.825562,0,2,2
8/4/2025,1,R-gamma-decalactone,31-May-25,9:00 AM,2025GDL,Stone Valley,40.644105,-77.927367,245.825562,0,0,0
8/4/2025,1,R-gamma-decalactone,31-May-25,10:00 AM,2025GDL,Stone Valley,40.644105,-77.927367,245.825562,0,0,6
8/5/2025,1,R-gamma-decalactone,31-May-25,9:20 AM,2025GDL,Stone Valley,40.644105,-77.927367,245.825562,0,0,0
8/5/2025,1,R-gamma-decalactone,31-May-25,9:10 AM,2025GDL,Stone Valley,40.644105,-77.927367,245.825562,0,1,1
8/5/2025,1,R-gamma-decalactone,31-May-25,12:50 PM,2025GDL,Stone Valley,40.644105,-77.927367,245.825562,0,0,0
8/5/2025,1,R-gamma-decalactone,31-May-25,9:07 AM,2025GDL,Stone Valley,40.644105,-77.927367,245.825562,0,2,0
8/5/2025,1,R-gamma-decalactone,31-May-25,9:00 AM,2025GDL,Stone Valley,40.644105,-77.927367,245.825562,0,0,4
8/5/2025,1,R-gamma-decalactone,31-May-25,9:00 AM,2025GDL,Stone Valley,40.644105,-77.927367,245.825562,0,2,2
8/5/2025,1,R-gamma-decalactone,31-May-25,9:00 AM,2025GDL,Stone Valley,40.644105,-77.927367,245.825562,0,0,0
8/5/2025,1,R-gamma-decalactone,31-May-25,10:00 AM,2025GDL,Stone Valley,40.644105,-77.927367,245.825562,0,0,6
8/6/2025,1,R-gamma-decalactone,31-May-25,9:20 AM,2025GDL,Stone Valley,40.644105,-77.927367,245.825562,0,0,0
8/6/2025,1,R-gamma-decalactone,31-May-25,9:10 AM,2025GDL,Stone Valley,40.644105,-77.927367,245.825562,0,1,1
8/6/2025,1,R-gamma-decalactone,31-May-25,12:50 PM,2025GDL,Stone Valley,40.644105,-77.927367,245.825562,0,0,0
8/6/2025,1,R-gamma-decalactone,31-May-25,9:07 AM,2025GDL,Stone Valley,40.644105,-77.927367,245.825562,0,2,0
8/6/2025,1,R-gamma-decalactone,31-May-25,9:00 AM,2025GDL,Stone Valley,40.644105,-77.927367,245.825562,0,0,4
8/6/2025,1,R-gamma-decalactone,31-May-25,9:00 AM,2025GDL,Stone Valley,40.644105,-77.927367,245.825562,0,2,2
8/6/2025,1,R-gamma-decalactone,31-May-25,9:00 AM,2025GDL,Stone Valley,40.644105,-77.927367,245.825562,0,0,0
8/6/2025,1,R-gamma-decalactone,31-May-25,10:00 AM,2025GDL,Stone Valley,40.644105,-77.927367,245.825562,0,0,6
8/7/2025,1,R-gamma-decalactone,31-May-25,9:20 AM,2025GDL,Stone Valley,40.644105,-77.927367,245.825562,0,0,0
8/7/2025,1,R-gamma-decalactone,31-May-25,9:10 AM,2025GDL,Stone Valley,40.644105,-77.927367,245.825562,0,1,1
8/7/2025,1,R-gamma-decalactone,31-May-25,12:50 PM,2025GDL,Stone Valley,40.644105,-77.927367,245.825562,0,0,0
8/7/2025,1,R-gamma-decalactone,31-May-25,9:07 AM,2025GDL,Stone Valley,40.644105,-77.927367,245.825562,0,2,0
8/7/2025,1,R-gamma-decalactone,31-May-25,9:00 AM,2025GDL,Stone Valley,40.644105,-77.927367,245.825562,0,0,4
8/7/2025,1,R-gamma-decalactone,31-May-25,9:00 AM,2025GDL,Stone Valley,40.644105,-77.927367,245.825562,0,2,2
8/7/2025,1,R-gamma-decalactone,31-May-25,9:00 AM,2025GDL,Stone Valley,40.644105,-77.927367,245.825562,0,0,0
8/7/2025,1,R-gamma-decalactone,31-May-25,10:00 AM,2025GDL,Stone Valley,40.644105,-77.927367,245.825562,0,0,6
8/8/2025,1,R-gamma-decalactone,31-May-25,9:20 AM,2025GDL,Stone Valley,40.644105,-77.927367,245.825562,0,0,0
8/8/2025,1,R-gamma-decalactone,31-May-25,9:10 AM,2025GDL,Stone Valley,40.644105,-77.927367,245.825562,0,1,1
8/8/2025,1,R-gamma-decalactone,31-May-25,12:50 PM,2025GDL,Stone Valley,40.644105,-77.927367,245.825562,0,0,0
8/8/2025,1,R-gamma-decalactone,31-May-25,9:07 AM,2025GDL,Stone Valley,40.644105,-77.927367,245.825562,0,2,0
8/8/2025,1,R-gamma-decalactone,31-May-25,9:00 AM,2025GDL,Stone Valley,40.644105,-77.927367,245.825562,0,0,4
8/8/2025,1,R-gamma-decalactone,31-May-25,9:00 AM,2025GDL,Stone Valley,40.644105,-77.927367,245.825562,0,2,2
8/8/2025,1,R-gamma-decalactone,31-May-25,9:00 AM,2025GDL,Stone Valley,40.644105,-77.927367,245.825562,0,0,0
8/8/2025,1,R-gamma-decalactone,31-May-25,10:00 AM,2025GDL,Stone Valley,40.644105,-77.927367,245.825562,0,0,6
8/9/2025,1,R-gamma-decalactone,31-May-25,9:20 AM,2025GDL,Stone Valley,40.644105,-77.927367,245.825562,0,0,0
8/9/2025,1,R-gamma-decalactone,31-May-25,9:10 AM,2025GDL,Stone Valley,40.644105,-77.927367,245.825562,0,1,1
8/9/2025,1,R-gamma-decalactone,31-May-25,12:50 PM,2025GDL,Stone Valley,40.644105,-77.927367,245.825562,0,0,0
8/9/2025,1,R-gamma-decalactone,31-May-25,9:07 AM,2025GDL,Stone Valley,40.644105,-77.927367,245.825562,0,2,0
8/9/2025,1,R-gamma-decalactone,31-May-25,9:00 AM,2025GDL,Stone Valley,40.644105,-77.927367,245.825562,0,0,4
8/9/2025,1,R-gamma-decalactone,31-May-25,9:00 AM,2025GDL,Stone Valley,40.644105,-77.927367,245.825562,0,2,2
8/9/2025,1,R-gamma-decalactone,31-May-25,9:00 AM,2025GDL,Stone Valley,40.644105,-77.927367,245.825562,0,0,0
8/9/2025,1,R-gamma-decalactone,31-May-25,10:00 AM,2025GDL,Stone Valley,40.644105,-77.927367,245.825562,0,0,6
8/10/2025,1,R-gamma-decalactone,31-May-25,9:20 AM,2025GDL,Stone Valley,40.644105,-77.927367,245.825562,0,0,0
8/10/2025,1,R-gamma-decalactone,31-May-25,9:10 AM,2025GDL,Stone Valley,40.644105,-77.927367,245.825562,0,1,1
8/10/2025,1,R-gamma-decalactone,31-May-25,12:50 PM,2025GDL,Stone Valley,40.644105,-77.927367,245.825562,0,0,0
8/10/2025,1,R-gamma-decalactone,31-May-25,9:07 AM,2025GDL,Stone Valley,40.644105,-77.927367,245.825562,0,2,0
8/10/2025,1,R-gamma-decalactone,31-May-25,9:00 AM,2025GDL,Stone Valley,40.644105,-77.927367,245.825562,0,0,4
8/10/2025,1,R-gamma-decalactone,31-May-25,9:00 AM,2025GDL,Stone Valley,40.644105,-77.927367,245.825562,0,2,2
8/10/2025,1,R-gamma-decalactone,31-May-25,9:00 AM,2025GDL,Stone Valley,40.644105,-77.927367,245.825562,0,0,0
8/10/2025,1,R-gamma-decalactone,31-May-25,10:00 AM,2025GDL,Stone Valley,40.644105,-77.927367,245.825562,0,0,6
8/11/2025,1,R-gamma-decalactone,31-May-25,9:20 AM,2025GDL,Stone Valley,40.644105,-77.927367,245.825562,0,0,0
8/11/2025,1,R-gamma-decalactone,31-May-25,9:10 AM,2025GDL,Stone Valley,40.644105,-77.927367,245.825562,0,1,1
8/11/2025,1,R-gamma-decalactone,31-May-25,12:50 PM,2025GDL,Stone Valley,40.644105,-77.927367,245.825562,0,0,0
8/11/2025,1,R-gamma-decalactone,31-May-25,9:07 AM,2025GDL,Stone Valley,40.644105,-77.927367,245.825562,0,2,0
8/11/2025,1,R-gamma-decalactone,31-May-25,9:00 AM,2025GDL,Stone Valley,40.644105,-77.927367,245.825562,0,0,4
8/11/2025,1,R-gamma-decalactone,31-May-25,9:00 AM,2025GDL,Stone Valley,40.644105,-77.927367,245.825562,0,2,2
8/11/2025,1,R-gamma-decalactone,31-May-25,9:00 AM,2025GDL,Stone Valley,40.644105,-77.927367,245.825562,0,0,0
8/11/2025,1,R-gamma-decalactone,31-May-25,10:00 AM,2025GDL,Stone Valley,40.644105,-77.927367,245.825562,0,0,6
8/12/2025,1,R-gamma-decalactone,31-May-25,9:20 AM,2025GDL,Stone Valley,40.644105,-77.927367,245.825562,0,0,0
8/12/2025,1,R-gamma-decalactone,31-May-25,9:10 AM,2025GDL,Stone Valley,40.644105,-77.927367,245.825562,0,1,1
8/12/2025,1,R-gamma-decalactone,31-May-25,12:50 PM,2025GDL,Stone Valley,40.644105,-77.927367,245.825562,0,0,0
8/12/2025,1,R-gamma-decalactone,31-May-25,9:07 AM,2025GDL,Stone Valley,40.644105,-77.927367,245.825562,0,2,0
8/12/2025,1,R-gamma-decalactone,31-May-25,9:00 AM,2025GDL,Stone Valley,40.644105,-77.927367,245.825562,0,0,4
8/12/2025,1,R-gamma-decalactone,31-May-25,9:00 AM,2025GDL,Stone Valley,40.644105,-77.927367,245.825562,0,2,2
8/12/2025,1,R-gamma-decalactone,31-May-25,9:00 AM,2025GDL,Stone Valley,40.644105,-77.927367,245.825562,0,0,0
8/12/2025,1,R-gamma-decalactone,31-May-25,10:00 AM,2025GDL,Stone Valley,40.644105,-77.927367,245.825562,0,0,6
8/13/2025,1,R-gamma-decalactone,31-May-25,9:20 AM,2025GDL,Stone Valley,40.644105,-77.927367,245.825562,0,0,0
8/13/2025,1,R-gamma-decalactone,31-May-25,9:10 AM,2025GDL,Stone Valley,40.644105,-77.927367,245.825562,0,1,1
8/13/2025,1,R-gamma-decalactone,31-May-25,12:50 PM,2025GDL,Stone Valley,40.644105,-77.927367,245.825562,0,0,0
8/13/2025,1,R-gamma-decalactone,31-May-25,9:07 AM,2025GDL,Stone Valley,40.644105,-77.927367,245.825562,0,2,0
8/13/2025,1,R-gamma-decalactone,31-May-25,9:00 AM,2025GDL,Stone Valley,40.644105,-77.927367,245.825562,0,0,4
8/13/2025,1,R-gamma-decalactone,31-May-25,9:00 AM,2025GDL,Stone Valley,40.644105,-77.927367,245.825562,0,2,2
8/13/2025,1,R-gamma-decalactone,31-May-25,9:00 AM,2025GDL,Stone Valley,40.644105,-77.927367,245.825562,0,0,0
8/13/2025,1,R-gamma-decalactone,31-May-25,10:00 AM,2025GDL,Stone Valley,40.644105,-77.927367,245.825562,0,0,6
8/14/2025,1,R-gamma-decalactone,31-May-25,9:20 AM,2025GDL,Stone Valley,40.644105,-77.927367,245.825562,0,0,0
8/14/2025,1,R-gamma-decalactone,31-May-25,9:10 AM,2025GDL,Stone Valley,40.644105,-77.927367,245.825562,0,1,1
8/14/2025,1,R-gamma-decalactone,31-May-25,12:50 PM,2025GDL,Stone Valley,40.644105,-77.927367,245.825562,0,0,0
8/14/2025,1,R-gamma-decalactone,31-May-25,9:07 AM,2025GDL,Stone Valley,40.644105,-77.927367,245.825562,0,2,0
8/14/2025,1,R-gamma-decalactone,31-May-25,9:00 AM,2025GDL,Stone Valley,40.644105,-77.927367,245.825562,0,0,4
8/14/2025,1,R-gamma-decalactone,31-May-25,9:00 AM,2025GDL,Stone Valley,40.644105,-77.927367,245.825562,0,2,2
8/14/2025,1,R-gamma-decalactone,31-May-25,9:00 AM,2025GDL,Stone Valley,40.644105,-77.927367,245.825562,0,0,0
8/14/2025,1,R-gamma-decalactone,31-May-25,10:00 AM,2025GDL,Stone Valley,40.644105,-77.927367,245.825562,0,0,6
8/15/2025,1,R-gamma-decalactone,31-May-25,9:20 AM,2025GDL,Stone Valley,40.644105,-77.927367,245.825562,0,0,0
8/15/2025,1,R-gamma-decalactone,31-May-25,9:10 AM,2025GDL,Stone Valley,40.644105,-77.927367,245.825562,0,1,1
8/15/2025,1,R-gamma-decalactone,31-May-25,12:50 PM,2025GDL,Stone Valley,40.644105,-77.927367,245.825562,0,0,0
8/15/2025,1,R-gamma-decalactone,31-May-25,9:07 AM,2025GDL,Stone Valley,40.644105,-77.927367,245.825562,0,2,0
8/15/2025,1,R-gamma-decalactone,31-May-25,9:00 AM,2025GDL,Stone Valley,40.644105,-77.927367,245.825562,0,0,4
8/15/2025,1,R-gamma-decalactone,31-May-25,9:00 AM,2025GDL,Stone Valley,40.644105,-77.927367,245.825562,0,2,2
8/15/2025,1,R-gamma-decalactone,31-May-25,9:00 AM,2025GDL,Stone Valley,40.644105,-77.927367,245.825562,0,0,0
8/15/2025,1,R-gamma-decalactone,31-May-25,10:00 AM,2025GDL,Stone Valley,40.644105,-77.927367,245.825562,0,0,6
6/1/2025,2,R-gamma-decalactone,31-May-25,9:25 AM,2025GDL,Stone Valley,40.644778,-77.924646,264.687134,0,1,1
6/1/2025,2,R-gamma-decalactone,31-May-25,9:40 AM,2025GDL,Stone Valley,40.644778,-77.924646,264.687134,0,0,0
6/1/2025,2,R-gamma-decalactone,31-May-25,1:39 PM,2025GDL,Stone Valley,40.644778,-77.924646,264.687134,0,1,10
6/1/2025,2,R-gamma-decalactone,31-May-25,9:15 AM,2025GDL,Stone Valley,40.644778,-77.924646,264.687134,0,0,2
6/1/2025,2,R-gamma-decalactone,31-May-25,9:00 AM,2025GDL,Stone Valley,40.644778,-77.924646,264.687134,0,1,3
6/1/2025,2,R-gamma-decalactone,31-May-25,9:00 AM,2025GDL,Stone Valley,40.644778,-77.924646,264.687134,0,1,1
6/1/2025,2,R-gamma-decalactone,31-May-25,9:00 AM,2025GDL,Stone Valley,40.644778,-77.924646,264.687134,0,0,3
6/1/2025,2,R-gamma-decalactone,31-May-25,10:00 AM,2025GDL,Stone Valley,40.644778,-77.924646,264.687134,0,0,2
6/2/2025,2,R-gamma-decalactone,31-May-25,9:25 AM,2025GDL,Stone Valley,40.644778,-77.924646,264.687134,0,1,1
6/2/2025,2,R-gamma-decalactone,31-May-25,9:40 AM,2025GDL,Stone Valley,40.644778,-77.924646,264.687134,0,0,0
6/2/2025,2,R-gamma-decalactone,31-May-25,1:39 PM,2025GDL,Stone Valley,40.644778,-77.924646,264.687134,0,1,10
6/2/2025,2,R-gamma-decalactone,31-May-25,9:15 AM,2025GDL,Stone Valley,40.644778,-77.924646,264.687134,0,0,2
6/2/2025,2,R-gamma-decalactone,31-May-25,9:00 AM,2025GDL,Stone Valley,40.644778,-77.924646,264.687134,0,1,3
6/2/2025,2,R-gamma-decalactone,31-May-25,9:00 AM,2025GDL,Stone Valley,40.644778,-77.924646,264.687134,0,1,1
6/2/2025,2,R-gamma-decalactone,31-May-25,9:00 AM,2025GDL,Stone Valley,40.644778,-77.924646,264.687134,0,0,3
6/2/2025,2,R-gamma-decalactone,31-May-25,10:00 AM,2025GDL,Stone Valley,40.644778,-77.924646,264.687134,0,0,2
6/3/2025,2,R-gamma-decalactone,31-May-25,9:25 AM,2025GDL,Stone Valley,40.644778,-77.924646,264.687134,0,1,1
6/3/2025,2,R-gamma-decalactone,31-May-25,9:40 AM,2025GDL,Stone Valley,40.644778,-77.924646,264.687134,0,0,0
6/3/2025,2,R-gamma-decalactone,31-May-25,1:39 PM,2025GDL,Stone Valley,40.644778,-77.924646,264.687134,0,1,10
6/3/2025,2,R-gamma-decalactone,31-May-25,9:15 AM,2025GDL,Stone Valley,40.644778,-77.924646,264.687134,0,0,2
6/3/2025,2,R-gamma-decalactone,31-May-25,9:00 AM,2025GDL,Stone Valley,40.644778,-77.924646,264.687134,0,1,3
6/3/2025,2,R-gamma-decalactone,31-May-25,9:00 AM,2025GDL,Stone Valley,40.644778,-77.924646,264.687134,0,1,1
6/3/2025,2,R-gamma-decalactone,31-May-25,9:00 AM,2025GDL,Stone Valley,40.644778,-77.924646,264.687134,0,0,3
6/3/2025,2,R-gamma-decalactone,31-May-25,10:00 AM,2025GDL,Stone Valley,40.644778,-77.924646,264.687134,0,0,2
6/4/2025,2,R-gamma-decalactone,31-May-25,9:25 AM,2025GDL,Stone Valley,40.644778,-77.924646,264.687134,0,1,1
6/4/2025,2,R-gamma-decalactone,31-May-25,9:40 AM,2025GDL,Stone Valley,40.644778,-77.924646,264.687134,0,0,0
6/4/2025,2,R-gamma-decalactone,31-May-25,1:39 PM,2025GDL,Stone Valley,40.644778,-77.924646,264.687134,0,1,10
6/4/2025,2,R-gamma-decalactone,31-May-25,9:15 AM,2025GDL,Stone Valley,40.644778,-77.924646,264.687134,0,0,2
6/4/2025,2,R-gamma-decalactone,31-May-25,9:00 AM,2025GDL,Stone Valley,40.644778,-77.924646,264.687134,0,1,3
6/4/2025,2,R-gamma-decalactone,31-May-25,9:00 AM,2025GDL,Stone Valley,40.644778,-77.924646,264.687134,0,1,1
6/4/2025,2,R-gamma-decalactone,31-May-25,9:00 AM,2025GDL,Stone Valley,40.644778,-77.924646,264.687134,0,0,3
6/4/2025,2,R-gamma-decalactone,31-May-25,10:00 AM,2025GDL,Stone Valley,40.644778,-77.924646,264.687134,0,0,2
6/5/2025,2,R-gamma-decalactone,31-May-25,9:25 AM,2025GDL,Stone Valley,40.644778,-77.924646,264.687134,0,1,1
6/5/2025,2,R-gamma-decalactone,31-May-25,9:40 AM,2025GDL,Stone Valley,40.644778,-77.924646,264.687134,0,0,0
6/5/2025,2,R-gamma-decalactone,31-May-25,1:39 PM,2025GDL,Stone Valley,40.644778,-77.924646,264.687134,0,1,10
6/5/2025,2,R-gamma-decalactone,31-May-25,9:15 AM,2025GDL,Stone Valley,40.644778,-77.924646,264.687134,0,0,2
6/5/2025,2,R-gamma-decalactone,31-May-25,9:00 AM,2025GDL,Stone Valley,40.644778,-77.924646,264.687134,0,1,3
6/5/2025,2,R-gamma-decalactone,31-May-25,9:00 AM,2025GDL,Stone Valley,40.644778,-77.924646,264.687134,0,1,1
6/5/2025,2,R-gamma-decalactone,31-May-25,9:00 AM,2025GDL,Stone Valley,40.644778,-77.924646,264.687134,0,0,3
6/5/2025,2,R-gamma-decalactone,31-May-25,10:00 AM,2025GDL,Stone Valley,40.644778,-77.924646,264.687134,0,0,2
6/6/2025,2,R-gamma-decalactone,31-May-25,9:25 AM,2025GDL,Stone Valley,40.644778,-77.924646,264.687134,0,1,1
6/6/2025,2,R-gamma-decalactone,31-May-25,9:40 AM,2025GDL,Stone Valley,40.644778,-77.924646,264.687134,0,0,0
6/6/2025,2,R-gamma-decalactone,31-May-25,1:39 PM,2025GDL,Stone Valley,40.644778,-77.924646,264.687134,0,1,10
6/6/2025,2,R-gamma-decalactone,31-May-25,9:15 AM,2025GDL,Stone Valley,40.644778,-77.924646,264.687134,0,0,2
6/6/2025,2,R-gamma-decalactone,31-May-25,9:00 AM,2025GDL,Stone Valley,40.644778,-77.924646,264.687134,0,1,3
6/6/2025,2,R-gamma-decalactone,31-May-25,9:00 AM,2025GDL,Stone Valley,40.644778,-77.924646,264.687134,0,1,1
6/6/2025,2,R-gamma-decalactone,31-May-25,9:00 AM,2025GDL,Stone Valley,40.644778,-77.924646,264.687134,0,0,3
6/6/2025,2,R-gamma-decalactone,31-May-25,10:00 AM,2025GDL,Stone Valley,40.644778,-77.924646,264.687134,0,0,2
6/7/2025,2,R-gamma-decalactone,31-May-25,9:25 AM,2025GDL,Stone Valley,40.644778,-77.924646,264.687134,0,1,1
6/7/2025,2,R-gamma-decalactone,31-May-25,9:40 AM,2025GDL,Stone Valley,40.644778,-77.924646,264.687134,0,0,0
6/7/2025,2,R-gamma-decalactone,31-May-25,1:39 PM,2025GDL,Stone Valley,40.644778,-77.924646,264.687134,0,1,10
6/7/2025,2,R-gamma-decalactone,31-May-25,9:15 AM,2025GDL,Stone Valley,40.644778,-77.924646,264.687134,0,0,2
6/7/2025,2,R-gamma-decalactone,31-May-25,9:00 AM,2025GDL,Stone Valley,40.644778,-77.924646,264.687134,0,1,3
6/7/2025,2,R-gamma-decalactone,31-May-25,9:00 AM,2025GDL,Stone Valley,40.644778,-77.924646,264.687134,0,1,1
6/7/2025,2,R-gamma-decalactone,31-May-25,9:00 AM,2025GDL,Stone Valley,40.644778,-77.924646,264.687134,0,0,3
6/7/2025,2,R-gamma-decalactone,31-May-25,10:00 AM,2025GDL,Stone Valley,40.644778,-77.924646,264.687134,0,0,2
6/8/2025,2,R-gamma-decalactone,31-May-25,9:25 AM,2025GDL,Stone Valley,40.644778,-77.924646,264.687134,0,1,1
6/8/2025,2,R-gamma-decalactone,31-May-25,9:40 AM,2025GDL,Stone Valley,40.644778,-77.924646,264.687134,0,0,0
6/8/2025,2,R-gamma-decalactone,31-May-25,1:39 PM,2025GDL,Stone Valley,40.644778,-77.924646,264.687134,0,1,10
6/8/2025,2,R-gamma-decalactone,31-May-25,9:15 AM,2025GDL,Stone Valley,40.644778,-77.924646,264.687134,0,0,2
6/8/2025,2,R-gamma-decalactone,31-May-25,9:00 AM,2025GDL,Stone Valley,40.644778,-77.924646,264.687134,0,1,3
6/8/2025,2,R-gamma-decalactone,31-May-25,9:00 AM,2025GDL,Stone Valley,40.644778,-77.924646,264.687134,0,1,1
6/8/2025,2,R-gamma-decalactone,31-May-25,9:00 AM,2025GDL,Stone Valley,40.644778,-77.924646,264.687134,0,0,3
6/8/2025,2,R-gamma-decalactone,31-May-25,10:00 AM,2025GDL,Stone Valley,40.644778,-77.924646,264.687134,0,0,2
6/9/2025,2,R-gamma-decalactone,31-May-25,9:25 AM,2025GDL,Stone Valley,40.644778,-77.924646,264.687134,0,1,1
6/9/2025,2,R-gamma-decalactone,31-May-25,9:40 AM,2025GDL,Stone Valley,40.644778,-77.924646,264.687134,0,0,0
6/9/2025,2,R-gamma-decalactone,31-May-25,1:39 PM,2025GDL,Stone Valley,40.644778,-77.924646,264.687134,0,1,10
6/9/2025,2,R-gamma-decalactone,31-May-25,9:15 AM,2025GDL,Stone Valley,40.644778,-77.924646,264.687134,0,0,2
6/9/2025,2,R-gamma-decalactone,31-May-25,9:00 AM,2025GDL,Stone Valley,40.644778,-77.924646,264.687134,0,1,3
6/9/2025,2,R-gamma-decalactone,31-May-25,9:00 AM,2025GDL,Stone Valley,40.644778,-77.924646,264.687134,0,1,1
6/9/2025,2,R-gamma-decalactone,31-May-25,9:00 AM,2025GDL,Stone Valley,40.644778,-77.924646,264.687134,0,0,3
6/9/2025,2,R-gamma-decalactone,31-May-25,10:00 AM,2025GDL,Stone Valley,40.644778,-77.924646,264.687134,0,0,2
6/10/2025,2,R-gamma-decalactone,31-May-25,9:25 AM,2025GDL,Stone Valley,40.644778,-77.924646,264.687134,0,1,1
6/10/2025,2,R-gamma-decalactone,31-May-25,9:40 AM,2025GDL,Stone Valley,40.644778,-77.924646,264.687134,0,0,0
6/10/2025,2,R-gamma-decalactone,31-May-25,1:39 PM,2025GDL,Stone Valley,40.644778,-77.924646,264.687134,0,1,10
6/10/2025,2,R-gamma-decalactone,31-May-25,9:15 AM,2025GDL,Stone Valley,40.644778,-77.924646,264.687134,0,0,2
6/10/2025,2,R-gamma-decalactone,31-May-25,9:00 AM,2025GDL,Stone Valley,40.644778,-77.924646,264.687134,0,1,3
6/10/2025,2,R-gamma-decalactone,31-May-25,9:00 AM,2025GDL,Stone Valley,40.644778,-77.924646,264.687134,0,1,1
6/10/2025,2,R-gamma-decalactone,31-May-25,9:00 AM,2025GDL,Stone Valley,40.644778,-77.924646,264.687134,0,0,3
6/10/2025,2,R-gamma-decalactone,31-May-25,10:00 AM,2025GDL,Stone Valley,40.644778,-77.924646,264.687134,0,0,2
6/11/2025,2,R-gamma-decalactone,31-May-25,9:25 AM,2025GDL,Stone Valley,40.644778,-77.924646,264.687134,0,1,1
6/11/2025,2,R-gamma-decalactone,31-May-25,9:40 AM,2025GDL,Stone Valley,40.644778,-77.924646,264.687134,0,0,0
6/11/2025,2,R-gamma-decalactone,31-May-25,1:39 PM,2025GDL,Stone Valley,40.644778,-77.924646,264.687134,0,1,10
6/11/2025,2,R-gamma-decalactone,31-May-25,9:15 AM,2025GDL,Stone Valley,40.644778,-77.924646,264.687134,0,0,2
6/11/2025,2,R-gamma-decalactone,31-May-25,9:00 AM,2025GDL,Stone Valley,40.644778,-77.924646,264.687134,0,1,3
6/11/2025,2,R-gamma-decalactone,31-May-25,9:00 AM,2025GDL,Stone Valley,40.644778,-77.924646,264.687134,0,1,1
6/11/2025,2,R-gamma-decalactone,31-May-25,9:00 AM,2025GDL,Stone Valley,40.644778,-77.924646,264.687134,0,0,3
6/11/2025,2,R-gamma-decalactone,31-May-25,10:00 AM,2025GDL,Stone Valley,40.644778,-77.924646,264.687134,0,0,2
6/12/2025,2,R-gamma-decalactone,31-May-25,9:25 AM,2025GDL,Stone Valley,40.644778,-77.924646,264.687134,0,1,1
6/12/2025,2,R-gamma-decalactone,31-May-25,9:40 AM,2025GDL,Stone Valley,40.644778,-77.924646,264.687134,0,0,0
6/12/2025,2,R-gamma-decalactone,31-May-25,1:39 PM,2025GDL,Stone Valley,40.644778,-77.924646,264.687134,0,1,10
6/12/2025,2,R-gamma-decalactone,31-May-25,9:15 AM,2025GDL,Stone Valley,40.644778,-77.924646,264.687134,0,0,2
6/12/2025,2,R-gamma-decalactone,31-May-25,9:00 AM,2025GDL,Stone Valley,40.644778,-77.924646,264.687134,0,1,3
6/12/2025,2,R-gamma-decalactone,31-May-25,9:00 AM,2025GDL,Stone Valley,40.644778,-77.924646,264.687134,0,1,1
6/12/2025,2,R-gamma-decalactone,31-May-25,9:00 AM,2025GDL,Stone Valley,40.644778,-77.924646,264.687134,0,0,3
6/12/2025,2,R-gamma-decalactone,31-May-25,10:00 AM,2025GDL,Stone Valley,40.644778,-77.924646,264.687134,0,0,2
6/13/2025,2,R-gamma-decalactone,31-May-25,9:25 AM,2025GDL,Stone Valley,40.644778,-77.924646,264.687134,0,1,1
6/13/2025,2,R-gamma-decalactone,31-May-25,9:40 AM,2025GDL,Stone Valley,40.644778,-77.924646,264.687134,0,0,0
6/13/2025,2,R-gamma-decalactone,31-May-25,1:39 PM,2025GDL,Stone Valley,40.644778,-77.924646,264.687134,0,1,10
6/13/2025,2,R-gamma-decalactone,31-May-25,9:15 AM,2025GDL,Stone Valley,40.644778,-77.924646,264.687134,0,0,2
6/13/2025,2,R-gamma-decalactone,31-May-25,9:00 AM,2025GDL,Stone Valley,40.644778,-77.924646,264.687134,0,1,3
6/13/2025,2,R-gamma-decalactone,31-May-25,9:00 AM,2025GDL,Stone Valley,40.644778,-77.924646,264.687134,0,1,1
6/13/2025,2,R-gamma-decalactone,31-May-25,9:00 AM,2025GDL,Stone Valley,40.644778,-77.924646,264.687134,0,0,3
6/13/2025,2,R-gamma-decalactone,31-May-25,10:00 AM,2025GDL,Stone Valley,40.644778,-77.924646,264.687134,0,0,2
6/14/2025,2,R-gamma-decalactone,31-May-25,9:25 AM,2025GDL,Stone Valley,40.644778,-77.924646,264.687134,0,1,1
6/14/2025,2,R-gamma-decalactone,31-May-25,9:40 AM,2025GDL,Stone Valley,40.644778,-77.924646,264.687134,0,0,0
6/14/2025,2,R-gamma-decalactone,31-May-25,1:39 PM,2025GDL,Stone Valley,40.644778,-77.924646,264.687134,0,1,10
6/14/2025,2,R-gamma-decalactone,31-May-25,9:15 AM,2025GDL,Stone Valley,40.644778,-77.924646,264.687134,0,0,2
6/14/2025,2,R-gamma-decalactone,31-May-25,9:00 AM,2025GDL,Stone Valley,40.644778,-77.924646,264.687134,0,1,3
6/14/2025,2,R-gamma-decalactone,31-May-25,9:00 AM,2025GDL,Stone Valley,40.644778,-77.924646,264.687134,0,1,1
6/14/2025,2,R-gamma-decalactone,31-May-25,9:00 AM,2025GDL,Stone Valley,40.644778,-77.924646,264.687134,0,0,3
6/14/2025,2,R-gamma-decalactone,31-May-25,10:00 AM,2025GDL,Stone Valley,40.644778,-77.924646,264.687134,0,0,2
6/15/2025,2,R-gamma-decalactone,31-May-25,9:25 AM,2025GDL,Stone Valley,40.644778,-77.924646,264.687134,0,1,1
6/15/2025,2,R-gamma-decalactone,31-May-25,9:40 AM,2025GDL,Stone Valley,40.644778,-77.924646,264.687134,0,0,0
6/15/2025,2,R-gamma-decalactone,31-May-25,1:39 PM,2025GDL,Stone Valley,40.644778,-77.924646,264.687134,0,1,10
6/15/2025,2,R-gamma-decalactone,31-May-25,9:15 AM,2025GDL,Stone Valley,40.644778,-77.924646,264.687134,0,0,2
6/15/2025,2,R-gamma-decalactone,31-May-25,9:00 AM,2025GDL,Stone Valley,40.644778,-77.924646,264.687134,0,1,3
6/15/2025,2,R-gamma-decalactone,31-May-25,9:00 AM,2025GDL,Stone Valley,40.644778,-77.924646,264.687134,0,1,1
6/15/2025,2,R-gamma-decalactone,31-May-25,9:00 AM,2025GDL,Stone Valley,40.644778,-77.924646,264.687134,0,0,3
6/15/2025,2,R-gamma-decalactone,31-May-25,10:00 AM,2025GDL,Stone Valley,40.644778,-77.924646,264.687134,0,0,2
6/16/2025,2,R-gamma-decalactone,31-May-25,9:25 AM,2025GDL,Stone Valley,40.644778,-77.924646,264.687134,0,1,1
6/16/2025,2,R-gamma-decalactone,31-May-25,9:40 AM,2025GDL,Stone Valley,40.644778,-77.924646,264.687134,0,0,0
6/16/2025,2,R-gamma-decalactone,31-May-25,1:39 PM,2025GDL,Stone Valley,40.644778,-77.924646,264.687134,0,1,10
6/16/2025,2,R-gamma-decalactone,31-May-25,9:15 AM,2025GDL,Stone Valley,40.644778,-77.924646,264.687134,0,0,2
6/16/2025,2,R-gamma-decalactone,31-May-25,9:00 AM,2025GDL,Stone Valley,40.644778,-77.924646,264.687134,0,1,3
6/16/2025,2,R-gamma-decalactone,31-May-25,9:00 AM,2025GDL,Stone Valley,40.644778,-77.924646,264.687134,0,1,1
6/16/2025,2,R-gamma-decalactone,31-May-25,9:00 AM,2025GDL,Stone Valley,40.644778,-77.924646,264.687134,0,0,3
6/16/2025,2,R-gamma-decalactone,31-May-25,10:00 AM,2025GDL,Stone Valley,40.644778,-77.924646,264.687134,0,0,2
6/17/2025,2,R-gamma-decalactone,31-May-25,9:25 AM,2025GDL,Stone Valley,40.644778,-77.924646,264.687134,0,1,1
6/17/2025,2,R-gamma-decalactone,31-May-25,9:40 AM,2025GDL,Stone Valley,40.644778,-77.924646,264.687134,0,0,0
6/17/2025,2,R-gamma-decalactone,31-May-25,1:39 PM,2025GDL,Stone Valley,40.644778,-77.924646,264.687134,0,1,10
6/17/2025,2,R-gamma-decalactone,31-May-25,9:15 AM,2025GDL,Stone Valley,40.644778,-77.924646,264.687134,0,0,2
6/17/2025,2,R-gamma-decalactone,31-May-25,9:00 AM,2025GDL,Stone Valley,40.644778,-77.924646,264.687134,0,1,3
6/17/2025,2,R-gamma-decalactone,31-May-25,9:00 AM,2025GDL,Stone Valley,40.644778,-77.924646,264.687134,0,1,1
6/17/2025,2,R-gamma-decalactone,31-May-25,9:00 AM,2025GDL,Stone Valley,40.644778,-77.924646,264.687134,0,0,3
6/17/2025,2,R-gamma-decalactone,31-May-25,10:00 AM,2025GDL,Stone Valley,40.644778,-77.924646,264.687134,0,0,2
6/18/2025,2,R-gamma-decalactone,31-May-25,9:25 AM,2025GDL,Stone Valley,40.644778,-77.924646,264.687134,0,1,1
6/18/2025,2,R-gamma-decalactone,31-May-25,9:40 AM,2025GDL,Stone Valley,40.644778,-77.924646,264.687134,0,0,0
6/18/2025,2,R-gamma-decalactone,31-May-25,1:39 PM,2025GDL,Stone Valley,40.644778,-77.924646,264.687134,0,1,10
6/18/2025,2,R-gamma-decalactone,31-May-25,9:15 AM,2025GDL,Stone Valley,40.644778,-77.924646,264.687134,0,0,2
6/18/2025,2,R-gamma-decalactone,31-May-25,9:00 AM,2025GDL,Stone Valley,40.644778,-77.924646,264.687134,0,1,3
6/18/2025,2,R-gamma-decalactone,31-May-25,9:00 AM,2025GDL,Stone Valley,40.644778,-77.924646,264.687134,0,1,1
6/18/2025,2,R-gamma-decalactone,31-May-25,9:00 AM,2025GDL,Stone Valley,40.644778,-77.924646,264.687134,0,0,3
6/18/2025,2,R-gamma-decalactone,31-May-25,10:00 AM,2025GDL,Stone Valley,40.644778,-77.924646,264.687134,0,0,2
6/19/2025,2,R-gamma-decalactone,31-May-25,9:25 AM,2025GDL,Stone Valley,40.644778,-77.924646,264.687134,0,1,1
6/19/2025,2,R-gamma-decalactone,31-May-25,9:40 AM,2025GDL,Stone Valley,40.644778,-77.924646,264.687134,0,0,0
6/19/2025,2,R-gamma-decalactone,31-May-25,1:39 PM,2025GDL,Stone Valley,40.644778,-77.924646,264.687134,0,1,10
6/19/2025,2,R-gamma-decalactone,31-May-25,9:15 AM,2025GDL,Stone Valley,40.644778,-77.924646,264.687134,0,0,2
6/19/2025,2,R-gamma-decalactone,31-May-25,9:00 AM,2025GDL,Stone Valley,40.644778,-77.924646,264.687134,0,1,3
6/19/2025,2,R-gamma-decalactone,31-May-25,9:00 AM,2025GDL,Stone Valley,40.644778,-77.924646,264.687134,0,1,1
6/19/2025,2,R-gamma-decalactone,31-May-25,9:00 AM,2025GDL,Stone Valley,40.644778,-77.924646,264.687134,0,0,3
6/19/2025,2,R-gamma-decalactone,31-May-25,10:00 AM,2025GDL,Stone Valley,40.644778,-77.924646,264.687134,0,0,2
6/20/2025,2,R-gamma-decalactone,31-May-25,9:25 AM,2025GDL,Stone Valley,40.644778,-77.924646,264.687134,0,1,1
6/20/2025,2,R-gamma-decalactone,31-May-25,9:40 AM,2025GDL,Stone Valley,40.644778,-77.924646,264.687134,0,0,0
6/20/2025,2,R-gamma-decalactone,31-May-25,1:39 PM,2025GDL,Stone Valley,40.644778,-77.924646,264.687134,0,1,10
6/20/2025,2,R-gamma-decalactone,31-May-25,9:15 AM,2025GDL,Stone Valley,40.644778,-77.924646,264.687134,0,0,2
6/20/2025,2,R-gamma-decalactone,31-May-25,9:00 AM,2025GDL,Stone Valley,40.644778,-77.924646,264.687134,0,1,3
6/20/2025,2,R-gamma-decalactone,31-May-25,9:00 AM,2025GDL,Stone Valley,40.644778,-77.924646,264.687134,0,1,1
6/20/2025,2,R-gamma-decalactone,31-May-25,9:00 AM,2025GDL,Stone Valley,40.644778,-77.924646,264.687134,0,0,3
6/20/2025,2,R-gamma-decalactone,31-May-25,10:00 AM,2025GDL,Stone Valley,40.644778,-77.924646,264.687134,0,0,2
6/21/2025,2,R-gamma-decalactone,31-May-25,9:25 AM,2025GDL,Stone Valley,40.644778,-77.924646,264.687134,0,1,1
6/21/2025,2,R-gamma-decalactone,31-May-25,9:40 AM,2025GDL,Stone Valley,40.644778,-77.924646,264.687134,0,0,0
6/21/2025,2,R-gamma-decalactone,31-May-25,1:39 PM,2025GDL,Stone Valley,40.644778,-77.924646,264.687134,0,1,10
6/21/2025,2,R-gamma-decalactone,31-May-25,9:15 AM,2025GDL,Stone Valley,40.644778,-77.924646,264.687134,0,0,2
6/21/2025,2,R-gamma-decalactone,31-May-25,9:00 AM,2025GDL,Stone Valley,40.644778,-77.924646,264.687134,0,1,3
6/21/2025,2,R-gamma-decalactone,31-May-25,9:00 AM,2025GDL,Stone Valley,40.644778,-77.924646,264.687134,0,1,1
6/21/2025,2,R-gamma-decalactone,31-May-25,9:00 AM,2025GDL,Stone Valley,40.644778,-77.924646,264.687134,0,0,3
6/21/2025,2,R-gamma-decalactone,31-May-25,10:00 AM,2025GDL,Stone Valley,40.644778,-77.924646,264.687134,0,0,2
6/22/2025,2,R-gamma-decalactone,31-May-25,9:25 AM,2025GDL,Stone Valley,40.644778,-77.924646,264.687134,0,1,1
6/22/2025,2,R-gamma-decalactone,31-May-25,9:40 AM,2025GDL,Stone Valley,40.644778,-77.924646,264.687134,0,0,0
6/22/2025,2,R-gamma-decalactone,31-May-25,1:39 PM,2025GDL,Stone Valley,40.644778,-77.924646,264.687134,0,1,10
6/22/2025,2,R-gamma-decalactone,31-May-25,9:15 AM,2025GDL,Stone Valley,40.644778,-77.924646,264.687134,0,0,2
6/22/2025,2,R-gamma-decalactone,31-May-25,9:00 AM,2025GDL,Stone Valley,40.644778,-77.924646,264.687134,0,1,3
6/22/2025,2,R-gamma-decalactone,31-May-25,9:00 AM,2025GDL,Stone Valley,40.644778,-77.924646,264.687134,0,1,1
6/22/2025,2,R-gamma-decalactone,31-May-25,9:00 AM,2025GDL,Stone Valley,40.644778,-77.924646,264.687134,0,0,3
6/22/2025,2,R-gamma-decalactone,31-May-25,10:00 AM,2025GDL,Stone Valley,40.644778,-77.924646,264.687134,0,0,2
6/23/2025,2,R-gamma-decalactone,31-May-25,9:25 AM,2025GDL,Stone Valley,40.644778,-77.924646,264.687134,0,1,1
6/23/2025,2,R-gamma-decalactone,31-May-25,9:40 AM,2025GDL,Stone Valley,40.644778,-77.924646,264.687134,0,0,0
6/23/2025,2,R-gamma-decalactone,31-May-25,1:39 PM,2025GDL,Stone Valley,40.644778,-77.924646,264.687134,0,1,10
6/23/2025,2,R-gamma-decalactone,31-May-25,9:15 AM,2025GDL,Stone Valley,40.644778,-77.924646,264.687134,0,0,2
6/23/2025,2,R-gamma-decalactone,31-May-25,9:00 AM,2025GDL,Stone Valley,40.644778,-77.924646,264.687134,0,1,3
6/23/2025,2,R-gamma-decalactone,31-May-25,9:00 AM,2025GDL,Stone Valley,40.644778,-77.924646,264.687134,0,1,1
6/23/2025,2,R-gamma-decalactone,31-May-25,9:00 AM,2025GDL,Stone Valley,40.644778,-77.924646,264.687134,0,0,3
6/23/2025,2,R-gamma-decalactone,31-May-25,10:00 AM,2025GDL,Stone Valley,40.644778,-77.924646,264.687134,0,0,2
6/24/2025,2,R-gamma-decalactone,31-May-25,9:25 AM,2025GDL,Stone Valley,40.644778,-77.924646,264.687134,0,1,1
6/24/2025,2,R-gamma-decalactone,31-May-25,9:40 AM,2025GDL,Stone Valley,40.644778,-77.924646,264.687134,0,0,0
6/24/2025,2,R-gamma-decalactone,31-May-25,1:39 PM,2025GDL,Stone Valley,40.644778,-77.924646,264.687134,0,1,10
6/24/2025,2,R-gamma-decalactone,31-May-25,9:15 AM,2025GDL,Stone Valley,40.644778,-77.924646,264.687134,0,0,2
6/24/2025,2,R-gamma-decalactone,31-May-25,9:00 AM,2025GDL,Stone Valley,40.644778,-77.924646,264.687134,0,1,3
6/24/2025,2,R-gamma-decalactone,31-May-25,9:00 AM,2025GDL,Stone Valley,40.644778,-77.924646,264.687134,0,1,1
6/24/2025,2,R-gamma-decalactone,31-May-25,9:00 AM,2025GDL,Stone Valley,40.644778,-77.924646,264.687134,0,0,3
6/24/2025,2,R-gamma-decalactone,31-May-25,10:00 AM,2025GDL,Stone Valley,40.644778,-77.924646,264.687134,0,0,2
6/25/2025,2,R-gamma-decalactone,31-May-25,9:25 AM,2025GDL,Stone Valley,40.644778,-77.924646,264.687134,0,1,1
6/25/2025,2,R-gamma-decalactone,31-May-25,9:40 AM,2025GDL,Stone Valley,40.644778,-77.924646,264.687134,0,0,0
6/25/2025,2,R-gamma-decalactone,31-May-25,1:39 PM,2025GDL,Stone Valley,40.644778,-77.924646,264.687134,0,1,10
6/25/2025,2,R-gamma-decalactone,31-May-25,9:15 AM,2025GDL,Stone Valley,40.644778,-77.924646,264.687134,0,0,2
6/25/2025,2,R-gamma-decalactone,31-May-25,9:00 AM,2025GDL,Stone Valley,40.644778,-77.924646,264.687134,0,1,3
6/25/2025,2,R-gamma-decalactone,31-May-25,9:00 AM,2025GDL,Stone Valley,40.644778,-77.924646,264.687134,0,1,1
6/25/2025,2,R-gamma-decalactone,31-May-25,9:00 AM,2025GDL,Stone Valley,40.644778,-77.924646,264.687134,0,0,3
6/25/2025,2,R-gamma-decalactone,31-May-25,10:00 AM,2025GDL,Stone Valley,40.644778,-77.924646,264.687134,0,0,2
6/26/2025,2,R-gamma-decalactone,31-May-25,9:25 AM,2025GDL,Stone Valley,40.644778,-77.924646,264.687134,0,1,1
6/26/2025,2,R-gamma-decalactone,31-May-25,9:40 AM,2025GDL,Stone Valley,40.644778,-77.924646,264.687134,0,0,0
6/26/2025,2,R-gamma-decalactone,31-May-25,1:39 PM,2025GDL,Stone Valley,40.644778,-77.924646,264.687134,0,1,10
6/26/2025,2,R-gamma-decalactone,31-May-25,9:15 AM,2025GDL,Stone Valley,40.644778,-77.924646,264.687134,0,0,2
6/26/2025,2,R-gamma-decalactone,31-May-25,9:00 AM,2025GDL,Stone Valley,40.644778,-77.924646,264.687134,0,1,3
6/26/2025,2,R-gamma-decalactone,31-May-25,9:00 AM,2025GDL,Stone Valley,40.644778,-77.924646,264.687134,0,1,1
6/26/2025,2,R-gamma-decalactone,31-May-25,9:00 AM,2025GDL,Stone Valley,40.644778,-77.924646,264.687134,0,0,3
6/26/2025,2,R-gamma-decalactone,31-May-25,10:00 AM,2025GDL,Stone Valley,40.644778,-77.924646,264.687134,0,0,2
6/27/2025,2,R-gamma-decalactone,31-May-25,9:25 AM,2025GDL,Stone Valley,40.644778,-77.924646,264.687134,0,1,1
6/27/2025,2,R-gamma-decalactone,31-May-25,9:40 AM,2025GDL,Stone Valley,40.644778,-77.924646,264.687134,0,0,0
6/27/2025,2,R-gamma-decalactone,31-May-25,1:39 PM,2025GDL,Stone Valley,40.644778,-77.924646,264.687134,0,1,10
6/27/2025,2,R-gamma-decalactone,31-May-25,9:15 AM,2025GDL,Stone Valley,40.644778,-77.924646,264.687134,0,0,2
6/27/2025,2,R-gamma-decalactone,31-May-25,9:00 AM,2025GDL,Stone Valley,40.644778,-77.924646,264.687134,0,1,3
6/27/2025,2,R-gamma-decalactone,31-May-25,9:00 AM,2025GDL,Stone Valley,40.644778,-77.924646,264.687134,0,1,1
6/27/2025,2,R-gamma-decalactone,31-May-25,9:00 AM,2025GDL,Stone Valley,40.644778,-77.924646,264.687134,0,0,3
6/27/2025,2,R-gamma-decalactone,31-May-25,10:00 AM,2025GDL,Stone Valley,40.644778,-77.924646,264.687134,0,0,2
6/28/2025,2,R-gamma-decalactone,31-May-25,9:25 AM,2025GDL,Stone Valley,40.644778,-77.924646,264.687134,0,1,1
6/28/2025,2,R-gamma-decalactone,31-May-25,9:40 AM,2025GDL,Stone Valley,40.644778,-77.924646,264.687134,0,0,0
6/28/2025,2,R-gamma-decalactone,31-May-25,1:39 PM,2025GDL,Stone Valley,40.644778,-77.924646,264.687134,0,1,10
6/28/2025,2,R-gamma-decalactone,31-May-25,9:15 AM,2025GDL,Stone Valley,40.644778,-77.924646,264.687134,0,0,2
6/28/2025,2,R-gamma-decalactone,31-May-25,9:00 AM,2025GDL,Stone Valley,40.644778,-77.924646,264.687134,0,1,3
6/28/2025,2,R-gamma-decalactone,31-May-25,9:00 AM,2025GDL,Stone Valley,40.644778,-77.924646,264.687134,0,1,1
6/28/2025,2,R-gamma-decalactone,31-May-25,9:00 AM,2025GDL,Stone Valley,40.644778,-77.924646,264.687134,0,0,3
6/28/2025,2,R-gamma-decalactone,31-May-25,10:00 AM,2025GDL,Stone Valley,40.644778,-77.924646,264.687134,0,0,2
6/29/2025,2,R-gamma-decalactone,31-May-25,9:25 AM,2025GDL,Stone Valley,40.644778,-77.924646,264.687134,0,1,1
6/29/2025,2,R-gamma-decalactone,31-May-25,9:40 AM,2025GDL,Stone Valley,40.644778,-77.924646,264.687134,0,0,0
6/29/2025,2,R-gamma-decalactone,31-May-25,1:39 PM,2025GDL,Stone Valley,40.644778,-77.924646,264.687134,0,1,10
6/29/2025,2,R-gamma-decalactone,31-May-25,9:15 AM,2025GDL,Stone Valley,40.644778,-77.924646,264.687134,0,0,2
6/29/2025,2,R-gamma-decalactone,31-May-25,9:00 AM,2025GDL,Stone Valley,40.644778,-77.924646,264.687134,0,1,3
6/29/2025,2,R-gamma-decalactone,31-May-25,9:00 AM,2025GDL,Stone Valley,40.644778,-77.924646,264.687134,0,1,1
6/29/2025,2,R-gamma-decalactone,31-May-25,9:00 AM,2025GDL,Stone Valley,40.644778,-77.924646,264.687134,0,0,3
6/29/2025,2,R-gamma-decalactone,31-May-25,10:00 AM,2025GDL,Stone Valley,40.644778,-77.924646,264.687134,0,0,2
6/30/2025,2,R-gamma-decalactone,31-May-25,9:25 AM,2025GDL,Stone Valley,40.644778,-77.924646,264.687134,0,1,1
6/30/2025,2,R-gamma-decalactone,31-May-25,9:40 AM,2025GDL,Stone Valley,40.644778,-77.924646,264.687134,0,0,0
6/30/2025,2,R-gamma-decalactone,31-May-25,1:39 PM,2025GDL,Stone Valley,40.644778,-77.924646,264.687134,0,1,10
6/30/2025,2,R-gamma-decalactone,31-May-25,9:15 AM,2025GDL,Stone Valley,40.644778,-77.924646,264.687134,0,0,2
6/30/2025,2,R-gamma-decalactone,31-May-25,9:00 AM,2025GDL,Stone Valley,40.644778,-77.924646,264.687134,0,1,3
6/30/2025,2,R-gamma-decalactone,31-May-25,9:00 AM,2025GDL,Stone Valley,40.644778,-77.924646,264.687134,0,1,1
6/30/2025,2,R-gamma-decalactone,31-May-25,9:00 AM,2025GDL,Stone Valley,40.644778,-77.924646,264.687134,0,0,3
6/30/2025,2,R-gamma-decalactone,31-May-25,10:00 AM,2025GDL,Stone Valley,40.644778,-77.924646,264.687134,0,0,2
7/1/2025,2,R-gamma-decalactone,31-May-25,9:25 AM,2025GDL,Stone Valley,40.644778,-77.924646,264.687134,0,1,1
7/1/2025,2,R-gamma-decalactone,31-May-25,9:40 AM,2025GDL,Stone Valley,40.644778,-77.924646,264.687134,0,0,0
7/1/2025,2,R-gamma-decalactone,31-May-25,1:39 PM,2025GDL,Stone Valley,40.644778,-77.924646,264.687134,0,1,10
7/1/2025,2,R-gamma-decalactone,31-May-25,9:15 AM,2025GDL,Stone Valley,40.644778,-77.924646,264.687134,0,0,2
7/1/2025,2,R-gamma-decalactone,31-May-25,9:00 AM,2025GDL,Stone Valley,40.644778,-77.924646,264.687134,0,1,3
7/1/2025,2,R-gamma-decalactone,31-May-25,9:00 AM,2025GDL,Stone Valley,40.644778,-77.924646,264.687134,0,1,1
7/1/2025,2,R-gamma-decalactone,31-May-25,9:00 AM,2025GDL,Stone Valley,40.644778,-77.924646,264.687134,0,0,3
7/1/2025,2,R-gamma-decalactone,31-May-25,10:00 AM,2025GDL,Stone Valley,40.644778,-77.924646,264.687134,0,0,2
7/2/2025,2,R-gamma-decalactone,31-May-25,9:25 AM,2025GDL,Stone Valley,40.644778,-77.924646,264.687134,0,1,1
7/2/2025,2,R-gamma-decalactone,31-May-25,9:40 AM,2025GDL,Stone Valley,40.644778,-77.924646,264.687134,0,0,0
7/2/2025,2,R-gamma-decalactone,31-May-25,1:39 PM,2025GDL,Stone Valley,40.644778,-77.924646,264.687134,0,1,10
7/2/2025,2,R-gamma-decalactone,31-May-25,9:15 AM,2025GDL,Stone Valley,40.644778,-77.924646,264.687134,0,0,2
7/2/2025,2,R-gamma-decalactone,31-May-25,9:00 AM,2025GDL,Stone Valley,40.644778,-77.924646,264.687134,0,1,3
7/2/2025,2,R-gamma-decalactone,31-May-25,9:00 AM,2025GDL,Stone Valley,40.644778,-77.924646,264.687134,0,1,1
7/2/2025,2,R-gamma-decalactone,31-May-25,9:00 AM,2025GDL,Stone Valley,40.644778,-77.924646,264.687134,0,0,3
7/2/2025,2,R-gamma-decalactone,31-May-25,10:00 AM,2025GDL,Stone Valley,40.644778,-77.924646,264.687134,0,0,2
7/3/2025,2,R-gamma-decalactone,31-May-25,9:25 AM,2025GDL,Stone Valley,40.644778,-77.924646,264.687134,0,1,1
7/3/2025,2,R-gamma-decalactone,31-May-25,9:40 AM,2025GDL,Stone Valley,40.644778,-77.924646,264.687134,0,0,0
7/3/2025,2,R-gamma-decalactone,31-May-25,1:39 PM,2025GDL,Stone Valley,40.644778,-77.924646,264.687134,0,1,10
7/3/2025,2,R-gamma-decalactone,31-May-25,9:15 AM,2025GDL,Stone Valley,40.644778,-77.924646,264.687134,0,0,2
7/3/2025,2,R-gamma-decalactone,31-May-25,9:00 AM,2025GDL,Stone Valley,40.644778,-77.924646,264.687134,0,1,3
7/3/2025,2,R-gamma-decalactone,31-May-25,9:00 AM,2025GDL,Stone Valley,40.644778,-77.924646,264.687134,0,1,1
7/3/2025,2,R-gamma-decalactone,31-May-25,9:00 AM,2025GDL,Stone Valley,40.644778,-77.924646,264.687134,0,0,3
7/3/2025,2,R-gamma-decalactone,31-May-25,10:00 AM,2025GDL,Stone Valley,40.644778,-77.924646,264.687134,0,0,2
7/4/2025,2,R-gamma-decalactone,31-May-25,9:25 AM,2025GDL,Stone Valley,40.644778,-77.924646,264.687134,0,1,1
7/4/2025,2,R-gamma-decalactone,31-May-25,9:40 AM,2025GDL,Stone Valley,40.644778,-77.924646,264.687134,0,0,0
7/4/2025,2,R-gamma-decalactone,31-May-25,1:39 PM,2025GDL,Stone Valley,40.644778,-77.924646,264.687134,0,1,10
7/4/2025,2,R-gamma-decalactone,31-May-25,9:15 AM,2025GDL,Stone Valley,40.644778,-77.924646,264.687134,0,0,2
7/4/2025,2,R-gamma-decalactone,31-May-25,9:00 AM,2025GDL,Stone Valley,40.644778,-77.924646,264.687134,0,1,3
7/4/2025,2,R-gamma-decalactone,31-May-25,9:00 AM,2025GDL,Stone Valley,40.644778,-77.924646,264.687134,0,1,1
7/4/2025,2,R-gamma-decalactone,31-May-25,9:00 AM,2025GDL,Stone Valley,40.644778,-77.924646,264.687134,0,0,3
7/4/2025,2,R-gamma-decalactone,31-May-25,10:00 AM,2025GDL,Stone Valley,40.644778,-77.924646,264.687134,0,0,2
7/5/2025,2,R-gamma-decalactone,31-May-25,9:25 AM,2025GDL,Stone Valley,40.644778,-77.924646,264.687134,0,1,1
7/5/2025,2,R-gamma-decalactone,31-May-25,9:40 AM,2025GDL,Stone Valley,40.644778,-77.924646,264.687134,0,0,0
7/5/2025,2,R-gamma-decalactone,31-May-25,1:39 PM,2025GDL,Stone Valley,40.644778,-77.924646,264.687134,0,1,10
7/5/2025,2,R-gamma-decalactone,31-May-25,9:15 AM,2025GDL,Stone Valley,40.644778,-77.924646,264.687134,0,0,2
7/5/2025,2,R-gamma-decalactone,31-May-25,9:00 AM,2025GDL,Stone Valley,40.644778,-77.924646,264.687134,0,1,3
7/5/2025,2,R-gamma-decalactone,31-May-25,9:00 AM,2025GDL,Stone Valley,40.644778,-77.924646,264.687134,0,1,1
7/5/2025,2,R-gamma-decalactone,31-May-25,9:00 AM,2025GDL,Stone Valley,40.644778,-77.924646,264.687134,0,0,3
7/5/2025,2,R-gamma-decalactone,31-May-25,10:00 AM,2025GDL,Stone Valley,40.644778,-77.924646,264.687134,0,0,2
7/6/2025,2,R-gamma-decalactone,31-May-25,9:25 AM,2025GDL,Stone Valley,40.644778,-77.924646,264.687134,0,1,1
7/6/2025,2,R-gamma-decalactone,31-May-25,9:40 AM,2025GDL,Stone Valley,40.644778,-77.924646,264.687134,0,0,0
7/6/2025,2,R-gamma-decalactone,31-May-25,1:39 PM,2025GDL,Stone Valley,40.644778,-77.924646,264.687134,0,1,10
7/6/2025,2,R-gamma-decalactone,31-May-25,9:15 AM,2025GDL,Stone Valley,40.644778,-77.924646,264.687134,0,0,2
7/6/2025,2,R-gamma-decalactone,31-May-25,9:00 AM,2025GDL,Stone Valley,40.644778,-77.924646,264.687134,0,1,3
7/6/2025,2,R-gamma-decalactone,31-May-25,9:00 AM,2025GDL,Stone Valley,40.644778,-77.924646,264.687134,0,1,1
7/6/2025,2,R-gamma-decalactone,31-May-25,9:00 AM,2025GDL,Stone Valley,40.644778,-77.924646,264.687134,0,0,3
7/6/2025,2,R-gamma-decalactone,31-May-25,10:00 AM,2025GDL,Stone Valley,40.644778,-77.924646,264.687134,0,0,2
7/7/2025,2,R-gamma-decalactone,31-May-25,9:25 AM,2025GDL,Stone Valley,40.644778,-77.924646,264.687134,0,1,1
7/7/2025,2,R-gamma-decalactone,31-May-25,9:40 AM,2025GDL,Stone Valley,40.644778,-77.924646,264.687134,0,0,0
7/7/2025,2,R-gamma-decalactone,31-May-25,1:39 PM,2025GDL,Stone Valley,40.644778,-77.924646,264.687134,0,1,10
7/7/2025,2,R-gamma-decalactone,31-May-25,9:15 AM,2025GDL,Stone Valley,40.644778,-77.924646,264.687134,0,0,2
7/7/2025,2,R-gamma-decalactone,31-May-25,9:00 AM,2025GDL,Stone Valley,40.644778,-77.924646,264.687134,0,1,3
7/7/2025,2,R-gamma-decalactone,31-May-25,9:00 AM,2025GDL,Stone Valley,40.644778,-77.924646,264.687134,0,1,1
7/7/2025,2,R-gamma-decalactone,31-May-25,9:00 AM,2025GDL,Stone Valley,40.644778,-77.924646,264.687134,0,0,3
7/7/2025,2,R-gamma-decalactone,31-May-25,10:00 AM,2025GDL,Stone Valley,40.644778,-77.924646,264.687134,0,0,2
7/8/2025,2,R-gamma-decalactone,31-May-25,9:25 AM,2025GDL,Stone Valley,40.644778,-77.924646,264.687134,0,1,1
7/8/2025,2,R-gamma-decalactone,31-May-25,9:40 AM,2025GDL,Stone Valley,40.644778,-77.924646,264.687134,0,0,0
7/8/2025,2,R-gamma-decalactone,31-May-25,1:39 PM,2025GDL,Stone Valley,40.644778,-77.924646,264.687134,0,1,10
7/8/2025,2,R-gamma-decalactone,31-May-25,9:15 AM,2025GDL,Stone Valley,40.644778,-77.924646,264.687134,0,0,2
7/8/2025,2,R-gamma-decalactone,31-May-25,9:00 AM,2025GDL,Stone Valley,40.644778,-77.924646,264.687134,0,1,3
7/8/2025,2,R-gamma-decalactone,31-May-25,9:00 AM,2025GDL,Stone Valley,40.644778,-77.924646,264.687134,0,1,1
7/8/2025,2,R-gamma-decalactone,31-May-25,9:00 AM,2025GDL,Stone Valley,40.644778,-77.924646,264.687134,0,0,3
7/8/2025,2,R-gamma-decalactone,31-May-25,10:00 AM,2025GDL,Stone Valley,40.644778,-77.924646,264.687134,0,0,2
7/9/2025,2,R-gamma-decalactone,31-May-25,9:25 AM,2025GDL,Stone Valley,40.644778,-77.924646,264.687134,0,1,1
7/9/2025,2,R-gamma-decalactone,31-May-25,9:40 AM,2025GDL,Stone Valley,40.644778,-77.924646,264.687134,0,0,0
7/9/2025,2,R-gamma-decalactone,31-May-25,1:39 PM,2025GDL,Stone Valley,40.644778,-77.924646,264.687134,0,1,10
7/9/2025,2,R-gamma-decalactone,31-May-25,9:15 AM,2025GDL,Stone Valley,40.644778,-77.924646,264.687134,0,0,2
7/9/2025,2,R-gamma-decalactone,31-May-25,9:00 AM,2025GDL,Stone Valley,40.644778,-77.924646,264.687134,0,1,3
7/9/2025,2,R-gamma-decalactone,31-May-25,9:00 AM,2025GDL,Stone Valley,40.644778,-77.924646,264.687134,0,1,1
7/9/2025,2,R-gamma-decalactone,31-May-25,9:00 AM,2025GDL,Stone Valley,40.644778,-77.924646,264.687134,0,0,3
7/9/2025,2,R-gamma-decalactone,31-May-25,10:00 AM,2025GDL,Stone Valley,40.644778,-77.924646,264.687134,0,0,2
7/10/2025,2,R-gamma-decalactone,31-May-25,9:25 AM,2025GDL,Stone Valley,40.644778,-77.924646,264.687134,0,1,1
7/10/2025,2,R-gamma-decalactone,31-May-25,9:40 AM,2025GDL,Stone Valley,40.644778,-77.924646,264.687134,0,0,0
7/10/2025,2,R-gamma-decalactone,31-May-25,1:39 PM,2025GDL,Stone Valley,40.644778,-77.924646,264.687134,0,1,10
7/10/2025,2,R-gamma-decalactone,31-May-25,9:15 AM,2025GDL,Stone Valley,40.644778,-77.924646,264.687134,0,0,2
7/10/2025,2,R-gamma-decalactone,31-May-25,9:00 AM,2025GDL,Stone Valley,40.644778,-77.924646,264.687134,0,1,3
7/10/2025,2,R-gamma-decalactone,31-May-25,9:00 AM,2025GDL,Stone Valley,40.644778,-77.924646,264.687134,0,1,1
7/10/2025,2,R-gamma-decalactone,31-May-25,9:00 AM,2025GDL,Stone Valley,40.644778,-77.924646,264.687134,0,0,3
7/10/2025,2,R-gamma-decalactone,31-May-25,10:00 AM,2025GDL,Stone Valley,40.644778,-77.924646,264.687134,0,0,2
7/11/2025,2,R-gamma-decalactone,31-May-25,9:25 AM,2025GDL,Stone Valley,40.644778,-77.924646,264.687134,0,1,1
7/11/2025,2,R-gamma-decalactone,31-May-25,9:40 AM,2025GDL,Stone Valley,40.644778,-77.924646,264.687134,0,0,0
7/11/2025,2,R-gamma-decalactone,31-May-25,1:39 PM,2025GDL,Stone Valley,40.644778,-77.924646,264.687134,0,1,10
7/11/2025,2,R-gamma-decalactone,31-May-25,9:15 AM,2025GDL,Stone Valley,40.644778,-77.924646,264.687134,0,0,2
7/11/2025,2,R-gamma-decalactone,31-May-25,9:00 AM,2025GDL,Stone Valley,40.644778,-77.924646,264.687134,0,1,3
7/11/2025,2,R-gamma-decalactone,31-May-25,9:00 AM,2025GDL,Stone Valley,40.644778,-77.924646,264.687134,0,1,1
7/11/2025,2,R-gamma-decalactone,31-May-25,9:00 AM,2025GDL,Stone Valley,40.644778,-77.924646,264.687134,0,0,3
7/11/2025,2,R-gamma-decalactone,31-May-25,10:00 AM,2025GDL,Stone Valley,40.644778,-77.924646,264.687134,0,0,2
7/12/2025,2,R-gamma-decalactone,31-May-25,9:25 AM,2025GDL,Stone Valley,40.644778,-77.924646,264.687134,0,1,1
7/12/2025,2,R-gamma-decalactone,31-May-25,9:40 AM,2025GDL,Stone Valley,40.644778,-77.924646,264.687134,0,0,0
7/12/2025,2,R-gamma-decalactone,31-May-25,1:39 PM,2025GDL,Stone Valley,40.644778,-77.924646,264.687134,0,1,10
7/12/2025,2,R-gamma-decalactone,31-May-25,9:15 AM,2025GDL,Stone Valley,40.644778,-77.924646,264.687134,0,0,2
7/12/2025,2,R-gamma-decalactone,31-May-25,9:00 AM,2025GDL,Stone Valley,40.644778,-77.924646,264.687134,0,1,3
7/12/2025,2,R-gamma-decalactone,31-May-25,9:00 AM,2025GDL,Stone Valley,40.644778,-77.924646,264.687134,0,1,1
7/12/2025,2,R-gamma-decalactone,31-May-25,9:00 AM,2025GDL,Stone Valley,40.644778,-77.924646,264.687134,0,0,3
7/12/2025,2,R-gamma-decalactone,31-May-25,10:00 AM,2025GDL,Stone Valley,40.644778,-77.924646,264.687134,0,0,2
7/13/2025,2,R-gamma-decalactone,31-May-25,9:25 AM,2025GDL,Stone Valley,40.644778,-77.924646,264.687134,0,1,1
7/13/2025,2,R-gamma-decalactone,31-May-25,9:40 AM,2025GDL,Stone Valley,40.644778,-77.924646,264.687134,0,0,0
7/13/2025,2,R-gamma-decalactone,31-May-25,1:39 PM,2025GDL,Stone Valley,40.644778,-77.924646,264.687134,0,1,10
7/13/2025,2,R-gamma-decalactone,31-May-25,9:15 AM,2025GDL,Stone Valley,40.644778,-77.924646,264.687134,0,0,2
7/13/2025,2,R-gamma-decalactone,31-May-25,9:00 AM,2025GDL,Stone Valley,40.644778,-77.924646,264.687134,0,1,3
7/13/2025,2,R-gamma-decalactone,31-May-25,9:00 AM,2025GDL,Stone Valley,40.644778,-77.924646,264.687134,0,1,1
7/13/2025,2,R-gamma-decalactone,31-May-25,9:00 AM,2025GDL,Stone Valley,40.644778,-77.924646,264.687134,0,0,3
7/13/2025,2,R-gamma-decalactone,31-May-25,10:00 AM,2025GDL,Stone Valley,40.644778,-77.924646,264.687134,0,0,2
7/14/2025,2,R-gamma-decalactone,31-May-25,9:25 AM,2025GDL,Stone Valley,40.644778,-77.924646,264.687134,0,1,1
7/14/2025,2,R-gamma-decalactone,31-May-25,9:40 AM,2025GDL,Stone Valley,40.644778,-77.924646,264.687134,0,0,0
7/14/2025,2,R-gamma-decalactone,31-May-25,1:39 PM,2025GDL,Stone Valley,40.644778,-77.924646,264.687134,0,1,10
7/14/2025,2,R-gamma-decalactone,31-May-25,9:15 AM,2025GDL,Stone Valley,40.644778,-77.924646,264.687134,0,0,2
7/14/2025,2,R-gamma-decalactone,31-May-25,9:00 AM,2025GDL,Stone Valley,40.644778,-77.924646,264.687134,0,1,3
7/14/2025,2,R-gamma-decalactone,31-May-25,9:00 AM,2025GDL,Stone Valley,40.644778,-77.924646,264.687134,0,1,1
7/14/2025,2,R-gamma-decalactone,31-May-25,9:00 AM,2025GDL,Stone Valley,40.644778,-77.924646,264.687134,0,0,3
7/14/2025,2,R-gamma-decalactone,31-May-25,10:00 AM,2025GDL,Stone Valley,40.644778,-77.924646,264.687134,0,0,2
7/15/2025,2,R-gamma-decalactone,31-May-25,9:25 AM,2025GDL,Stone Valley,40.644778,-77.924646,264.687134,0,1,1
7/15/2025,2,R-gamma-decalactone,31-May-25,9:40 AM,2025GDL,Stone Valley,40.644778,-77.924646,264.687134,0,0,0
7/15/2025,2,R-gamma-decalactone,31-May-25,1:39 PM,2025GDL,Stone Valley,40.644778,-77.924646,264.687134,0,1,10
7/15/2025,2,R-gamma-decalactone,31-May-25,9:15 AM,2025GDL,Stone Valley,40.644778,-77.924646,264.687134,0,0,2
7/15/2025,2,R-gamma-decalactone,31-May-25,9:00 AM,2025GDL,Stone Valley,40.644778,-77.924646,264.687134,0,1,3
7/15/2025,2,R-gamma-decalactone,31-May-25,9:00 AM,2025GDL,Stone Valley,40.644778,-77.924646,264.687134,0,1,1
7/15/2025,2,R-gamma-decalactone,31-May-25,9:00 AM,2025GDL,Stone Valley,40.644778,-77.924646,264.687134,0,0,3
7/15/2025,2,R-gamma-decalactone,31-May-25,10:00 AM,2025GDL,Stone Valley,40.644778,-77.924646,264.687134,0,0,2
7/16/2025,2,R-gamma-decalactone,31-May-25,9:25 AM,2025GDL,Stone Valley,40.644778,-77.924646,264.687134,0,1,1
7/16/2025,2,R-gamma-decalactone,31-May-25,9:40 AM,2025GDL,Stone Valley,40.644778,-77.924646,264.687134,0,0,0
7/16/2025,2,R-gamma-decalactone,31-May-25,1:39 PM,2025GDL,Stone Valley,40.644778,-77.924646,264.687134,0,1,10
7/16/2025,2,R-gamma-decalactone,31-May-25,9:15 AM,2025GDL,Stone Valley,40.644778,-77.924646,264.687134,0,0,2
7/16/2025,2,R-gamma-decalactone,31-May-25,9:00 AM,2025GDL,Stone Valley,40.644778,-77.924646,264.687134,0,1,3
7/16/2025,2,R-gamma-decalactone,31-May-25,9:00 AM,2025GDL,Stone Valley,40.644778,-77.924646,264.687134,0,1,1
7/16/2025,2,R-gamma-decalactone,31-May-25,9:00 AM,2025GDL,Stone Valley,40.644778,-77.924646,264.687134,0,0,3
7/16/2025,2,R-gamma-decalactone,31-May-25,10:00 AM,2025GDL,Stone Valley,40.644778,-77.924646,264.687134,0,0,2
7/17/2025,2,R-gamma-decalactone,31-May-25,9:25 AM,2025GDL,Stone Valley,40.644778,-77.924646,264.687134,0,1,1
7/17/2025,2,R-gamma-decalactone,31-May-25,9:40 AM,2025GDL,Stone Valley,40.644778,-77.924646,264.687134,0,0,0
7/17/2025,2,R-gamma-decalactone,31-May-25,1:39 PM,2025GDL,Stone Valley,40.644778,-77.924646,264.687134,0,1,10
7/17/2025,2,R-gamma-decalactone,31-May-25,9:15 AM,2025GDL,Stone Valley,40.644778,-77.924646,264.687134,0,0,2
7/17/2025,2,R-gamma-decalactone,31-May-25,9:00 AM,2025GDL,Stone Valley,40.644778,-77.924646,264.687134,0,1,3
7/17/2025,2,R-gamma-decalactone,31-May-25,9:00 AM,2025GDL,Stone Valley,40.644778,-77.924646,264.687134,0,1,1
7/17/2025,2,R-gamma-decalactone,31-May-25,9:00 AM,2025GDL,Stone Valley,40.644778,-77.924646,264.687134,0,0,3
7/17/2025,2,R-gamma-decalactone,31-May-25,10:00 AM,2025GDL,Stone Valley,40.644778,-77.924646,264.687134,0,0,2
7/18/2025,2,R-gamma-decalactone,31-May-25,9:25 AM,2025GDL,Stone Valley,40.644778,-77.924646,264.687134,0,1,1
7/18/2025,2,R-gamma-decalactone,31-May-25,9:40 AM,2025GDL,Stone Valley,40.644778,-77.924646,264.687134,0,0,0
7/18/2025,2,R-gamma-decalactone,31-May-25,1:39 PM,2025GDL,Stone Valley,40.644778,-77.924646,264.687134,0,1,10
7/18/2025,2,R-gamma-decalactone,31-May-25,9:15 AM,2025GDL,Stone Valley,40.644778,-77.924646,264.687134,0,0,2
7/18/2025,2,R-gamma-decalactone,31-May-25,9:00 AM,2025GDL,Stone Valley,40.644778,-77.924646,264.687134,0,1,3
7/18/2025,2,R-gamma-decalactone,31-May-25,9:00 AM,2025GDL,Stone Valley,40.644778,-77.924646,264.687134,0,1,1
7/18/2025,2,R-gamma-decalactone,31-May-25,9:00 AM,2025GDL,Stone Valley,40.644778,-77.924646,264.687134,0,0,3
7/18/2025,2,R-gamma-decalactone,31-May-25,10:00 AM,2025GDL,Stone Valley,40.644778,-77.924646,264.687134,0,0,2
7/19/2025,2,R-gamma-decalactone,31-May-25,9:25 AM,2025GDL,Stone Valley,40.644778,-77.924646,264.687134,0,1,1
7/19/2025,2,R-gamma-decalactone,31-May-25,9:40 AM,2025GDL,Stone Valley,40.644778,-77.924646,264.687134,0,0,0
7/19/2025,2,R-gamma-decalactone,31-May-25,1:39 PM,2025GDL,Stone Valley,40.644778,-77.924646,264.687134,0,1,10
7/19/2025,2,R-gamma-decalactone,31-May-25,9:15 AM,2025GDL,Stone Valley,40.644778,-77.924646,264.687134,0,0,2
7/19/2025,2,R-gamma-decalactone,31-May-25,9:00 AM,2025GDL,Stone Valley,40.644778,-77.924646,264.687134,0,1,3
7/19/2025,2,R-gamma-decalactone,31-May-25,9:00 AM,2025GDL,Stone Valley,40.644778,-77.924646,264.687134,0,1,1
7/19/2025,2,R-gamma-decalactone,31-May-25,9:00 AM,2025GDL,Stone Valley,40.644778,-77.924646,264.687134,0,0,3
7/19/2025,2,R-gamma-decalactone,31-May-25,10:00 AM,2025GDL,Stone Valley,40.644778,-77.924646,264.687134,0,0,2
7/20/2025,2,R-gamma-decalactone,31-May-25,9:25 AM,2025GDL,Stone Valley,40.644778,-77.924646,264.687134,0,1,1
7/20/2025,2,R-gamma-decalactone,31-May-25,9:40 AM,2025GDL,Stone Valley,40.644778,-77.924646,264.687134,0,0,0
7/20/2025,2,R-gamma-decalactone,31-May-25,1:39 PM,2025GDL,Stone Valley,40.644778,-77.924646,264.687134,0,1,10
7/20/2025,2,R-gamma-decalactone,31-May-25,9:15 AM,2025GDL,Stone Valley,40.644778,-77.924646,264.687134,0,0,2
7/20/2025,2,R-gamma-decalactone,31-May-25,9:00 AM,2025GDL,Stone Valley,40.644778,-77.924646,264.687134,0,1,3
7/20/2025,2,R-gamma-decalactone,31-May-25,9:00 AM,2025GDL,Stone Valley,40.644778,-77.924646,264.687134,0,1,1
7/20/2025,2,R-gamma-decalactone,31-May-25,9:00 AM,2025GDL,Stone Valley,40.644778,-77.924646,264.687134,0,0,3
7/20/2025,2,R-gamma-decalactone,31-May-25,10:00 AM,2025GDL,Stone Valley,40.644778,-77.924646,264.687134,0,0,2
7/21/2025,2,R-gamma-decalactone,31-May-25,9:25 AM,2025GDL,Stone Valley,40.644778,-77.924646,264.687134,0,1,1
7/21/2025,2,R-gamma-decalactone,31-May-25,9:40 AM,2025GDL,Stone Valley,40.644778,-77.924646,264.687134,0,0,0
7/21/2025,2,R-gamma-decalactone,31-May-25,1:39 PM,2025GDL,Stone Valley,40.644778,-77.924646,264.687134,0,1,10
7/21/2025,2,R-gamma-decalactone,31-May-25,9:15 AM,2025GDL,Stone Valley,40.644778,-77.924646,264.687134,0,0,2
7/21/2025,2,R-gamma-decalactone,31-May-25,9:00 AM,2025GDL,Stone Valley,40.644778,-77.924646,264.687134,0,1,3
7/21/2025,2,R-gamma-decalactone,31-May-25,9:00 AM,2025GDL,Stone Valley,40.644778,-77.924646,264.687134,0,1,1
7/21/2025,2,R-gamma-decalactone,31-May-25,9:00 AM,2025GDL,Stone Valley,40.644778,-77.924646,264.687134,0,0,3
7/21/2025,2,R-gamma-decalactone,31-May-25,10:00 AM,2025GDL,Stone Valley,40.644778,-77.924646,264.687134,0,0,2
7/22/2025,2,R-gamma-decalactone,31-May-25,9:25 AM,2025GDL,Stone Valley,40.644778,-77.924646,264.687134,0,1,1
7/22/2025,2,R-gamma-decalactone,31-May-25,9:40 AM,2025GDL,Stone Valley,40.644778,-77.924646,264.687134,0,0,0
7/22/2025,2,R-gamma-decalactone,31-May-25,1:39 PM,2025GDL,Stone Valley,40.644778,-77.924646,264.687134,0,1,10
7/22/2025,2,R-gamma-decalactone,31-May-25,9:15 AM,2025GDL,Stone Valley,40.644778,-77.924646,264.687134,0,0,2
7/22/2025,2,R-gamma-decalactone,31-May-25,9:00 AM,2025GDL,Stone Valley,40.644778,-77.924646,264.687134,0,1,3
7/22/2025,2,R-gamma-decalactone,31-May-25,9:00 AM,2025GDL,Stone Valley,40.644778,-77.924646,264.687134,0,1,1
7/22/2025,2,R-gamma-decalactone,31-May-25,9:00 AM,2025GDL,Stone Valley,40.644778,-77.924646,264.687134,0,0,3
7/22/2025,2,R-gamma-decalactone,31-May-25,10:00 AM,2025GDL,Stone Valley,40.644778,-77.924646,264.687134,0,0,2
7/23/2025,2,R-gamma-decalactone,31-May-25,9:25 AM,2025GDL,Stone Valley,40.644778,-77.924646,264.687134,0,1,1
7/23/2025,2,R-gamma-decalactone,31-May-25,9:40 AM,2025GDL,Stone Valley,40.644778,-77.924646,264.687134,0,0,0
7/23/2025,2,R-gamma-decalactone,31-May-25,1:39 PM,2025GDL,Stone Valley,40.644778,-77.924646,264.687134,0,1,10
7/23/2025,2,R-gamma-decalactone,31-May-25,9:15 AM,2025GDL,Stone Valley,40.644778,-77.924646,264.687134,0,0,2
7/23/2025,2,R-gamma-decalactone,31-May-25,9:00 AM,2025GDL,Stone Valley,40.644778,-77.924646,264.687134,0,1,3
7/23/2025,2,R-gamma-decalactone,31-May-25,9:00 AM,2025GDL,Stone Valley,40.644778,-77.924646,264.687134,0,1,1
7/23/2025,2,R-gamma-decalactone,31-May-25,9:00 AM,2025GDL,Stone Valley,40.644778,-77.924646,264.687134,0,0,3
7/23/2025,2,R-gamma-decalactone,31-May-25,10:00 AM,2025GDL,Stone Valley,40.644778,-77.924646,264.687134,0,0,2
7/24/2025,2,R-gamma-decalactone,31-May-25,9:25 AM,2025GDL,Stone Valley,40.644778,-77.924646,264.687134,0,1,1
7/24/2025,2,R-gamma-decalactone,31-May-25,9:40 AM,2025GDL,Stone Valley,40.644778,-77.924646,264.687134,0,0,0
7/24/2025,2,R-gamma-decalactone,31-May-25,1:39 PM,2025GDL,Stone Valley,40.644778,-77.924646,264.687134,0,1,10
7/24/2025,2,R-gamma-decalactone,31-May-25,9:15 AM,2025GDL,Stone Valley,40.644778,-77.924646,264.687134,0,0,2
7/24/2025,2,R-gamma-decalactone,31-May-25,9:00 AM,2025GDL,Stone Valley,40.644778,-77.924646,264.687134,0,1,3
7/24/2025,2,R-gamma-decalactone,31-May-25,9:00 AM,2025GDL,Stone Valley,40.644778,-77.924646,264.687134,0,1,1
7/24/2025,2,R-gamma-decalactone,31-May-25,9:00 AM,2025GDL,Stone Valley,40.644778,-77.924646,264.687134,0,0,3
7/24/2025,2,R-gamma-decalactone,31-May-25,10:00 AM,2025GDL,Stone Valley,40.644778,-77.924646,264.687134,0,0,2
7/25/2025,2,R-gamma-decalactone,31-May-25,9:25 AM,2025GDL,Stone Valley,40.644778,-77.924646,264.687134,0,1,1
7/25/2025,2,R-gamma-decalactone,31-May-25,9:40 AM,2025GDL,Stone Valley,40.644778,-77.924646,264.687134,0,0,0
7/25/2025,2,R-gamma-decalactone,31-May-25,1:39 PM,2025GDL,Stone Valley,40.644778,-77.924646,264.687134,0,1,10
7/25/2025,2,R-gamma-decalactone,31-May-25,9:15 AM,2025GDL,Stone Valley,40.644778,-77.924646,264.687134,0,0,2
7/25/2025,2,R-gamma-decalactone,31-May-25,9:00 AM,2025GDL,Stone Valley,40.644778,-77.924646,264.687134,0,1,3
7/25/2025,2,R-gamma-decalactone,31-May-25,9:00 AM,2025GDL,Stone Valley,40.644778,-77.924646,264.687134,0,1,1
7/25/2025,2,R-gamma-decalactone,31-May-25,9:00 AM,2025GDL,Stone Valley,40.644778,-77.924646,264.687134,0,0,3
7/25/2025,2,R-gamma-decalactone,31-May-25,10:00 AM,2025GDL,Stone Valley,40.644778,-77.924646,264.687134,0,0,2
7/26/2025,2,R-gamma-decalactone,31-May-25,9:25 AM,2025GDL,Stone Valley,40.644778,-77.924646,264.687134,0,1,1
7/26/2025,2,R-gamma-decalactone,31-May-25,9:40 AM,2025GDL,Stone Valley,40.644778,-77.924646,264.687134,0,0,0
7/26/2025,2,R-gamma-decalactone,31-May-25,1:39 PM,2025GDL,Stone Valley,40.644778,-77.924646,264.687134,0,1,10
7/26/2025,2,R-gamma-decalactone,31-May-25,9:15 AM,2025GDL,Stone Valley,40.644778,-77.924646,264.687134,0,0,2
7/26/2025,2,R-gamma-decalactone,31-May-25,9:00 AM,2025GDL,Stone Valley,40.644778,-77.924646,264.687134,0,1,3
7/26/2025,2,R-gamma-decalactone,31-May-25,9:00 AM,2025GDL,Stone Valley,40.644778,-77.924646,264.687134,0,1,1
7/26/2025,2,R-gamma-decalactone,31-May-25,9:00 AM,2025GDL,Stone Valley,40.644778,-77.924646,264.687134,0,0,3
7/26/2025,2,R-gamma-decalactone,31-May-25,10:00 AM,2025GDL,Stone Valley,40.644778,-77.924646,264.687134,0,0,2
7/27/2025,2,R-gamma-decalactone,31-May-25,9:25 AM,2025GDL,Stone Valley,40.644778,-77.924646,264.687134,0,1,1
7/27/2025,2,R-gamma-decalactone,31-May-25,9:40 AM,2025GDL,Stone Valley,40.644778,-77.924646,264.687134,0,0,0
7/27/2025,2,R-gamma-decalactone,31-May-25,1:39 PM,2025GDL,Stone Valley,40.644778,-77.924646,264.687134,0,1,10
7/27/2025,2,R-gamma-decalactone,31-May-25,9:15 AM,2025GDL,Stone Valley,40.644778,-77.924646,264.687134,0,0,2
7/27/2025,2,R-gamma-decalactone,31-May-25,9:00 AM,2025GDL,Stone Valley,40.644778,-77.924646,264.687134,0,1,3
7/27/2025,2,R-gamma-decalactone,31-May-25,9:00 AM,2025GDL,Stone Valley,40.644778,-77.924646,264.687134,0,1,1
7/27/2025,2,R-gamma-decalactone,31-May-25,9:00 AM,2025GDL,Stone Valley,40.644778,-77.924646,264.687134,0,0,3
7/27/2025,2,R-gamma-decalactone,31-May-25,10:00 AM,2025GDL,Stone Valley,40.644778,-77.924646,264.687134,0,0,2
7/28/2025,2,R-gamma-decalactone,31-May-25,9:25 AM,2025GDL,Stone Valley,40.644778,-77.924646,264.687134,0,1,1
7/28/2025,2,R-gamma-decalactone,31-May-25,9:40 AM,2025GDL,Stone Valley,40.644778,-77.924646,264.687134,0,0,0
7/28/2025,2,R-gamma-decalactone,31-May-25,1:39 PM,2025GDL,Stone Valley,40.644778,-77.924646,264.687134,0,1,10
7/28/2025,2,R-gamma-decalactone,31-May-25,9:15 AM,2025GDL,Stone Valley,40.644778,-77.924646,264.687134,0,0,2
7/28/2025,2,R-gamma-decalactone,31-May-25,9:00 AM,2025GDL,Stone Valley,40.644778,-77.924646,264.687134,0,1,3
7/28/2025,2,R-gamma-decalactone,31-May-25,9:00 AM,2025GDL,Stone Valley,40.644778,-77.924646,264.687134,0,1,1
7/28/2025,2,R-gamma-decalactone,31-May-25,9:00 AM,2025GDL,Stone Valley,40.644778,-77.924646,264.687134,0,0,3
7/28/2025,2,R-gamma-decalactone,31-May-25,10:00 AM,2025GDL,Stone Valley,40.644778,-77.924646,264.687134,0,0,2
7/29/2025,2,R-gamma-decalactone,31-May-25,9:25 AM,2025GDL,Stone Valley,40.644778,-77.924646,264.687134,0,1,1
7/29/2025,2,R-gamma-decalactone,31-May-25,9:40 AM,2025GDL,Stone Valley,40.644778,-77.924646,264.687134,0,0,0
7/29/2025,2,R-gamma-decalactone,31-May-25,1:39 PM,2025GDL,Stone Valley,40.644778,-77.924646,264.687134,0,1,10
7/29/2025,2,R-gamma-decalactone,31-May-25,9:15 AM,2025GDL,Stone Valley,40.644778,-77.924646,264.687134,0,0,2
7/29/2025,2,R-gamma-decalactone,31-May-25,9:00 AM,2025GDL,Stone Valley,40.644778,-77.924646,264.687134,0,1,3
7/29/2025,2,R-gamma-decalactone,31-May-25,9:00 AM,2025GDL,Stone Valley,40.644778,-77.924646,264.687134,0,1,1
7/29/2025,2,R-gamma-decalactone,31-May-25,9:00 AM,2025GDL,Stone Valley,40.644778,-77.924646,264.687134,0,0,3
7/29/2025,2,R-gamma-decalactone,31-May-25,10:00 AM,2025GDL,Stone Valley,40.644778,-77.924646,264.687134,0,0,2
7/30/2025,2,R-gamma-decalactone,31-May-25,9:25 AM,2025GDL,Stone Valley,40.644778,-77.924646,264.687134,0,1,1
7/30/2025,2,R-gamma-decalactone,31-May-25,9:40 AM,2025GDL,Stone Valley,40.644778,-77.924646,264.687134,0,0,0
7/30/2025,2,R-gamma-decalactone,31-May-25,1:39 PM,2025GDL,Stone Valley,40.644778,-77.924646,264.687134,0,1,10
7/30/2025,2,R-gamma-decalactone,31-May-25,9:15 AM,2025GDL,Stone Valley,40.644778,-77.924646,264.687134,0,0,2
7/30/2025,2,R-gamma-decalactone,31-May-25,9:00 AM,2025GDL,Stone Valley,40.644778,-77.924646,264.687134,0,1,3
7/30/2025,2,R-gamma-decalactone,31-May-25,9:00 AM,2025GDL,Stone Valley,40.644778,-77.924646,264.687134,0,1,1
7/30/2025,2,R-gamma-decalactone,31-May-25,9:00 AM,2025GDL,Stone Valley,40.644778,-77.924646,264.687134,0,0,3
7/30/2025,2,R-gamma-decalactone,31-May-25,10:00 AM,2025GDL,Stone Valley,40.644778,-77.924646,264.687134,0,0,2
7/31/2025,2,R-gamma-decalactone,31-May-25,9:25 AM,2025GDL,Stone Valley,40.644778,-77.924646,264.687134,0,1,1
7/31/2025,2,R-gamma-decalactone,31-May-25,9:40 AM,2025GDL,Stone Valley,40.644778,-77.924646,264.687134,0,0,0
7/31/2025,2,R-gamma-decalactone,31-May-25,1:39 PM,2025GDL,Stone Valley,40.644778,-77.924646,264.687134,0,1,10
7/31/2025,2,R-gamma-decalactone,31-May-25,9:15 AM,2025GDL,Stone Valley,40.644778,-77.924646,264.687134,0,0,2
7/31/2025,2,R-gamma-decalactone,31-May-25,9:00 AM,2025GDL,Stone Valley,40.644778,-77.924646,264.687134,0,1,3
7/31/2025,2,R-gamma-decalactone,31-May-25,9:00 AM,2025GDL,Stone Valley,40.644778,-77.924646,264.687134,0,1,1
7/31/2025,2,R-gamma-decalactone,31-May-25,9:00 AM,2025GDL,Stone Valley,40.644778,-77.924646,264.687134,0,0,3
7/31/2025,2,R-gamma-decalactone,31-May-25,10:00 AM,2025GDL,Stone Valley,40.644778,-77.924646,264.687134,0,0,2
8/1/2025,2,R-gamma-decalactone,31-May-25,9:25 AM,2025GDL,Stone Valley,40.644778,-77.924646,264.687134,0,1,1
8/1/2025,2,R-gamma-decalactone,31-May-25,9:40 AM,2025GDL,Stone Valley,40.644778,-77.924646,264.687134,0,0,0
8/1/2025,2,R-gamma-decalactone,31-May-25,1:39 PM,2025GDL,Stone Valley,40.644778,-77.924646,264.687134,0,1,10
8/1/2025,2,R-gamma-decalactone,31-May-25,9:15 AM,2025GDL,Stone Valley,40.644778,-77.924646,264.687134,0,0,2
8/1/2025,2,R-gamma-decalactone,31-May-25,9:00 AM,2025GDL,Stone Valley,40.644778,-77.924646,264.687134,0,1,3
8/1/2025,2,R-gamma-decalactone,31-May-25,9:00 AM,2025GDL,Stone Valley,40.644778,-77.924646,264.687134,0,1,1
8/1/2025,2,R-gamma-decalactone,31-May-25,9:00 AM,2025GDL,Stone Valley,40.644778,-77.924646,264.687134,0,0,3
8/1/2025,2,R-gamma-decalactone,31-May-25,10:00 AM,2025GDL,Stone Valley,40.644778,-77.924646,264.687134,0,0,2
8/2/2025,2,R-gamma-decalactone,31-May-25,9:25 AM,2025GDL,Stone Valley,40.644778,-77.924646,264.687134,0,1,1
8/2/2025,2,R-gamma-decalactone,31-May-25,9:40 AM,2025GDL,Stone Valley,40.644778,-77.924646,264.687134,0,0,0
8/2/2025,2,R-gamma-decalactone,31-May-25,1:39 PM,2025GDL,Stone Valley,40.644778,-77.924646,264.687134,0,1,10
8/2/2025,2,R-gamma-decalactone,31-May-25,9:15 AM,2025GDL,Stone Valley,40.644778,-77.924646,264.687134,0,0,2
8/2/2025,2,R-gamma-decalactone,31-May-25,9:00 AM,2025GDL,Stone Valley,40.644778,-77.924646,264.687134,0,1,3
8/2/2025,2,R-gamma-decalactone,31-May-25,9:00 AM,2025GDL,Stone Valley,40.644778,-77.924646,264.687134,0,1,1
8/2/2025,2,R-gamma-decalactone,31-May-25,9:00 AM,2025GDL,Stone Valley,40.644778,-77.924646,264.687134,0,0,3
8/2/2025,2,R-gamma-decalactone,31-May-25,10:00 AM,2025GDL,Stone Valley,40.644778,-77.924646,264.687134,0,0,2
8/3/2025,2,R-gamma-decalactone,31-May-25,9:25 AM,2025GDL,Stone Valley,40.644778,-77.924646,264.687134,0,1,1
8/3/2025,2,R-gamma-decalactone,31-May-25,9:40 AM,2025GDL,Stone Valley,40.644778,-77.924646,264.687134,0,0,0
8/3/2025,2,R-gamma-decalactone,31-May-25,1:39 PM,2025GDL,Stone Valley,40.644778,-77.924646,264.687134,0,1,10
8/3/2025,2,R-gamma-decalactone,31-May-25,9:15 AM,2025GDL,Stone Valley,40.644778,-77.924646,264.687134,0,0,2
8/3/2025,2,R-gamma-decalactone,31-May-25,9:00 AM,2025GDL,Stone Valley,40.644778,-77.924646,264.687134,0,1,3
8/3/2025,2,R-gamma-decalactone,31-May-25,9:00 AM,2025GDL,Stone Valley,40.644778,-77.924646,264.687134,0,1,1
8/3/2025,2,R-gamma-decalactone,31-May-25,9:00 AM,2025GDL,Stone Valley,40.644778,-77.924646,264.687134,0,0,3
8/3/2025,2,R-gamma-decalactone,31-May-25,10:00 AM,2025GDL,Stone Valley,40.644778,-77.924646,264.687134,0,0,2
8/4/2025,2,R-gamma-decalactone,31-May-25,9:25 AM,2025GDL,Stone Valley,40.644778,-77.924646,264.687134,0,1,1
8/4/2025,2,R-gamma-decalactone,31-May-25,9:40 AM,2025GDL,Stone Valley,40.644778,-77.924646,264.687134,0,0,0
8/4/2025,2,R-gamma-decalactone,31-May-25,1:39 PM,2025GDL,Stone Valley,40.644778,-77.924646,264.687134,0,1,10
8/4/2025,2,R-gamma-decalactone,31-May-25,9:15 AM,2025GDL,Stone Valley,40.644778,-77.924646,264.687134,0,0,2
8/4/2025,2,R-gamma-decalactone,31-May-25,9:00 AM,2025GDL,Stone Valley,40.644778,-77.924646,264.687134,0,1,3
8/4/2025,2,R-gamma-decalactone,31-May-25,9:00 AM,2025GDL,Stone Valley,40.644778,-77.924646,264.687134,0,1,1
8/4/2025,2,R-gamma-decalactone,31-May-25,9:00 AM,2025GDL,Stone Valley,40.644778,-77.924646,264.687134,0,0,3
8/4/2025,2,R-gamma-decalactone,31-May-25,10:00 AM,2025GDL,Stone Valley,40.644778,-77.924646,264.687134,0,0,2
8/5/2025,2,R-gamma-decalactone,31-May-25,9:25 AM,2025GDL,Stone Valley,40.644778,-77.924646,264.687134,0,1,1
8/5/2025,2,R-gamma-decalactone,31-May-25,9:40 AM,2025GDL,Stone Valley,40.644778,-77.924646,264.687134,0,0,0
8/5/2025,2,R-gamma-decalactone,31-May-25,1:39 PM,2025GDL,Stone Valley,40.644778,-77.924646,264.687134,0,1,10
8/5/2025,2,R-gamma-decalactone,31-May-25,9:15 AM,2025GDL,Stone Valley,40.644778,-77.924646,264.687134,0,0,2
8/5/2025,2,R-gamma-decalactone,31-May-25,9:00 AM,2025GDL,Stone Valley,40.644778,-77.924646,264.687134,0,1,3
8/5/2025,2,R-gamma-decalactone,31-May-25,9:00 AM,2025GDL,Stone Valley,40.644778,-77.924646,264.687134,0,1,1
8/5/2025,2,R-gamma-decalactone,31-May-25,9:00 AM,2025GDL,Stone Valley,40.644778,-77.924646,264.687134,0,0,3
8/5/2025,2,R-gamma-decalactone,31-May-25,10:00 AM,2025GDL,Stone Valley,40.644778,-77.924646,264.687134,0,0,2
8/6/2025,2,R-gamma-decalactone,31-May-25,9:25 AM,2025GDL,Stone Valley,40.644778,-77.924646,264.687134,0,1,1
8/6/2025,2,R-gamma-decalactone,31-May-25,9:40 AM,2025GDL,Stone Valley,40.644778,-77.924646,264.687134,0,0,0
8/6/2025,2,R-gamma-decalactone,31-May-25,1:39 PM,2025GDL,Stone Valley,40.644778,-77.924646,264.687134,0,1,10
8/6/2025,2,R-gamma-decalactone,31-May-25,9:15 AM,2025GDL,Stone Valley,40.644778,-77.924646,264.687134,0,0,2
8/6/2025,2,R-gamma-decalactone,31-May-25,9:00 AM,2025GDL,Stone Valley,40.644778,-77.924646,264.687134,0,1,3
8/6/2025,2,R-gamma-decalactone,31-May-25,9:00 AM,2025GDL,Stone Valley,40.644778,-77.924646,264.687134,0,1,1
8/6/2025,2,R-gamma-decalactone,31-May-25,9:00 AM,2025GDL,Stone Valley,40.644778,-77.924646,264.687134,0,0,3
8/6/2025,2,R-gamma-decalactone,31-May-25,10:00 AM,2025GDL,Stone Valley,40.644778,-77.924646,264.687134,0,0,2
8/7/2025,2,R-gamma-decalactone,31-May-25,9:25 AM,2025GDL,Stone Valley,40.644778,-77.924646,264.687134,0,1,1
8/7/2025,2,R-gamma-decalactone,31-May-25,9:40 AM,2025GDL,Stone Valley,40.644778,-77.924646,264.687134,0,0,0
8/7/2025,2,R-gamma-decalactone,31-May-25,1:39 PM,2025GDL,Stone Valley,40.644778,-77.924646,264.687134,0,1,10
8/7/2025,2,R-gamma-decalactone,31-May-25,9:15 AM,2025GDL,Stone Valley,40.644778,-77.924646,264.687134,0,0,2
8/7/2025,2,R-gamma-decalactone,31-May-25,9:00 AM,2025GDL,Stone Valley,40.644778,-77.924646,264.687134,0,1,3
8/7/2025,2,R-gamma-decalactone,31-May-25,9:00 AM,2025GDL,Stone Valley,40.644778,-77.924646,264.687134,0,1,1
8/7/2025,2,R-gamma-decalactone,31-May-25,9:00 AM,2025GDL,Stone Valley,40.644778,-77.924646,264.687134,0,0,3
8/7/2025,2,R-gamma-decalactone,31-May-25,10:00 AM,2025GDL,Stone Valley,40.644778,-77.924646,264.687134,0,0,2
8/8/2025,2,R-gamma-decalactone,31-May-25,9:25 AM,2025GDL,Stone Valley,40.644778,-77.924646,264.687134,0,1,1
8/8/2025,2,R-gamma-decalactone,31-May-25,9:40 AM,2025GDL,Stone Valley,40.644778,-77.924646,264.687134,0,0,0
8/8/2025,2,R-gamma-decalactone,31-May-25,1:39 PM,2025GDL,Stone Valley,40.644778,-77.924646,264.687134,0,1,10
8/8/2025,2,R-gamma-decalactone,31-May-25,9:15 AM,2025GDL,Stone Valley,40.644778,-77.924646,264.687134,0,0,2
8/8/2025,2,R-gamma-decalactone,31-May-25,9:00 AM,2025GDL,Stone Valley,40.644778,-77.924646,264.687134,0,1,3
8/8/2025,2,R-gamma-decalactone,31-May-25,9:00 AM,2025GDL,Stone Valley,40.644778,-77.924646,264.687134,0,1,1
8/8/2025,2,R-gamma-decalactone,31-May-25,9:00 AM,2025GDL,Stone Valley,40.644778,-77.924646,264.687134,0,0,3
8/8/2025,2,R-gamma-decalactone,31-May-25,10:00 AM,2025GDL,Stone Valley,40.644778,-77.924646,264.687134,0,0,2
8/9/2025,2,R-gamma-decalactone,31-May-25,9:25 AM,2025GDL,Stone Valley,40.644778,-77.924646,264.687134,0,1,1
8/9/2025,2,R-gamma-decalactone,31-May-25,9:40 AM,2025GDL,Stone Valley,40.644778,-77.924646,264.687134,0,0,0
8/9/2025,2,R-gamma-decalactone,31-May-25,1:39 PM,2025GDL,Stone Valley,40.644778,-77.924646,264.687134,0,1,10
8/9/2025,2,R-gamma-decalactone,31-May-25,9:15 AM,2025GDL,Stone Valley,40.644778,-77.924646,264.687134,0,0,2
8/9/2025,2,R-gamma-decalactone,31-May-25,9:00 AM,2025GDL,Stone Valley,40.644778,-77.924646,264.687134,0,1,3
8/9/2025,2,R-gamma-decalactone,31-May-25,9:00 AM,2025GDL,Stone Valley,40.644778,-77.924646,264.687134,0,1,1
8/9/2025,2,R-gamma-decalactone,31-May-25,9:00 AM,2025GDL,Stone Valley,40.644778,-77.924646,264.687134,0,0,3
8/9/2025,2,R-gamma-decalactone,31-May-25,10:00 AM,2025GDL,Stone Valley,40.644778,-77.924646,264.687134,0,0,2
8/10/2025,2,R-gamma-decalactone,31-May-25,9:25 AM,2025GDL,Stone Valley,40.644778,-77.924646,264.687134,0,1,1
8/10/2025,2,R-gamma-decalactone,31-May-25,9:40 AM,2025GDL,Stone Valley,40.644778,-77.924646,264.687134,0,0,0
8/10/2025,2,R-gamma-decalactone,31-May-25,1:39 PM,2025GDL,Stone Valley,40.644778,-77.924646,264.687134,0,1,10
8/10/2025,2,R-gamma-decalactone,31-May-25,9:15 AM,2025GDL,Stone Valley,40.644778,-77.924646,264.687134,0,0,2
8/10/2025,2,R-gamma-decalactone,31-May-25,9:00 AM,2025GDL,Stone Valley,40.644778,-77.924646,264.687134,0,1,3
8/10/2025,2,R-gamma-decalactone,31-May-25,9:00 AM,2025GDL,Stone Valley,40.644778,-77.924646,264.687134,0,1,1
8/10/2025,2,R-gamma-decalactone,31-May-25,9:00 AM,2025GDL,Stone Valley,40.644778,-77.924646,264.687134,0,0,3
8/10/2025,2,R-gamma-decalactone,31-May-25,10:00 AM,2025GDL,Stone Valley,40.644778,-77.924646,264.687134,0,0,2
8/11/2025,2,R-gamma-decalactone,31-May-25,9:25 AM,2025GDL,Stone Valley,40.644778,-77.924646,264.687134,0,1,1
8/11/2025,2,R-gamma-decalactone,31-May-25,9:40 AM,2025GDL,Stone Valley,40.644778,-77.924646,264.687134,0,0,0
8/11/2025,2,R-gamma-decalactone,31-May-25,1:39 PM,2025GDL,Stone Valley,40.644778,-77.924646,264.687134,0,1,10
8/11/2025,2,R-gamma-decalactone,31-May-25,9:15 AM,2025GDL,Stone Valley,40.644778,-77.924646,264.687134,0,0,2
8/11/2025,2,R-gamma-decalactone,31-May-25,9:00 AM,2025GDL,Stone Valley,40.644778,-77.924646,264.687134,0,1,3
8/11/2025,2,R-gamma-decalactone,31-May-25,9:00 AM,2025GDL,Stone Valley,40.644778,-77.924646,264.687134,0,1,1
8/11/2025,2,R-gamma-decalactone,31-May-25,9:00 AM,2025GDL,Stone Valley,40.644778,-77.924646,264.687134,0,0,3
8/11/2025,2,R-gamma-decalactone,31-May-25,10:00 AM,2025GDL,Stone Valley,40.644778,-77.924646,264.687134,0,0,2
8/12/2025,2,R-gamma-decalactone,31-May-25,9:25 AM,2025GDL,Stone Valley,40.644778,-77.924646,264.687134,0,1,1
8/12/2025,2,R-gamma-decalactone,31-May-25,9:40 AM,2025GDL,Stone Valley,40.644778,-77.924646,264.687134,0,0,0
8/12/2025,2,R-gamma-decalactone,31-May-25,1:39 PM,2025GDL,Stone Valley,40.644778,-77.924646,264.687134,0,1,10
8/12/2025,2,R-gamma-decalactone,31-May-25,9:15 AM,2025GDL,Stone Valley,40.644778,-77.924646,264.687134,0,0,2
8/12/2025,2,R-gamma-decalactone,31-May-25,9:00 AM,2025GDL,Stone Valley,40.644778,-77.924646,264.687134,0,1,3
8/12/2025,2,R-gamma-decalactone,31-May-25,9:00 AM,2025GDL,Stone Valley,40.644778,-77.924646,264.687134,0,1,1
8/12/2025,2,R-gamma-decalactone,31-May-25,9:00 AM,2025GDL,Stone Valley,40.644778,-77.924646,264.687134,0,0,3
8/12/2025,2,R-gamma-decalactone,31-May-25,10:00 AM,2025GDL,Stone Valley,40.644778,-77.924646,264.687134,0,0,2
8/13/2025,2,R-gamma-decalactone,31-May-25,9:25 AM,2025GDL,Stone Valley,40.644778,-77.924646,264.687134,0,1,1
8/13/2025,2,R-gamma-decalactone,31-May-25,9:40 AM,2025GDL,Stone Valley,40.644778,-77.924646,264.687134,0,0,0
8/13/2025,2,R-gamma-decalactone,31-May-25,1:39 PM,2025GDL,Stone Valley,40.644778,-77.924646,264.687134,0,1,10
8/13/2025,2,R-gamma-decalactone,31-May-25,9:15 AM,2025GDL,Stone Valley,40.644778,-77.924646,264.687134,0,0,2
8/13/2025,2,R-gamma-decalactone,31-May-25,9:00 AM,2025GDL,Stone Valley,40.644778,-77.924646,264.687134,0,1,3
8/13/2025,2,R-gamma-decalactone,31-May-25,9:00 AM,2025GDL,Stone Valley,40.644778,-77.924646,264.687134,0,1,1
8/13/2025,2,R-gamma-decalactone,31-May-25,9:00 AM,2025GDL,Stone Valley,40.644778,-77.924646,264.687134,0,0,3
8/13/2025,2,R-gamma-decalactone,31-May-25,10:00 AM,2025GDL,Stone Valley,40.644778,-77.924646,264.687134,0,0,2
8/14/2025,2,R-gamma-decalactone,31-May-25,9:25 AM,2025GDL,Stone Valley,40.644778,-77.924646,264.687134,0,1,1
8/14/2025,2,R-gamma-decalactone,31-May-25,9:40 AM,2025GDL,Stone Valley,40.644778,-77.924646,264.687134,0,0,0
8/14/2025,2,R-gamma-decalactone,31-May-25,1:39 PM,2025GDL,Stone Valley,40.644778,-77.924646,264.687134,0,1,10
8/14/2025,2,R-gamma-decalactone,31-May-25,9:15 AM,2025GDL,Stone Valley,40.644778,-77.924646,264.687134,0,0,2
8/14/2025,2,R-gamma-decalactone,31-May-25,9:00 AM,2025GDL,Stone Valley,40.644778,-77.924646,264.687134,0,1,3
8/14/2025,2,R-gamma-decalactone,31-May-25,9:00 AM,2025GDL,Stone Valley,40.644778,-77.924646,264.687134,0,1,1
8/14/2025,2,R-gamma-decalactone,31-May-25,9:00 AM,2025GDL,Stone Valley,40.644778,-77.924646,264.687134,0,0,3
8/14/2025,2,R-gamma-decalactone,31-May-25,10:00 AM,2025GDL,Stone Valley,40.644778,-77.924646,264.687134,0,0,2
8/15/2025,2,R-gamma-decalactone,31-May-25,9:25 AM,2025GDL,Stone Valley,40.644778,-77.924646,264.687134,0,1,1
8/15/2025,2,R-gamma-decalactone,31-May-25,9:40 AM,2025GDL,Stone Valley,40.644778,-77.924646,264.687134,0,0,0
8/15/2025,2,R-gamma-decalactone,31-May-25,1:39 PM,2025GDL,Stone Valley,40.644778,-77.924646,264.687134,0,1,10
8/15/2025,2,R-gamma-decalactone,31-May-25,9:15 AM,2025GDL,Stone Valley,40.644778,-77.924646,264.687134,0,0,2
8/15/2025,2,R-gamma-decalactone,31-May-25,9:00 AM,2025GDL,Stone Valley,40.644778,-77.924646,264.687134,0,1,3
8/15/2025,2,R-gamma-decalactone,31-May-25,9:00 AM,2025GDL,Stone Valley,40.644778,-77.924646,264.687134,0,1,1
8/15/2025,2,R-gamma-decalactone,31-May-25,9:00 AM,2025GDL,Stone Valley,40.644778,-77.924646,264.687134,0,0,3
8/15/2025,2,R-gamma-decalactone,31-May-25,10:00 AM,2025GDL,Stone Valley,40.644778,-77.924646,264.687134,0,0,2
6/1/2025,3,R-gamma-decalactone,31-May-25,9:34 AM,2025GDL,Stone Valley,40.646675,-77.922128,263.449341,0,2,0
6/1/2025,3,R-gamma-decalactone,31-May-25,9:21 AM,2025GDL,Stone Valley,40.646675,-77.922128,263.449341,0,1,0
6/1/2025,3,R-gamma-decalactone,31-May-25,1:04 PM,2025GDL,Stone Valley,40.646675,-77.922128,263.449341,0,0,0
6/1/2025,3,R-gamma-decalactone,31-May-25,9:22 AM,2025GDL,Stone Valley,40.646675,-77.922128,263.449341,0,1,4
6/1/2025,3,R-gamma-decalactone,31-May-25,9:00 AM,2025GDL,Stone Valley,40.646675,-77.922128,263.449341,0,0,4
6/1/2025,3,R-gamma-decalactone,31-May-25,9:00 AM,2025GDL,Stone Valley,40.646675,-77.922128,263.449341,0,0,2
6/1/2025,3,R-gamma-decalactone,31-May-25,9:00 AM,2025GDL,Stone Valley,40.646675,-77.922128,263.449341,0,0,2
6/1/2025,3,R-gamma-decalactone,31-May-25,10:00 AM,2025GDL,Stone Valley,40.646675,-77.922128,263.449341,0,0,3
6/2/2025,3,R-gamma-decalactone,31-May-25,9:34 AM,2025GDL,Stone Valley,40.646675,-77.922128,263.449341,0,2,0
6/2/2025,3,R-gamma-decalactone,31-May-25,9:21 AM,2025GDL,Stone Valley,40.646675,-77.922128,263.449341,0,1,0
6/2/2025,3,R-gamma-decalactone,31-May-25,1:04 PM,2025GDL,Stone Valley,40.646675,-77.922128,263.449341,0,0,0
6/2/2025,3,R-gamma-decalactone,31-May-25,9:22 AM,2025GDL,Stone Valley,40.646675,-77.922128,263.449341,0,1,4
6/2/2025,3,R-gamma-decalactone,31-May-25,9:00 AM,2025GDL,Stone Valley,40.646675,-77.922128,263.449341,0,0,4
6/2/2025,3,R-gamma-decalactone,31-May-25,9:00 AM,2025GDL,Stone Valley,40.646675,-77.922128,263.449341,0,0,2
6/2/2025,3,R-gamma-decalactone,31-May-25,9:00 AM,2025GDL,Stone Valley,40.646675,-77.922128,263.449341,0,0,2
6/2/2025,3,R-gamma-decalactone,31-May-25,10:00 AM,2025GDL,Stone Valley,40.646675,-77.922128,263.449341,0,0,3
6/3/2025,3,R-gamma-decalactone,31-May-25,9:34 AM,2025GDL,Stone Valley,40.646675,-77.922128,263.449341,0,2,0
6/3/2025,3,R-gamma-decalactone,31-May-25,9:21 AM,2025GDL,Stone Valley,40.646675,-77.922128,263.449341,0,1,0
6/3/2025,3,R-gamma-decalactone,31-May-25,1:04 PM,2025GDL,Stone Valley,40.646675,-77.922128,263.449341,0,0,0
6/3/2025,3,R-gamma-decalactone,31-May-25,9:22 AM,2025GDL,Stone Valley,40.646675,-77.922128,263.449341,0,1,4
6/3/2025,3,R-gamma-decalactone,31-May-25,9:00 AM,2025GDL,Stone Valley,40.646675,-77.922128,263.449341,0,0,4
6/3/2025,3,R-gamma-decalactone,31-May-25,9:00 AM,2025GDL,Stone Valley,40.646675,-77.922128,263.449341,0,0,2
6/3/2025,3,R-gamma-decalactone,31-May-25,9:00 AM,2025GDL,Stone Valley,40.646675,-77.922128,263.449341,0,0,2
6/3/2025,3,R-gamma-decalactone,31-May-25,10:00 AM,2025GDL,Stone Valley,40.646675,-77.922128,263.449341,0,0,3
6/4/2025,3,R-gamma-decalactone,31-May-25,9:34 AM,2025GDL,Stone Valley,40.646675,-77.922128,263.449341,0,2,0
6/4/2025,3,R-gamma-decalactone,31-May-25,9:21 AM,2025GDL,Stone Valley,40.646675,-77.922128,263.449341,0,1,0
6/4/2025,3,R-gamma-decalactone,31-May-25,1:04 PM,2025GDL,Stone Valley,40.646675,-77.922128,263.449341,0,0,0
6/4/2025,3,R-gamma-decalactone,31-May-25,9:22 AM,2025GDL,Stone Valley,40.646675,-77.922128,263.449341,0,1,4
6/4/2025,3,R-gamma-decalactone,31-May-25,9:00 AM,2025GDL,Stone Valley,40.646675,-77.922128,263.449341,0,0,4
6/4/2025,3,R-gamma-decalactone,31-May-25,9:00 AM,2025GDL,Stone Valley,40.646675,-77.922128,263.449341,0,0,2
6/4/2025,3,R-gamma-decalactone,31-May-25,9:00 AM,2025GDL,Stone Valley,40.646675,-77.922128,263.449341,0,0,2
6/4/2025,3,R-gamma-decalactone,31-May-25,10:00 AM,2025GDL,Stone Valley,40.646675,-77.922128,263.449341,0,0,3
6/5/2025,3,R-gamma-decalactone,31-May-25,9:34 AM,2025GDL,Stone Valley,40.646675,-77.922128,263.449341,0,2,0
6/5/2025,3,R-gamma-decalactone,31-May-25,9:21 AM,2025GDL,Stone Valley,40.646675,-77.922128,263.449341,0,1,0
6/5/2025,3,R-gamma-decalactone,31-May-25,1:04 PM,2025GDL,Stone Valley,40.646675,-77.922128,263.449341,0,0,0
6/5/2025,3,R-gamma-decalactone,31-May-25,9:22 AM,2025GDL,Stone Valley,40.646675,-77.922128,263.449341,0,1,4
6/5/2025,3,R-gamma-decalactone,31-May-25,9:00 AM,2025GDL,Stone Valley,40.646675,-77.922128,263.449341,0,0,4
6/5/2025,3,R-gamma-decalactone,31-May-25,9:00 AM,2025GDL,Stone Valley,40.646675,-77.922128,263.449341,0,0,2
6/5/2025,3,R-gamma-decalactone,31-May-25,9:00 AM,2025GDL,Stone Valley,40.646675,-77.922128,263.449341,0,0,2
6/5/2025,3,R-gamma-decalactone,31-May-25,10:00 AM,2025GDL,Stone Valley,40.646675,-77.922128,263.449341,0,0,3
6/6/2025,3,R-gamma-decalactone,31-May-25,9:34 AM,2025GDL,Stone Valley,40.646675,-77.922128,263.449341,0,2,0
6/6/2025,3,R-gamma-decalactone,31-May-25,9:21 AM,2025GDL,Stone Valley,40.646675,-77.922128,263.449341,0,1,0
6/6/2025,3,R-gamma-decalactone,31-May-25,1:04 PM,2025GDL,Stone Valley,40.646675,-77.922128,263.449341,0,0,0
6/6/2025,3,R-gamma-decalactone,31-May-25,9:22 AM,2025GDL,Stone Valley,40.646675,-77.922128,263.449341,0,1,4
6/6/2025,3,R-gamma-decalactone,31-May-25,9:00 AM,2025GDL,Stone Valley,40.646675,-77.922128,263.449341,0,0,4
6/6/2025,3,R-gamma-decalactone,31-May-25,9:00 AM,2025GDL,Stone Valley,40.646675,-77.922128,263.449341,0,0,2
6/6/2025,3,R-gamma-decalactone,31-May-25,9:00 AM,2025GDL,Stone Valley,40.646675,-77.922128,263.449341,0,0,2
6/6/2025,3,R-gamma-decalactone,31-May-25,10:00 AM,2025GDL,Stone Valley,40.646675,-77.922128,263.449341,0,0,3
6/7/2025,3,R-gamma-decalactone,31-May-25,9:34 AM,2025GDL,Stone Valley,40.646675,-77.922128,263.449341,0,2,0
6/7/2025,3,R-gamma-decalactone,31-May-25,9:21 AM,2025GDL,Stone Valley,40.646675,-77.922128,263.449341,0,1,0
6/7/2025,3,R-gamma-decalactone,31-May-25,1:04 PM,2025GDL,Stone Valley,40.646675,-77.922128,263.449341,0,0,0
6/7/2025,3,R-gamma-decalactone,31-May-25,9:22 AM,2025GDL,Stone Valley,40.646675,-77.922128,263.449341,0,1,4
6/7/2025,3,R-gamma-decalactone,31-May-25,9:00 AM,2025GDL,Stone Valley,40.646675,-77.922128,263.449341,0,0,4
6/7/2025,3,R-gamma-decalactone,31-May-25,9:00 AM,2025GDL,Stone Valley,40.646675,-77.922128,263.449341,0,0,2
6/7/2025,3,R-gamma-decalactone,31-May-25,9:00 AM,2025GDL,Stone Valley,40.646675,-77.922128,263.449341,0,0,2
6/7/2025,3,R-gamma-decalactone,31-May-25,10:00 AM,2025GDL,Stone Valley,40.646675,-77.922128,263.449341,0,0,3
6/8/2025,3,R-gamma-decalactone,31-May-25,9:34 AM,2025GDL,Stone Valley,40.646675,-77.922128,263.449341,0,2,0
6/8/2025,3,R-gamma-decalactone,31-May-25,9:21 AM,2025GDL,Stone Valley,40.646675,-77.922128,263.449341,0,1,0
6/8/2025,3,R-gamma-decalactone,31-May-25,1:04 PM,2025GDL,Stone Valley,40.646675,-77.922128,263.449341,0,0,0
6/8/2025,3,R-gamma-decalactone,31-May-25,9:22 AM,2025GDL,Stone Valley,40.646675,-77.922128,263.449341,0,1,4
6/8/2025,3,R-gamma-decalactone,31-May-25,9:00 AM,2025GDL,Stone Valley,40.646675,-77.922128,263.449341,0,0,4
6/8/2025,3,R-gamma-decalactone,31-May-25,9:00 AM,2025GDL,Stone Valley,40.646675,-77.922128,263.449341,0,0,2
6/8/2025,3,R-gamma-decalactone,31-May-25,9:00 AM,2025GDL,Stone Valley,40.646675,-77.922128,263.449341,0,0,2
6/8/2025,3,R-gamma-decalactone,31-May-25,10:00 AM,2025GDL,Stone Valley,40.646675,-77.922128,263.449341,0,0,3
6/9/2025,3,R-gamma-decalactone,31-May-25,9:34 AM,2025GDL,Stone Valley,40.646675,-77.922128,263.449341,0,2,0
6/9/2025,3,R-gamma-decalactone,31-May-25,9:21 AM,2025GDL,Stone Valley,40.646675,-77.922128,263.449341,0,1,0
6/9/2025,3,R-gamma-decalactone,31-May-25,1:04 PM,2025GDL,Stone Valley,40.646675,-77.922128,263.449341,0,0,0
6/9/2025,3,R-gamma-decalactone,31-May-25,9:22 AM,2025GDL,Stone Valley,40.646675,-77.922128,263.449341,0,1,4
6/9/2025,3,R-gamma-decalactone,31-May-25,9:00 AM,2025GDL,Stone Valley,40.646675,-77.922128,263.449341,0,0,4
6/9/2025,3,R-gamma-decalactone,31-May-25,9:00 AM,2025GDL,Stone Valley,40.646675,-77.922128,263.449341,0,0,2
6/9/2025,3,R-gamma-decalactone,31-May-25,9:00 AM,2025GDL,Stone Valley,40.646675,-77.922128,263.449341,0,0,2
6/9/2025,3,R-gamma-decalactone,31-May-25,10:00 AM,2025GDL,Stone Valley,40.646675,-77.922128,263.449341,0,0,3
6/10/2025,3,R-gamma-decalactone,31-May-25,9:34 AM,2025GDL,Stone Valley,40.646675,-77.922128,263.449341,0,2,0
6/10/2025,3,R-gamma-decalactone,31-May-25,9:21 AM,2025GDL,Stone Valley,40.646675,-77.922128,263.449341,0,1,0
6/10/2025,3,R-gamma-decalactone,31-May-25,1:04 PM,2025GDL,Stone Valley,40.646675,-77.922128,263.449341,0,0,0
6/10/2025,3,R-gamma-decalactone,31-May-25,9:22 AM,2025GDL,Stone Valley,40.646675,-77.922128,263.449341,0,1,4
6/10/2025,3,R-gamma-decalactone,31-May-25,9:00 AM,2025GDL,Stone Valley,40.646675,-77.922128,263.449341,0,0,4
6/10/2025,3,R-gamma-decalactone,31-May-25,9:00 AM,2025GDL,Stone Valley,40.646675,-77.922128,263.449341,0,0,2
6/10/2025,3,R-gamma-decalactone,31-May-25,9:00 AM,2025GDL,Stone Valley,40.646675,-77.922128,263.449341,0,0,2
6/10/2025,3,R-gamma-decalactone,31-May-25,10:00 AM,2025GDL,Stone Valley,40.646675,-77.922128,263.449341,0,0,3
6/11/2025,3,R-gamma-decalactone,31-May-25,9:34 AM,2025GDL,Stone Valley,40.646675,-77.922128,263.449341,0,2,0
6/11/2025,3,R-gamma-decalactone,31-May-25,9:21 AM,2025GDL,Stone Valley,40.646675,-77.922128,263.449341,0,1,0
6/11/2025,3,R-gamma-decalactone,31-May-25,1:04 PM,2025GDL,Stone Valley,40.646675,-77.922128,263.449341,0,0,0
6/11/2025,3,R-gamma-decalactone,31-May-25,9:22 AM,2025GDL,Stone Valley,40.646675,-77.922128,263.449341,0,1,4
6/11/2025,3,R-gamma-decalactone,31-May-25,9:00 AM,2025GDL,Stone Valley,40.646675,-77.922128,263.449341,0,0,4
6/11/2025,3,R-gamma-decalactone,31-May-25,9:00 AM,2025GDL,Stone Valley,40.646675,-77.922128,263.449341,0,0,2
6/11/2025,3,R-gamma-decalactone,31-May-25,9:00 AM,2025GDL,Stone Valley,40.646675,-77.922128,263.449341,0,0,2
6/11/2025,3,R-gamma-decalactone,31-May-25,10:00 AM,2025GDL,Stone Valley,40.646675,-77.922128,263.449341,0,0,3
6/12/2025,3,R-gamma-decalactone,31-May-25,9:34 AM,2025GDL,Stone Valley,40.646675,-77.922128,263.449341,0,2,0
6/12/2025,3,R-gamma-decalactone,31-May-25,9:21 AM,2025GDL,Stone Valley,40.646675,-77.922128,263.449341,0,1,0
6/12/2025,3,R-gamma-decalactone,31-May-25,1:04 PM,2025GDL,Stone Valley,40.646675,-77.922128,263.449341,0,0,0
6/12/2025,3,R-gamma-decalactone,31-May-25,9:22 AM,2025GDL,Stone Valley,40.646675,-77.922128,263.449341,0,1,4
6/12/2025,3,R-gamma-decalactone,31-May-25,9:00 AM,2025GDL,Stone Valley,40.646675,-77.922128,263.449341,0,0,4
6/12/2025,3,R-gamma-decalactone,31-May-25,9:00 AM,2025GDL,Stone Valley,40.646675,-77.922128,263.449341,0,0,2
6/12/2025,3,R-gamma-decalactone,31-May-25,9:00 AM,2025GDL,Stone Valley,40.646675,-77.922128,263.449341,0,0,2
6/12/2025,3,R-gamma-decalactone,31-May-25,10:00 AM,2025GDL,Stone Valley,40.646675,-77.922128,263.449341,0,0,3
6/13/2025,3,R-gamma-decalactone,31-May-25,9:34 AM,2025GDL,Stone Valley,40.646675,-77.922128,263.449341,0,2,0
6/13/2025,3,R-gamma-decalactone,31-May-25,9:21 AM,2025GDL,Stone Valley,40.646675,-77.922128,263.449341,0,1,0
6/13/2025,3,R-gamma-decalactone,31-May-25,1:04 PM,2025GDL,Stone Valley,40.646675,-77.922128,263.449341,0,0,0
6/13/2025,3,R-gamma-decalactone,31-May-25,9:22 AM,2025GDL,Stone Valley,40.646675,-77.922128,263.449341,0,1,4
6/13/2025,3,R-gamma-decalactone,31-May-25,9:00 AM,2025GDL,Stone Valley,40.646675,-77.922128,263.449341,0,0,4
6/13/2025,3,R-gamma-decalactone,31-May-25,9:00 AM,2025GDL,Stone Valley,40.646675,-77.922128,263.449341,0,0,2
6/13/2025,3,R-gamma-decalactone,31-May-25,9:00 AM,2025GDL,Stone Valley,40.646675,-77.922128,263.449341,0,0,2
6/13/2025,3,R-gamma-decalactone,31-May-25,10:00 AM,2025GDL,Stone Valley,40.646675,-77.922128,263.449341,0,0,3
6/14/2025,3,R-gamma-decalactone,31-May-25,9:34 AM,2025GDL,Stone Valley,40.646675,-77.922128,263.449341,0,2,0
6/14/2025,3,R-gamma-decalactone,31-May-25,9:21 AM,2025GDL,Stone Valley,40.646675,-77.922128,263.449341,0,1,0
6/14/2025,3,R-gamma-decalactone,31-May-25,1:04 PM,2025GDL,Stone Valley,40.646675,-77.922128,263.449341,0,0,0
6/14/2025,3,R-gamma-decalactone,31-May-25,9:22 AM,2025GDL,Stone Valley,40.646675,-77.922128,263.449341,0,1,4
6/14/2025,3,R-gamma-decalactone,31-May-25,9:00 AM,2025GDL,Stone Valley,40.646675,-77.922128,263.449341,0,0,4
6/14/2025,3,R-gamma-decalactone,31-May-25,9:00 AM,2025GDL,Stone Valley,40.646675,-77.922128,263.449341,0,0,2
6/14/2025,3,R-gamma-decalactone,31-May-25,9:00 AM,2025GDL,Stone Valley,40.646675,-77.922128,263.449341,0,0,2
6/14/2025,3,R-gamma-decalactone,31-May-25,10:00 AM,2025GDL,Stone Valley,40.646675,-77.922128,263.449341,0,0,3
6/15/2025,3,R-gamma-decalactone,31-May-25,9:34 AM,2025GDL,Stone Valley,40.646675,-77.922128,263.449341,0,2,0
6/15/2025,3,R-gamma-decalactone,31-May-25,9:21 AM,2025GDL,Stone Valley,40.646675,-77.922128,263.449341,0,1,0
6/15/2025,3,R-gamma-decalactone,31-May-25,1:04 PM,2025GDL,Stone Valley,40.646675,-77.922128,263.449341,0,0,0
6/15/2025,3,R-gamma-decalactone,31-May-25,9:22 AM,2025GDL,Stone Valley,40.646675,-77.922128,263.449341,0,1,4
6/15/2025,3,R-gamma-decalactone,31-May-25,9:00 AM,2025GDL,Stone Valley,40.646675,-77.922128,263.449341,0,0,4
6/15/2025,3,R-gamma-decalactone,31-May-25,9:00 AM,2025GDL,Stone Valley,40.646675,-77.922128,263.449341,0,0,2
6/15/2025,3,R-gamma-decalactone,31-May-25,9:00 AM,2025GDL,Stone Valley,40.646675,-77.922128,263.449341,0,0,2
6/15/2025,3,R-gamma-decalactone,31-May-25,10:00 AM,2025GDL,Stone Valley,40.646675,-77.922128,263.449341,0,0,3
6/16/2025,3,R-gamma-decalactone,31-May-25,9:34 AM,2025GDL,Stone Valley,40.646675,-77.922128,263.449341,0,2,0
6/16/2025,3,R-gamma-decalactone,31-May-25,9:21 AM,2025GDL,Stone Valley,40.646675,-77.922128,263.449341,0,1,0
6/16/2025,3,R-gamma-decalactone,31-May-25,1:04 PM,2025GDL,Stone Valley,40.646675,-77.922128,263.449341,0,0,0
6/16/2025,3,R-gamma-decalactone,31-May-25,9:22 AM,2025GDL,Stone Valley,40.646675,-77.922128,263.449341,0,1,4
6/16/2025,3,R-gamma-decalactone,31-May-25,9:00 AM,2025GDL,Stone Valley,40.646675,-77.922128,263.449341,0,0,4
6/16/2025,3,R-gamma-decalactone,31-May-25,9:00 AM,2025GDL,Stone Valley,40.646675,-77.922128,263.449341,0,0,2
6/16/2025,3,R-gamma-decalactone,31-May-25,9:00 AM,2025GDL,Stone Valley,40.646675,-77.922128,263.449341,0,0,2
6/16/2025,3,R-gamma-decalactone,31-May-25,10:00 AM,2025GDL,Stone Valley,40.646675,-77.922128,263.449341,0,0,3
6/17/2025,3,R-gamma-decalactone,31-May-25,9:34 AM,2025GDL,Stone Valley,40.646675,-77.922128,263.449341,0,2,0
6/17/2025,3,R-gamma-decalactone,31-May-25,9:21 AM,2025GDL,Stone Valley,40.646675,-77.922128,263.449341,0,1,0
6/17/2025,3,R-gamma-decalactone,31-May-25,1:04 PM,2025GDL,Stone Valley,40.646675,-77.922128,263.449341,0,0,0
6/17/2025,3,R-gamma-decalactone,31-May-25,9:22 AM,2025GDL,Stone Valley,40.646675,-77.922128,263.449341,0,1,4
6/17/2025,3,R-gamma-decalactone,31-May-25,9:00 AM,2025GDL,Stone Valley,40.646675,-77.922128,263.449341,0,0,4
6/17/2025,3,R-gamma-decalactone,31-May-25,9:00 AM,2025GDL,Stone Valley,40.646675,-77.922128,263.449341,0,0,2
6/17/2025,3,R-gamma-decalactone,31-May-25,9:00 AM,2025GDL,Stone Valley,40.646675,-77.922128,263.449341,0,0,2
6/17/2025,3,R-gamma-decalactone,31-May-25,10:00 AM,2025GDL,Stone Valley,40.646675,-77.922128,263.449341,0,0,3
6/18/2025,3,R-gamma-decalactone,31-May-25,9:34 AM,2025GDL,Stone Valley,40.646675,-77.922128,263.449341,0,2,0
6/18/2025,3,R-gamma-decalactone,31-May-25,9:21 AM,2025GDL,Stone Valley,40.646675,-77.922128,263.449341,0,1,0
6/18/2025,3,R-gamma-decalactone,31-May-25,1:04 PM,2025GDL,Stone Valley,40.646675,-77.922128,263.449341,0,0,0
6/18/2025,3,R-gamma-decalactone,31-May-25,9:22 AM,2025GDL,Stone Valley,40.646675,-77.922128,263.449341,0,1,4
6/18/2025,3,R-gamma-decalactone,31-May-25,9:00 AM,2025GDL,Stone Valley,40.646675,-77.922128,263.449341,0,0,4
6/18/2025,3,R-gamma-decalactone,31-May-25,9:00 AM,2025GDL,Stone Valley,40.646675,-77.922128,263.449341,0,0,2
6/18/2025,3,R-gamma-decalactone,31-May-25,9:00 AM,2025GDL,Stone Valley,40.646675,-77.922128,263.449341,0,0,2
6/18/2025,3,R-gamma-decalactone,31-May-25,10:00 AM,2025GDL,Stone Valley,40.646675,-77.922128,263.449341,0,0,3
6/19/2025,3,R-gamma-decalactone,31-May-25,9:34 AM,2025GDL,Stone Valley,40.646675,-77.922128,263.449341,0,2,0
6/19/2025,3,R-gamma-decalactone,31-May-25,9:21 AM,2025GDL,Stone Valley,40.646675,-77.922128,263.449341,0,1,0
6/19/2025,3,R-gamma-decalactone,31-May-25,1:04 PM,2025GDL,Stone Valley,40.646675,-77.922128,263.449341,0,0,0
6/19/2025,3,R-gamma-decalactone,31-May-25,9:22 AM,2025GDL,Stone Valley,40.646675,-77.922128,263.449341,0,1,4
6/19/2025,3,R-gamma-decalactone,31-May-25,9:00 AM,2025GDL,Stone Valley,40.646675,-77.922128,263.449341,0,0,4
6/19/2025,3,R-gamma-decalactone,31-May-25,9:00 AM,2025GDL,Stone Valley,40.646675,-77.922128,263.449341,0,0,2
6/19/2025,3,R-gamma-decalactone,31-May-25,9:00 AM,2025GDL,Stone Valley,40.646675,-77.922128,263.449341,0,0,2
6/19/2025,3,R-gamma-decalactone,31-May-25,10:00 AM,2025GDL,Stone Valley,40.646675,-77.922128,263.449341,0,0,3
6/20/2025,3,R-gamma-decalactone,31-May-25,9:34 AM,2025GDL,Stone Valley,40.646675,-77.922128,263.449341,0,2,0
6/20/2025,3,R-gamma-decalactone,31-May-25,9:21 AM,2025GDL,Stone Valley,40.646675,-77.922128,263.449341,0,1,0
6/20/2025,3,R-gamma-decalactone,31-May-25,1:04 PM,2025GDL,Stone Valley,40.646675,-77.922128,263.449341,0,0,0
6/20/2025,3,R-gamma-decalactone,31-May-25,9:22 AM,2025GDL,Stone Valley,40.646675,-77.922128,263.449341,0,1,4
6/20/2025,3,R-gamma-decalactone,31-May-25,9:00 AM,2025GDL,Stone Valley,40.646675,-77.922128,263.449341,0,0,4
6/20/2025,3,R-gamma-decalactone,31-May-25,9:00 AM,2025GDL,Stone Valley,40.646675,-77.922128,263.449341,0,0,2
6/20/2025,3,R-gamma-decalactone,31-May-25,9:00 AM,2025GDL,Stone Valley,40.646675,-77.922128,263.449341,0,0,2
6/20/2025,3,R-gamma-decalactone,31-May-25,10:00 AM,2025GDL,Stone Valley,40.646675,-77.922128,263.449341,0,0,3
6/21/2025,3,R-gamma-decalactone,31-May-25,9:34 AM,2025GDL,Stone Valley,40.646675,-77.922128,263.449341,0,2,0
6/21/2025,3,R-gamma-decalactone,31-May-25,9:21 AM,2025GDL,Stone Valley,40.646675,-77.922128,263.449341,0,1,0
6/21/2025,3,R-gamma-decalactone,31-May-25,1:04 PM,2025GDL,Stone Valley,40.646675,-77.922128,263.449341,0,0,0
6/21/2025,3,R-gamma-decalactone,31-May-25,9:22 AM,2025GDL,Stone Valley,40.646675,-77.922128,263.449341,0,1,4
6/21/2025,3,R-gamma-decalactone,31-May-25,9:00 AM,2025GDL,Stone Valley,40.646675,-77.922128,263.449341,0,0,4
6/21/2025,3,R-gamma-decalactone,31-May-25,9:00 AM,2025GDL,Stone Valley,40.646675,-77.922128,263.449341,0,0,2
6/21/2025,3,R-gamma-decalactone,31-May-25,9:00 AM,2025GDL,Stone Valley,40.646675,-77.922128,263.449341,0,0,2
6/21/2025,3,R-gamma-decalactone,31-May-25,10:00 AM,2025GDL,Stone Valley,40.646675,-77.922128,263.449341,0,0,3
6/22/2025,3,R-gamma-decalactone,31-May-25,9:34 AM,2025GDL,Stone Valley,40.646675,-77.922128,263.449341,0,2,0
6/22/2025,3,R-gamma-decalactone,31-May-25,9:21 AM,2025GDL,Stone Valley,40.646675,-77.922128,263.449341,0,1,0
6/22/2025,3,R-gamma-decalactone,31-May-25,1:04 PM,2025GDL,Stone Valley,40.646675,-77.922128,263.449341,0,0,0
6/22/2025,3,R-gamma-decalactone,31-May-25,9:22 AM,2025GDL,Stone Valley,40.646675,-77.922128,263.449341,0,1,4
6/22/2025,3,R-gamma-decalactone,31-May-25,9:00 AM,2025GDL,Stone Valley,40.646675,-77.922128,263.449341,0,0,4
6/22/2025,3,R-gamma-decalactone,31-May-25,9:00 AM,2025GDL,Stone Valley,40.646675,-77.922128,263.449341,0,0,2
6/22/2025,3,R-gamma-decalactone,31-May-25,9:00 AM,2025GDL,Stone Valley,40.646675,-77.922128,263.449341,0,0,2
6/22/2025,3,R-gamma-decalactone,31-May-25,10:00 AM,2025GDL,Stone Valley,40.646675,-77.922128,263.449341,0,0,3
6/23/2025,3,R-gamma-decalactone,31-May-25,9:34 AM,2025GDL,Stone Valley,40.646675,-77.922128,263.449341,0,2,0
6/23/2025,3,R-gamma-decalactone,31-May-25,9:21 AM,2025GDL,Stone Valley,40.646675,-77.922128,263.449341,0,1,0
6/23/2025,3,R-gamma-decalactone,31-May-25,1:04 PM,2025GDL,Stone Valley,40.646675,-77.922128,263.449341,0,0,0
6/23/2025,3,R-gamma-decalactone,31-May-25,9:22 AM,2025GDL,Stone Valley,40.646675,-77.922128,263.449341,0,1,4
6/23/2025,3,R-gamma-decalactone,31-May-25,9:00 AM,2025GDL,Stone Valley,40.646675,-77.922128,263.449341,0,0,4
6/23/2025,3,R-gamma-decalactone,31-May-25,9:00 AM,2025GDL,Stone Valley,40.646675,-77.922128,263.449341,0,0,2
6/23/2025,3,R-gamma-decalactone,31-May-25,9:00 AM,2025GDL,Stone Valley,40.646675,-77.922128,263.449341,0,0,2
6/23/2025,3,R-gamma-decalactone,31-May-25,10:00 AM,2025GDL,Stone Valley,40.646675,-77.922128,263.449341,0,0,3
6/24/2025,3,R-gamma-decalactone,31-May-25,9:34 AM,2025GDL,Stone Valley,40.646675,-77.922128,263.449341,0,2,0
6/24/2025,3,R-gamma-decalactone,31-May-25,9:21 AM,2025GDL,Stone Valley,40.646675,-77.922128,263.449341,0,1,0
6/24/2025,3,R-gamma-decalactone,31-May-25,1:04 PM,2025GDL,Stone Valley,40.646675,-77.922128,263.449341,0,0,0
6/24/2025,3,R-gamma-decalactone,31-May-25,9:22 AM,2025GDL,Stone Valley,40.646675,-77.922128,263.449341,0,1,4
6/24/2025,3,R-gamma-decalactone,31-May-25,9:00 AM,2025GDL,Stone Valley,40.646675,-77.922128,263.449341,0,0,4
6/24/2025,3,R-gamma-decalactone,31-May-25,9:00 AM,2025GDL,Stone Valley,40.646675,-77.922128,263.449341,0,0,2
6/24/2025,3,R-gamma-decalactone,31-May-25,9:00 AM,2025GDL,Stone Valley,40.646675,-77.922128,263.449341,0,0,2
6/24/2025,3,R-gamma-decalactone,31-May-25,10:00 AM,2025GDL,Stone Valley,40.646675,-77.922128,263.449341,0,0,3
6/25/2025,3,R-gamma-decalactone,31-May-25,9:34 AM,2025GDL,Stone Valley,40.646675,-77.922128,263.449341,0,2,0
6/25/2025,3,R-gamma-decalactone,31-May-25,9:21 AM,2025GDL,Stone Valley,40.646675,-77.922128,263.449341,0,1,0
6/25/2025,3,R-gamma-decalactone,31-May-25,1:04 PM,2025GDL,Stone Valley,40.646675,-77.922128,263.449341,0,0,0
6/25/2025,3,R-gamma-decalactone,31-May-25,9:22 AM,2025GDL,Stone Valley,40.646675,-77.922128,263.449341,0,1,4
6/25/2025,3,R-gamma-decalactone,31-May-25,9:00 AM,2025GDL,Stone Valley,40.646675,-77.922128,263.449341,0,0,4
6/25/2025,3,R-gamma-decalactone,31-May-25,9:00 AM,2025GDL,Stone Valley,40.646675,-77.922128,263.449341,0,0,2
6/25/2025,3,R-gamma-decalactone,31-May-25,9:00 AM,2025GDL,Stone Valley,40.646675,-77.922128,263.449341,0,0,2
6/25/2025,3,R-gamma-decalactone,31-May-25,10:00 AM,2025GDL,Stone Valley,40.646675,-77.922128,263.449341,0,0,3
6/26/2025,3,R-gamma-decalactone,31-May-25,9:34 AM,2025GDL,Stone Valley,40.646675,-77.922128,263.449341,0,2,0
6/26/2025,3,R-gamma-decalactone,31-May-25,9:21 AM,2025GDL,Stone Valley,40.646675,-77.922128,263.449341,0,1,0
6/26/2025,3,R-gamma-decalactone,31-May-25,1:04 PM,2025GDL,Stone Valley,40.646675,-77.922128,263.449341,0,0,0
6/26/2025,3,R-gamma-decalactone,31-May-25,9:22 AM,2025GDL,Stone Valley,40.646675,-77.922128,263.449341,0,1,4
6/26/2025,3,R-gamma-decalactone,31-May-25,9:00 AM,2025GDL,Stone Valley,40.646675,-77.922128,263.449341,0,0,4
6/26/2025,3,R-gamma-decalactone,31-May-25,9:00 AM,2025GDL,Stone Valley,40.646675,-77.922128,263.449341,0,0,2
6/26/2025,3,R-gamma-decalactone,31-May-25,9:00 AM,2025GDL,Stone Valley,40.646675,-77.922128,263.449341,0,0,2
6/26/2025,3,R-gamma-decalactone,31-May-25,10:00 AM,2025GDL,Stone Valley,40.646675,-77.922128,263.449341,0,0,3
6/27/2025,3,R-gamma-decalactone,31-May-25,9:34 AM,2025GDL,Stone Valley,40.646675,-77.922128,263.449341,0,2,0
6/27/2025,3,R-gamma-decalactone,31-May-25,9:21 AM,2025GDL,Stone Valley,40.646675,-77.922128,263.449341,0,1,0
6/27/2025,3,R-gamma-decalactone,31-May-25,1:04 PM,2025GDL,Stone Valley,40.646675,-77.922128,263.449341,0,0,0
6/27/2025,3,R-gamma-decalactone,31-May-25,9:22 AM,2025GDL,Stone Valley,40.646675,-77.922128,263.449341,0,1,4
6/27/2025,3,R-gamma-decalactone,31-May-25,9:00 AM,2025GDL,Stone Valley,40.646675,-77.922128,263.449341,0,0,4
6/27/2025,3,R-gamma-decalactone,31-May-25,9:00 AM,2025GDL,Stone Valley,40.646675,-77.922128,263.449341,0,0,2
6/27/2025,3,R-gamma-decalactone,31-May-25,9:00 AM,2025GDL,Stone Valley,40.646675,-77.922128,263.449341,0,0,2
6/27/2025,3,R-gamma-decalactone,31-May-25,10:00 AM,2025GDL,Stone Valley,40.646675,-77.922128,263.449341,0,0,3
6/28/2025,3,R-gamma-decalactone,31-May-25,9:34 AM,2025GDL,Stone Valley,40.646675,-77.922128,263.449341,0,2,0
6/28/2025,3,R-gamma-decalactone,31-May-25,9:21 AM,2025GDL,Stone Valley,40.646675,-77.922128,263.449341,0,1,0
6/28/2025,3,R-gamma-decalactone,31-May-25,1:04 PM,2025GDL,Stone Valley,40.646675,-77.922128,263.449341,0,0,0
6/28/2025,3,R-gamma-decalactone,31-May-25,9:22 AM,2025GDL,Stone Valley,40.646675,-77.922128,263.449341,0,1,4
6/28/2025,3,R-gamma-decalactone,31-May-25,9:00 AM,2025GDL,Stone Valley,40.646675,-77.922128,263.449341,0,0,4
6/28/2025,3,R-gamma-decalactone,31-May-25,9:00 AM,2025GDL,Stone Valley,40.646675,-77.922128,263.449341,0,0,2
6/28/2025,3,R-gamma-decalactone,31-May-25,9:00 AM,2025GDL,Stone Valley,40.646675,-77.922128,263.449341,0,0,2
6/28/2025,3,R-gamma-decalactone,31-May-25,10:00 AM,2025GDL,Stone Valley,40.646675,-77.922128,263.449341,0,0,3
6/29/2025,3,R-gamma-decalactone,31-May-25,9:34 AM,2025GDL,Stone Valley,40.646675,-77.922128,263.449341,0,2,0
6/29/2025,3,R-gamma-decalactone,31-May-25,9:21 AM,2025GDL,Stone Valley,40.646675,-77.922128,263.449341,0,1,0
6/29/2025,3,R-gamma-decalactone,31-May-25,1:04 PM,2025GDL,Stone Valley,40.646675,-77.922128,263.449341,0,0,0
6/29/2025,3,R-gamma-decalactone,31-May-25,9:22 AM,2025GDL,Stone Valley,40.646675,-77.922128,263.449341,0,1,4
6/29/2025,3,R-gamma-decalactone,31-May-25,9:00 AM,2025GDL,Stone Valley,40.646675,-77.922128,263.449341,0,0,4
6/29/2025,3,R-gamma-decalactone,31-May-25,9:00 AM,2025GDL,Stone Valley,40.646675,-77.922128,263.449341,0,0,2
6/29/2025,3,R-gamma-decalactone,31-May-25,9:00 AM,2025GDL,Stone Valley,40.646675,-77.922128,263.449341,0,0,2
6/29/2025,3,R-gamma-decalactone,31-May-25,10:00 AM,2025GDL,Stone Valley,40.646675,-77.922128,263.449341,0,0,3
6/30/2025,3,R-gamma-decalactone,31-May-25,9:34 AM,2025GDL,Stone Valley,40.646675,-77.922128,263.449341,0,2,0
6/30/2025,3,R-gamma-decalactone,31-May-25,9:21 AM,2025GDL,Stone Valley,40.646675,-77.922128,263.449341,0,1,0
6/30/2025,3,R-gamma-decalactone,31-May-25,1:04 PM,2025GDL,Stone Valley,40.646675,-77.922128,263.449341,0,0,0
6/30/2025,3,R-gamma-decalactone,31-May-25,9:22 AM,2025GDL,Stone Valley,40.646675,-77.922128,263.449341,0,1,4
6/30/2025,3,R-gamma-decalactone,31-May-25,9:00 AM,2025GDL,Stone Valley,40.646675,-77.922128,263.449341,0,0,4
6/30/2025,3,R-gamma-decalactone,31-May-25,9:00 AM,2025GDL,Stone Valley,40.646675,-77.922128,263.449341,0,0,2
6/30/2025,3,R-gamma-decalactone,31-May-25,9:00 AM,2025GDL,Stone Valley,40.646675,-77.922128,263.449341,0,0,2
6/30/2025,3,R-gamma-decalactone,31-May-25,10:00 AM,2025GDL,Stone Valley,40.646675,-77.922128,263.449341,0,0,3
7/1/2025,3,R-gamma-decalactone,31-May-25,9:34 AM,2025GDL,Stone Valley,40.646675,-77.922128,263.449341,0,2,0
7/1/2025,3,R-gamma-decalactone,31-May-25,9:21 AM,2025GDL,Stone Valley,40.646675,-77.922128,263.449341,0,1,0
7/1/2025,3,R-gamma-decalactone,31-May-25,1:04 PM,2025GDL,Stone Valley,40.646675,-77.922128,263.449341,0,0,0
7/1/2025,3,R-gamma-decalactone,31-May-25,9:22 AM,2025GDL,Stone Valley,40.646675,-77.922128,263.449341,0,1,4
7/1/2025,3,R-gamma-decalactone,31-May-25,9:00 AM,2025GDL,Stone Valley,40.646675,-77.922128,263.449341,0,0,4
7/1/2025,3,R-gamma-decalactone,31-May-25,9:00 AM,2025GDL,Stone Valley,40.646675,-77.922128,263.449341,0,0,2
7/1/2025,3,R-gamma-decalactone,31-May-25,9:00 AM,2025GDL,Stone Valley,40.646675,-77.922128,263.449341,0,0,2
7/1/2025,3,R-gamma-decalactone,31-May-25,10:00 AM,2025GDL,Stone Valley,40.646675,-77.922128,263.449341,0,0,3
7/2/2025,3,R-gamma-decalactone,31-May-25,9:34 AM,2025GDL,Stone Valley,40.646675,-77.922128,263.449341,0,2,0
7/2/2025,3,R-gamma-decalactone,31-May-25,9:21 AM,2025GDL,Stone Valley,40.646675,-77.922128,263.449341,0,1,0
7/2/2025,3,R-gamma-decalactone,31-May-25,1:04 PM,2025GDL,Stone Valley,40.646675,-77.922128,263.449341,0,0,0
7/2/2025,3,R-gamma-decalactone,31-May-25,9:22 AM,2025GDL,Stone Valley,40.646675,-77.922128,263.449341,0,1,4
7/2/2025,3,R-gamma-decalactone,31-May-25,9:00 AM,2025GDL,Stone Valley,40.646675,-77.922128,263.449341,0,0,4
7/2/2025,3,R-gamma-decalactone,31-May-25,9:00 AM,2025GDL,Stone Valley,40.646675,-77.922128,263.449341,0,0,2
7/2/2025,3,R-gamma-decalactone,31-May-25,9:00 AM,2025GDL,Stone Valley,40.646675,-77.922128,263.449341,0,0,2
7/2/2025,3,R-gamma-decalactone,31-May-25,10:00 AM,2025GDL,Stone Valley,40.646675,-77.922128,263.449341,0,0,3
7/3/2025,3,R-gamma-decalactone,31-May-25,9:34 AM,2025GDL,Stone Valley,40.646675,-77.922128,263.449341,0,2,0
7/3/2025,3,R-gamma-decalactone,31-May-25,9:21 AM,2025GDL,Stone Valley,40.646675,-77.922128,263.449341,0,1,0
7/3/2025,3,R-gamma-decalactone,31-May-25,1:04 PM,2025GDL,Stone Valley,40.646675,-77.922128,263.449341,0,0,0
7/3/2025,3,R-gamma-decalactone,31-May-25,9:22 AM,2025GDL,Stone Valley,40.646675,-77.922128,263.449341,0,1,4
7/3/2025,3,R-gamma-decalactone,31-May-25,9:00 AM,2025GDL,Stone Valley,40.646675,-77.922128,263.449341,0,0,4
7/3/2025,3,R-gamma-decalactone,31-May-25,9:00 AM,2025GDL,Stone Valley,40.646675,-77.922128,263.449341,0,0,2
7/3/2025,3,R-gamma-decalactone,31-May-25,9:00 AM,2025GDL,Stone Valley,40.646675,-77.922128,263.449341,0,0,2
7/3/2025,3,R-gamma-decalactone,31-May-25,10:00 AM,2025GDL,Stone Valley,40.646675,-77.922128,263.449341,0,0,3
7/4/2025,3,R-gamma-decalactone,31-May-25,9:34 AM,2025GDL,Stone Valley,40.646675,-77.922128,263.449341,0,2,0
7/4/2025,3,R-gamma-decalactone,31-May-25,9:21 AM,2025GDL,Stone Valley,40.646675,-77.922128,263.449341,0,1,0
7/4/2025,3,R-gamma-decalactone,31-May-25,1:04 PM,2025GDL,Stone Valley,40.646675,-77.922128,263.449341,0,0,0
7/4/2025,3,R-gamma-decalactone,31-May-25,9:22 AM,2025GDL,Stone Valley,40.646675,-77.922128,263.449341,0,1,4
7/4/2025,3,R-gamma-decalactone,31-May-25,9:00 AM,2025GDL,Stone Valley,40.646675,-77.922128,263.449341,0,0,4
7/4/2025,3,R-gamma-decalactone,31-May-25,9:00 AM,2025GDL,Stone Valley,40.646675,-77.922128,263.449341,0,0,2
7/4/2025,3,R-gamma-decalactone,31-May-25,9:00 AM,2025GDL,Stone Valley,40.646675,-77.922128,263.449341,0,0,2
7/4/2025,3,R-gamma-decalactone,31-May-25,10:00 AM,2025GDL,Stone Valley,40.646675,-77.922128,263.449341,0,0,3
7/5/2025,3,R-gamma-decalactone,31-May-25,9:34 AM,2025GDL,Stone Valley,40.646675,-77.922128,263.449341,0,2,0
7/5/2025,3,R-gamma-decalactone,31-May-25,9:21 AM,2025GDL,Stone Valley,40.646675,-77.922128,263.449341,0,1,0
7/5/2025,3,R-gamma-decalactone,31-May-25,1:04 PM,2025GDL,Stone Valley,40.646675,-77.922128,263.449341,0,0,0
7/5/2025,3,R-gamma-decalactone,31-May-25,9:22 AM,2025GDL,Stone Valley,40.646675,-77.922128,263.449341,0,1,4
7/5/2025,3,R-gamma-decalactone,31-May-25,9:00 AM,2025GDL,Stone Valley,40.646675,-77.922128,263.449341,0,0,4
7/5/2025,3,R-gamma-decalactone,31-May-25,9:00 AM,2025GDL,Stone Valley,40.646675,-77.922128,263.449341,0,0,2
7/5/2025,3,R-gamma-decalactone,31-May-25,9:00 AM,2025GDL,Stone Valley,40.646675,-77.922128,263.449341,0,0,2
7/5/2025,3,R-gamma-decalactone,31-May-25,10:00 AM,2025GDL,Stone Valley,40.646675,-77.922128,263.449341,0,0,3
7/6/2025,3,R-gamma-decalactone,31-May-25,9:34 AM,2025GDL,Stone Valley,40.646675,-77.922128,263.449341,0,2,0
7/6/2025,3,R-gamma-decalactone,31-May-25,9:21 AM,2025GDL,Stone Valley,40.646675,-77.922128,263.449341,0,1,0
7/6/2025,3,R-gamma-decalactone,31-May-25,1:04 PM,2025GDL,Stone Valley,40.646675,-77.922128,263.449341,0,0,0
7/6/2025,3,R-gamma-decalactone,31-May-25,9:22 AM,2025GDL,Stone Valley,40.646675,-77.922128,263.449341,0,1,4
7/6/2025,3,R-gamma-decalactone,31-May-25,9:00 AM,2025GDL,Stone Valley,40.646675,-77.922128,263.449341,0,0,4
7/6/2025,3,R-gamma-decalactone,31-May-25,9:00 AM,2025GDL,Stone Valley,40.646675,-77.922128,263.449341,0,0,2
7/6/2025,3,R-gamma-decalactone,31-May-25,9:00 AM,2025GDL,Stone Valley,40.646675,-77.922128,263.449341,0,0,2
7/6/2025,3,R-gamma-decalactone,31-May-25,10:00 AM,2025GDL,Stone Valley,40.646675,-77.922128,263.449341,0,0,3
7/7/2025,3,R-gamma-decalactone,31-May-25,9:34 AM,2025GDL,Stone Valley,40.646675,-77.922128,263.449341,0,2,0
7/7/2025,3,R-gamma-decalactone,31-May-25,9:21 AM,2025GDL,Stone Valley,40.646675,-77.922128,263.449341,0,1,0
7/7/2025,3,R-gamma-decalactone,31-May-25,1:04 PM,2025GDL,Stone Valley,40.646675,-77.922128,263.449341,0,0,0
7/7/2025,3,R-gamma-decalactone,31-May-25,9:22 AM,2025GDL,Stone Valley,40.646675,-77.922128,263.449341,0,1,4
7/7/2025,3,R-gamma-decalactone,31-May-25,9:00 AM,2025GDL,Stone Valley,40.646675,-77.922128,263.449341,0,0,4
7/7/2025,3,R-gamma-decalactone,31-May-25,9:00 AM,2025GDL,Stone Valley,40.646675,-77.922128,263.449341,0,0,2
7/7/2025,3,R-gamma-decalactone,31-May-25,9:00 AM,2025GDL,Stone Valley,40.646675,-77.922128,263.449341,0,0,2
7/7/2025,3,R-gamma-decalactone,31-May-25,10:00 AM,2025GDL,Stone Valley,40.646675,-77.922128,263.449341,0,0,3
7/8/2025,3,R-gamma-decalactone,31-May-25,9:34 AM,2025GDL,Stone Valley,40.646675,-77.922128,263.449341,0,2,0
7/8/2025,3,R-gamma-decalactone,31-May-25,9:21 AM,2025GDL,Stone Valley,40.646675,-77.922128,263.449341,0,1,0
7/8/2025,3,R-gamma-decalactone,31-May-25,1:04 PM,2025GDL,Stone Valley,40.646675,-77.922128,263.449341,0,0,0
7/8/2025,3,R-gamma-decalactone,31-May-25,9:22 AM,2025GDL,Stone Valley,40.646675,-77.922128,263.449341,0,1,4
7/8/2025,3,R-gamma-decalactone,31-May-25,9:00 AM,2025GDL,Stone Valley,40.646675,-77.922128,263.449341,0,0,4
7/8/2025,3,R-gamma-decalactone,31-May-25,9:00 AM,2025GDL,Stone Valley,40.646675,-77.922128,263.449341,0,0,2
7/8/2025,3,R-gamma-decalactone,31-May-25,9:00 AM,2025GDL,Stone Valley,40.646675,-77.922128,263.449341,0,0,2
7/8/2025,3,R-gamma-decalactone,31-May-25,10:00 AM,2025GDL,Stone Valley,40.646675,-77.922128,263.449341,0,0,3
7/9/2025,3,R-gamma-decalactone,31-May-25,9:34 AM,2025GDL,Stone Valley,40.646675,-77.922128,263.449341,0,2,0
7/9/2025,3,R-gamma-decalactone,31-May-25,9:21 AM,2025GDL,Stone Valley,40.646675,-77.922128,263.449341,0,1,0
7/9/2025,3,R-gamma-decalactone,31-May-25,1:04 PM,2025GDL,Stone Valley,40.646675,-77.922128,263.449341,0,0,0
7/9/2025,3,R-gamma-decalactone,31-May-25,9:22 AM,2025GDL,Stone Valley,40.646675,-77.922128,263.449341,0,1,4
7/9/2025,3,R-gamma-decalactone,31-May-25,9:00 AM,2025GDL,Stone Valley,40.646675,-77.922128,263.449341,0,0,4
7/9/2025,3,R-gamma-decalactone,31-May-25,9:00 AM,2025GDL,Stone Valley,40.646675,-77.922128,263.449341,0,0,2
7/9/2025,3,R-gamma-decalactone,31-May-25,9:00 AM,2025GDL,Stone Valley,40.646675,-77.922128,263.449341,0,0,2
7/9/2025,3,R-gamma-decalactone,31-May-25,10:00 AM,2025GDL,Stone Valley,40.646675,-77.922128,263.449341,0,0,3
7/10/2025,3,R-gamma-decalactone,31-May-25,9:34 AM,2025GDL,Stone Valley,40.646675,-77.922128,263.449341,0,2,0
7/10/2025,3,R-gamma-decalactone,31-May-25,9:21 AM,2025GDL,Stone Valley,40.646675,-77.922128,263.449341,0,1,0
7/10/2025,3,R-gamma-decalactone,31-May-25,1:04 PM,2025GDL,Stone Valley,40.646675,-77.922128,263.449341,0,0,0
7/10/2025,3,R-gamma-decalactone,31-May-25,9:22 AM,2025GDL,Stone Valley,40.646675,-77.922128,263.449341,0,1,4
7/10/2025,3,R-gamma-decalactone,31-May-25,9:00 AM,2025GDL,Stone Valley,40.646675,-77.922128,263.449341,0,0,4
7/10/2025,3,R-gamma-decalactone,31-May-25,9:00 AM,2025GDL,Stone Valley,40.646675,-77.922128,263.449341,0,0,2
7/10/2025,3,R-gamma-decalactone,31-May-25,9:00 AM,2025GDL,Stone Valley,40.646675,-77.922128,263.449341,0,0,2
7/10/2025,3,R-gamma-decalactone,31-May-25,10:00 AM,2025GDL,Stone Valley,40.646675,-77.922128,263.449341,0,0,3
7/11/2025,3,R-gamma-decalactone,31-May-25,9:34 AM,2025GDL,Stone Valley,40.646675,-77.922128,263.449341,0,2,0
7/11/2025,3,R-gamma-decalactone,31-May-25,9:21 AM,2025GDL,Stone Valley,40.646675,-77.922128,263.449341,0,1,0
7/11/2025,3,R-gamma-decalactone,31-May-25,1:04 PM,2025GDL,Stone Valley,40.646675,-77.922128,263.449341,0,0,0
7/11/2025,3,R-gamma-decalactone,31-May-25,9:22 AM,2025GDL,Stone Valley,40.646675,-77.922128,263.449341,0,1,4
7/11/2025,3,R-gamma-decalactone,31-May-25,9:00 AM,2025GDL,Stone Valley,40.646675,-77.922128,263.449341,0,0,4
7/11/2025,3,R-gamma-decalactone,31-May-25,9:00 AM,2025GDL,Stone Valley,40.646675,-77.922128,263.449341,0,0,2
7/11/2025,3,R-gamma-decalactone,31-May-25,9:00 AM,2025GDL,Stone Valley,40.646675,-77.922128,263.449341,0,0,2
7/11/2025,3,R-gamma-decalactone,31-May-25,10:00 AM,2025GDL,Stone Valley,40.646675,-77.922128,263.449341,0,0,3
7/12/2025,3,R-gamma-decalactone,31-May-25,9:34 AM,2025GDL,Stone Valley,40.646675,-77.922128,263.449341,0,2,0
7/12/2025,3,R-gamma-decalactone,31-May-25,9:21 AM,2025GDL,Stone Valley,40.646675,-77.922128,263.449341,0,1,0
7/12/2025,3,R-gamma-decalactone,31-May-25,1:04 PM,2025GDL,Stone Valley,40.646675,-77.922128,263.449341,0,0,0
7/12/2025,3,R-gamma-decalactone,31-May-25,9:22 AM,2025GDL,Stone Valley,40.646675,-77.922128,263.449341,0,1,4
7/12/2025,3,R-gamma-decalactone,31-May-25,9:00 AM,2025GDL,Stone Valley,40.646675,-77.922128,263.449341,0,0,4
7/12/2025,3,R-gamma-decalactone,31-May-25,9:00 AM,2025GDL,Stone Valley,40.646675,-77.922128,263.449341,0,0,2
7/12/2025,3,R-gamma-decalactone,31-May-25,9:00 AM,2025GDL,Stone Valley,40.646675,-77.922128,263.449341,0,0,2
7/12/2025,3,R-gamma-decalactone,31-May-25,10:00 AM,2025GDL,Stone Valley,40.646675,-77.922128,263.449341,0,0,3
7/13/2025,3,R-gamma-decalactone,31-May-25,9:34 AM,2025GDL,Stone Valley,40.646675,-77.922128,263.449341,0,2,0
7/13/2025,3,R-gamma-decalactone,31-May-25,9:21 AM,2025GDL,Stone Valley,40.646675,-77.922128,263.449341,0,1,0
7/13/2025,3,R-gamma-decalactone,31-May-25,1:04 PM,2025GDL,Stone Valley,40.646675,-77.922128,263.449341,0,0,0
7/13/2025,3,R-gamma-decalactone,31-May-25,9:22 AM,2025GDL,Stone Valley,40.646675,-77.922128,263.449341,0,1,4
7/13/2025,3,R-gamma-decalactone,31-May-25,9:00 AM,2025GDL,Stone Valley,40.646675,-77.922128,263.449341,0,0,4
7/13/2025,3,R-gamma-decalactone,31-May-25,9:00 AM,2025GDL,Stone Valley,40.646675,-77.922128,263.449341,0,0,2
7/13/2025,3,R-gamma-decalactone,31-May-25,9:00 AM,2025GDL,Stone Valley,40.646675,-77.922128,263.449341,0,0,2
7/13/2025,3,R-gamma-decalactone,31-May-25,10:00 AM,2025GDL,Stone Valley,40.646675,-77.922128,263.449341,0,0,3
7/14/2025,3,R-gamma-decalactone,31-May-25,9:34 AM,2025GDL,Stone Valley,40.646675,-77.922128,263.449341,0,2,0
7/14/2025,3,R-gamma-decalactone,31-May-25,9:21 AM,2025GDL,Stone Valley,40.646675,-77.922128,263.449341,0,1,0
7/14/2025,3,R-gamma-decalactone,31-May-25,1:04 PM,2025GDL,Stone Valley,40.646675,-77.922128,263.449341,0,0,0
7/14/2025,3,R-gamma-decalactone,31-May-25,9:22 AM,2025GDL,Stone Valley,40.646675,-77.922128,263.449341,0,1,4
7/14/2025,3,R-gamma-decalactone,31-May-25,9:00 AM,2025GDL,Stone Valley,40.646675,-77.922128,263.449341,0,0,4
7/14/2025,3,R-gamma-decalactone,31-May-25,9:00 AM,2025GDL,Stone Valley,40.646675,-77.922128,263.449341,0,0,2
7/14/2025,3,R-gamma-decalactone,31-May-25,9:00 AM,2025GDL,Stone Valley,40.646675,-77.922128,263.449341,0,0,2
7/14/2025,3,R-gamma-decalactone,31-May-25,10:00 AM,2025GDL,Stone Valley,40.646675,-77.922128,263.449341,0,0,3
7/15/2025,3,R-gamma-decalactone,31-May-25,9:34 AM,2025GDL,Stone Valley,40.646675,-77.922128,263.449341,0,2,0
7/15/2025,3,R-gamma-decalactone,31-May-25,9:21 AM,2025GDL,Stone Valley,40.646675,-77.922128,263.449341,0,1,0
7/15/2025,3,R-gamma-decalactone,31-May-25,1:04 PM,2025GDL,Stone Valley,40.646675,-77.922128,263.449341,0,0,0
7/15/2025,3,R-gamma-decalactone,31-May-25,9:22 AM,2025GDL,Stone Valley,40.646675,-77.922128,263.449341,0,1,4
7/15/2025,3,R-gamma-decalactone,31-May-25,9:00 AM,2025GDL,Stone Valley,40.646675,-77.922128,263.449341,0,0,4
7/15/2025,3,R-gamma-decalactone,31-May-25,9:00 AM,2025GDL,Stone Valley,40.646675,-77.922128,263.449341,0,0,2
7/15/2025,3,R-gamma-decalactone,31-May-25,9:00 AM,2025GDL,Stone Valley,40.646675,-77.922128,263.449341,0,0,2
7/15/2025,3,R-gamma-decalactone,31-May-25,10:00 AM,2025GDL,Stone Valley,40.646675,-77.922128,263.449341,0,0,3
7/16/2025,3,R-gamma-decalactone,31-May-25,9:34 AM,2025GDL,Stone Valley,40.646675,-77.922128,263.449341,0,2,0
7/16/2025,3,R-gamma-decalactone,31-May-25,9:21 AM,2025GDL,Stone Valley,40.646675,-77.922128,263.449341,0,1,0
7/16/2025,3,R-gamma-decalactone,31-May-25,1:04 PM,2025GDL,Stone Valley,40.646675,-77.922128,263.449341,0,0,0
7/16/2025,3,R-gamma-decalactone,31-May-25,9:22 AM,2025GDL,Stone Valley,40.646675,-77.922128,263.449341,0,1,4
7/16/2025,3,R-gamma-decalactone,31-May-25,9:00 AM,2025GDL,Stone Valley,40.646675,-77.922128,263.449341,0,0,4
7/16/2025,3,R-gamma-decalactone,31-May-25,9:00 AM,2025GDL,Stone Valley,40.646675,-77.922128,263.449341,0,0,2
7/16/2025,3,R-gamma-decalactone,31-May-25,9:00 AM,2025GDL,Stone Valley,40.646675,-77.922128,263.449341,0,0,2
7/16/2025,3,R-gamma-decalactone,31-May-25,10:00 AM,2025GDL,Stone Valley,40.646675,-77.922128,263.449341,0,0,3
7/17/2025,3,R-gamma-decalactone,31-May-25,9:34 AM,2025GDL,Stone Valley,40.646675,-77.922128,263.449341,0,2,0
7/17/2025,3,R-gamma-decalactone,31-May-25,9:21 AM,2025GDL,Stone Valley,40.646675,-77.922128,263.449341,0,1,0
7/17/2025,3,R-gamma-decalactone,31-May-25,1:04 PM,2025GDL,Stone Valley,40.646675,-77.922128,263.449341,0,0,0
7/17/2025,3,R-gamma-decalactone,31-May-25,9:22 AM,2025GDL,Stone Valley,40.646675,-77.922128,263.449341,0,1,4
7/17/2025,3,R-gamma-decalactone,31-May-25,9:00 AM,2025GDL,Stone Valley,40.646675,-77.922128,263.449341,0,0,4
7/17/2025,3,R-gamma-decalactone,31-May-25,9:00 AM,2025GDL,Stone Valley,40.646675,-77.922128,263.449341,0,0,2
7/17/2025,3,R-gamma-decalactone,31-May-25,9:00 AM,2025GDL,Stone Valley,40.646675,-77.922128,263.449341,0,0,2
7/17/2025,3,R-gamma-decalactone,31-May-25,10:00 AM,2025GDL,Stone Valley,40.646675,-77.922128,263.449341,0,0,3
7/18/2025,3,R-gamma-decalactone,31-May-25,9:34 AM,2025GDL,Stone Valley,40.646675,-77.922128,263.449341,0,2,0
7/18/2025,3,R-gamma-decalactone,31-May-25,9:21 AM,2025GDL,Stone Valley,40.646675,-77.922128,263.449341,0,1,0
7/18/2025,3,R-gamma-decalactone,31-May-25,1:04 PM,2025GDL,Stone Valley,40.646675,-77.922128,263.449341,0,0,0
7/18/2025,3,R-gamma-decalactone,31-May-25,9:22 AM,2025GDL,Stone Valley,40.646675,-77.922128,263.449341,0,1,4
7/18/2025,3,R-gamma-decalactone,31-May-25,9:00 AM,2025GDL,Stone Valley,40.646675,-77.922128,263.449341,0,0,4
7/18/2025,3,R-gamma-decalactone,31-May-25,9:00 AM,2025GDL,Stone Valley,40.646675,-77.922128,263.449341,0,0,2
7/18/2025,3,R-gamma-decalactone,31-May-25,9:00 AM,2025GDL,Stone Valley,40.646675,-77.922128,263.449341,0,0,2
7/18/2025,3,R-gamma-decalactone,31-May-25,10:00 AM,2025GDL,Stone Valley,40.646675,-77.922128,263.449341,0,0,3
7/19/2025,3,R-gamma-decalactone,31-May-25,9:34 AM,2025GDL,Stone Valley,40.646675,-77.922128,263.449341,0,2,0
7/19/2025,3,R-gamma-decalactone,31-May-25,9:21 AM,2025GDL,Stone Valley,40.646675,-77.922128,263.449341,0,1,0
7/19/2025,3,R-gamma-decalactone,31-May-25,1:04 PM,2025GDL,Stone Valley,40.646675,-77.922128,263.449341,0,0,0
7/19/2025,3,R-gamma-decalactone,31-May-25,9:22 AM,2025GDL,Stone Valley,40.646675,-77.922128,263.449341,0,1,4
7/19/2025,3,R-gamma-decalactone,31-May-25,9:00 AM,2025GDL,Stone Valley,40.646675,-77.922128,263.449341,0,0,4
7/19/2025,3,R-gamma-decalactone,31-May-25,9:00 AM,2025GDL,Stone Valley,40.646675,-77.922128,263.449341,0,0,2
7/19/2025,3,R-gamma-decalactone,31-May-25,9:00 AM,2025GDL,Stone Valley,40.646675,-77.922128,263.449341,0,0,2
7/19/2025,3,R-gamma-decalactone,31-May-25,10:00 AM,2025GDL,Stone Valley,40.646675,-77.922128,263.449341,0,0,3
7/20/2025,3,R-gamma-decalactone,31-May-25,9:34 AM,2025GDL,Stone Valley,40.646675,-77.922128,263.449341,0,2,0
7/20/2025,3,R-gamma-decalactone,31-May-25,9:21 AM,2025GDL,Stone Valley,40.646675,-77.922128,263.449341,0,1,0
7/20/2025,3,R-gamma-decalactone,31-May-25,1:04 PM,2025GDL,Stone Valley,40.646675,-77.922128,263.449341,0,0,0
7/20/2025,3,R-gamma-decalactone,31-May-25,9:22 AM,2025GDL,Stone Valley,40.646675,-77.922128,263.449341,0,1,4
7/20/2025,3,R-gamma-decalactone,31-May-25,9:00 AM,2025GDL,Stone Valley,40.646675,-77.922128,263.449341,0,0,4
7/20/2025,3,R-gamma-decalactone,31-May-25,9:00 AM,2025GDL,Stone Valley,40.646675,-77.922128,263.449341,0,0,2
7/20/2025,3,R-gamma-decalactone,31-May-25,9:00 AM,2025GDL,Stone Valley,40.646675,-77.922128,263.449341,0,0,2
7/20/2025,3,R-gamma-decalactone,31-May-25,10:00 AM,2025GDL,Stone Valley,40.646675,-77.922128,263.449341,0,0,3
7/21/2025,3,R-gamma-decalactone,31-May-25,9:34 AM,2025GDL,Stone Valley,40.646675,-77.922128,263.449341,0,2,0
7/21/2025,3,R-gamma-decalactone,31-May-25,9:21 AM,2025GDL,Stone Valley,40.646675,-77.922128,263.449341,0,1,0
7/21/2025,3,R-gamma-decalactone,31-May-25,1:04 PM,2025GDL,Stone Valley,40.646675,-77.922128,263.449341,0,0,0
7/21/2025,3,R-gamma-decalactone,31-May-25,9:22 AM,2025GDL,Stone Valley,40.646675,-77.922128,263.449341,0,1,4
7/21/2025,3,R-gamma-decalactone,31-May-25,9:00 AM,2025GDL,Stone Valley,40.646675,-77.922128,263.449341,0,0,4
7/21/2025,3,R-gamma-decalactone,31-May-25,9:00 AM,2025GDL,Stone Valley,40.646675,-77.922128,263.449341,0,0,2
7/21/2025,3,R-gamma-decalactone,31-May-25,9:00 AM,2025GDL,Stone Valley,40.646675,-77.922128,263.449341,0,0,2
7/21/2025,3,R-gamma-decalactone,31-May-25,10:00 AM,2025GDL,Stone Valley,40.646675,-77.922128,263.449341,0,0,3
7/22/2025,3,R-gamma-decalactone,31-May-25,9:34 AM,2025GDL,Stone Valley,40.646675,-77.922128,263.449341,0,2,0
7/22/2025,3,R-gamma-decalactone,31-May-25,9:21 AM,2025GDL,Stone Valley,40.646675,-77.922128,263.449341,0,1,0
7/22/2025,3,R-gamma-decalactone,31-May-25,1:04 PM,2025GDL,Stone Valley,40.646675,-77.922128,263.449341,0,0,0
7/22/2025,3,R-gamma-decalactone,31-May-25,9:22 AM,2025GDL,Stone Valley,40.646675,-77.922128,263.449341,0,1,4
7/22/2025,3,R-gamma-decalactone,31-May-25,9:00 AM,2025GDL,Stone Valley,40.646675,-77.922128,263.449341,0,0,4
7/22/2025,3,R-gamma-decalactone,31-May-25,9:00 AM,2025GDL,Stone Valley,40.646675,-77.922128,263.449341,0,0,2
7/22/2025,3,R-gamma-decalactone,31-May-25,9:00 AM,2025GDL,Stone Valley,40.646675,-77.922128,263.449341,0,0,2
7/22/2025,3,R-gamma-decalactone,31-May-25,10:00 AM,2025GDL,Stone Valley,40.646675,-77.922128,263.449341,0,0,3
7/23/2025,3,R-gamma-decalactone,31-May-25,9:34 AM,2025GDL,Stone Valley,40.646675,-77.922128,263.449341,0,2,0
7/23/2025,3,R-gamma-decalactone,31-May-25,9:21 AM,2025GDL,Stone Valley,40.646675,-77.922128,263.449341,0,1,0
7/23/2025,3,R-gamma-decalactone,31-May-25,1:04 PM,2025GDL,Stone Valley,40.646675,-77.922128,263.449341,0,0,0
7/23/2025,3,R-gamma-decalactone,31-May-25,9:22 AM,2025GDL,Stone Valley,40.646675,-77.922128,263.449341,0,1,4
7/23/2025,3,R-gamma-decalactone,31-May-25,9:00 AM,2025GDL,Stone Valley,40.646675,-77.922128,263.449341,0,0,4
7/23/2025,3,R-gamma-decalactone,31-May-25,9:00 AM,2025GDL,Stone Valley,40.646675,-77.922128,263.449341,0,0,2
7/23/2025,3,R-gamma-decalactone,31-May-25,9:00 AM,2025GDL,Stone Valley,40.646675,-77.922128,263.449341,0,0,2
7/23/2025,3,R-gamma-decalactone,31-May-25,10:00 AM,2025GDL,Stone Valley,40.646675,-77.922128,263.449341,0,0,3
7/24/2025,3,R-gamma-decalactone,31-May-25,9:34 AM,2025GDL,Stone Valley,40.646675,-77.922128,263.449341,0,2,0
7/24/2025,3,R-gamma-decalactone,31-May-25,9:21 AM,2025GDL,Stone Valley,40.646675,-77.922128,263.449341,0,1,0
7/24/2025,3,R-gamma-decalactone,31-May-25,1:04 PM,2025GDL,Stone Valley,40.646675,-77.922128,263.449341,0,0,0
7/24/2025,3,R-gamma-decalactone,31-May-25,9:22 AM,2025GDL,Stone Valley,40.646675,-77.922128,263.449341,0,1,4
7/24/2025,3,R-gamma-decalactone,31-May-25,9:00 AM,2025GDL,Stone Valley,40.646675,-77.922128,263.449341,0,0,4
7/24/2025,3,R-gamma-decalactone,31-May-25,9:00 AM,2025GDL,Stone Valley,40.646675,-77.922128,263.449341,0,0,2
7/24/2025,3,R-gamma-decalactone,31-May-25,9:00 AM,2025GDL,Stone Valley,40.646675,-77.922128,263.449341,0,0,2
7/24/2025,3,R-gamma-decalactone,31-May-25,10:00 AM,2025GDL,Stone Valley,40.646675,-77.922128,263.449341,0,0,3
7/25/2025,3,R-gamma-decalactone,31-May-25,9:34 AM,2025GDL,Stone Valley,40.646675,-77.922128,263.449341,0,2,0
7/25/2025,3,R-gamma-decalactone,31-May-25,9:21 AM,2025GDL,Stone Valley,40.646675,-77.922128,263.449341,0,1,0
7/25/2025,3,R-gamma-decalactone,31-May-25,1:04 PM,2025GDL,Stone Valley,40.646675,-77.922128,263.449341,0,0,0
7/25/2025,3,R-gamma-decalactone,31-May-25,9:22 AM,2025GDL,Stone Valley,40.646675,-77.922128,263.449341,0,1,4
7/25/2025,3,R-gamma-decalactone,31-May-25,9:00 AM,2025GDL,Stone Valley,40.646675,-77.922128,263.449341,0,0,4
7/25/2025,3,R-gamma-decalactone,31-May-25,9:00 AM,2025GDL,Stone Valley,40.646675,-77.922128,263.449341,0,0,2
7/25/2025,3,R-gamma-decalactone,31-May-25,9:00 AM,2025GDL,Stone Valley,40.646675,-77.922128,263.449341,0,0,2
7/25/2025,3,R-gamma-decalactone,31-May-25,10:00 AM,2025GDL,Stone Valley,40.646675,-77.922128,263.449341,0,0,3
7/26/2025,3,R-gamma-decalactone,31-May-25,9:34 AM,2025GDL,Stone Valley,40.646675,-77.922128,263.449341,0,2,0
7/26/2025,3,R-gamma-decalactone,31-May-25,9:21 AM,2025GDL,Stone Valley,40.646675,-77.922128,263.449341,0,1,0
7/26/2025,3,R-gamma-decalactone,31-May-25,1:04 PM,2025GDL,Stone Valley,40.646675,-77.922128,263.449341,0,0,0
7/26/2025,3,R-gamma-decalactone,31-May-25,9:22 AM,2025GDL,Stone Valley,40.646675,-77.922128,263.449341,0,1,4
7/26/2025,3,R-gamma-decalactone,31-May-25,9:00 AM,2025GDL,Stone Valley,40.646675,-77.922128,263.449341,0,0,4
7/26/2025,3,R-gamma-decalactone,31-May-25,9:00 AM,2025GDL,Stone Valley,40.646675,-77.922128,263.449341,0,0,2
7/26/2025,3,R-gamma-decalactone,31-May-25,9:00 AM,2025GDL,Stone Valley,40.646675,-77.922128,263.449341,0,0,2
7/26/2025,3,R-gamma-decalactone,31-May-25,10:00 AM,2025GDL,Stone Valley,40.646675,-77.922128,263.449341,0,0,3
7/27/2025,3,R-gamma-decalactone,31-May-25,9:34 AM,2025GDL,Stone Valley,40.646675,-77.922128,263.449341,0,2,0
7/27/2025,3,R-gamma-decalactone,31-May-25,9:21 AM,2025GDL,Stone Valley,40.646675,-77.922128,263.449341,0,1,0
7/27/2025,3,R-gamma-decalactone,31-May-25,1:04 PM,2025GDL,Stone Valley,40.646675,-77.922128,263.449341,0,0,0
7/27/2025,3,R-gamma-decalactone,31-May-25,9:22 AM,2025GDL,Stone Valley,40.646675,-77.922128,263.449341,0,1,4
7/27/2025,3,R-gamma-decalactone,31-May-25,9:00 AM,2025GDL,Stone Valley,40.646675,-77.922128,263.449341,0,0,4
7/27/2025,3,R-gamma-decalactone,31-May-25,9:00 AM,2025GDL,Stone Valley,40.646675,-77.922128,263.449341,0,0,2
7/27/2025,3,R-gamma-decalactone,31-May-25,9:00 AM,2025GDL,Stone Valley,40.646675,-77.922128,263.449341,0,0,2
7/27/2025,3,R-gamma-decalactone,31-May-25,10:00 AM,2025GDL,Stone Valley,40.646675,-77.922128,263.449341,0,0,3
7/28/2025,3,R-gamma-decalactone,31-May-25,9:34 AM,2025GDL,Stone Valley,40.646675,-77.922128,263.449341,0,2,0
7/28/2025,3,R-gamma-decalactone,31-May-25,9:21 AM,2025GDL,Stone Valley,40.646675,-77.922128,263.449341,0,1,0
7/28/2025,3,R-gamma-decalactone,31-May-25,1:04 PM,2025GDL,Stone Valley,40.646675,-77.922128,263.449341,0,0,0
7/28/2025,3,R-gamma-decalactone,31-May-25,9:22 AM,2025GDL,Stone Valley,40.646675,-77.922128,263.449341,0,1,4
7/28/2025,3,R-gamma-decalactone,31-May-25,9:00 AM,2025GDL,Stone Valley,40.646675,-77.922128,263.449341,0,0,4
7/28/2025,3,R-gamma-decalactone,31-May-25,9:00 AM,2025GDL,Stone Valley,40.646675,-77.922128,263.449341,0,0,2
7/28/2025,3,R-gamma-decalactone,31-May-25,9:00 AM,2025GDL,Stone Valley,40.646675,-77.922128,263.449341,0,0,2
7/28/2025,3,R-gamma-decalactone,31-May-25,10:00 AM,2025GDL,Stone Valley,40.646675,-77.922128,263.449341,0,0,3
7/29/2025,3,R-gamma-decalactone,31-May-25,9:34 AM,2025GDL,Stone Valley,40.646675,-77.922128,263.449341,0,2,0
7/29/2025,3,R-gamma-decalactone,31-May-25,9:21 AM,2025GDL,Stone Valley,40.646675,-77.922128,263.449341,0,1,0
7/29/2025,3,R-gamma-decalactone,31-May-25,1:04 PM,2025GDL,Stone Valley,40.646675,-77.922128,263.449341,0,0,0
7/29/2025,3,R-gamma-decalactone,31-May-25,9:22 AM,2025GDL,Stone Valley,40.646675,-77.922128,263.449341,0,1,4
7/29/2025,3,R-gamma-decalactone,31-May-25,9:00 AM,2025GDL,Stone Valley,40.646675,-77.922128,263.449341,0,0,4
7/29/2025,3,R-gamma-decalactone,31-May-25,9:00 AM,2025GDL,Stone Valley,40.646675,-77.922128,263.449341,0,0,2
7/29/2025,3,R-gamma-decalactone,31-May-25,9:00 AM,2025GDL,Stone Valley,40.646675,-77.922128,263.449341,0,0,2
7/29/2025,3,R-gamma-decalactone,31-May-25,10:00 AM,2025GDL,Stone Valley,40.646675,-77.922128,263.449341,0,0,3
7/30/2025,3,R-gamma-decalactone,31-May-25,9:34 AM,2025GDL,Stone Valley,40.646675,-77.922128,263.449341,0,2,0
7/30/2025,3,R-gamma-decalactone,31-May-25,9:21 AM,2025GDL,Stone Valley,40.646675,-77.922128,263.449341,0,1,0
7/30/2025,3,R-gamma-decalactone,31-May-25,1:04 PM,2025GDL,Stone Valley,40.646675,-77.922128,263.449341,0,0,0
7/30/2025,3,R-gamma-decalactone,31-May-25,9:22 AM,2025GDL,Stone Valley,40.646675,-77.922128,263.449341,0,1,4
7/30/2025,3,R-gamma-decalactone,31-May-25,9:00 AM,2025GDL,Stone Valley,40.646675,-77.922128,263.449341,0,0,4
7/30/2025,3,R-gamma-decalactone,31-May-25,9:00 AM,2025GDL,Stone Valley,40.646675,-77.922128,263.449341,0,0,2
7/30/2025,3,R-gamma-decalactone,31-May-25,9:00 AM,2025GDL,Stone Valley,40.646675,-77.922128,263.449341,0,0,2
7/30/2025,3,R-gamma-decalactone,31-May-25,10:00 AM,2025GDL,Stone Valley,40.646675,-77.922128,263.449341,0,0,3
7/31/2025,3,R-gamma-decalactone,31-May-25,9:34 AM,2025GDL,Stone Valley,40.646675,-77.922128,263.449341,0,2,0
7/31/2025,3,R-gamma-decalactone,31-May-25,9:21 AM,2025GDL,Stone Valley,40.646675,-77.922128,263.449341,0,1,0
7/31/2025,3,R-gamma-decalactone,31-May-25,1:04 PM,2025GDL,Stone Valley,40.646675,-77.922128,263.449341,0,0,0
7/31/2025,3,R-gamma-decalactone,31-May-25,9:22 AM,2025GDL,Stone Valley,40.646675,-77.922128,263.449341,0,1,4
7/31/2025,3,R-gamma-decalactone,31-May-25,9:00 AM,2025GDL,Stone Valley,40.646675,-77.922128,263.449341,0,0,4
7/31/2025,3,R-gamma-decalactone,31-May-25,9:00 AM,2025GDL,Stone Valley,40.646675,-77.922128,263.449341,0,0,2
7/31/2025,3,R-gamma-decalactone,31-May-25,9:00 AM,2025GDL,Stone Valley,40.646675,-77.922128,263.449341,0,0,2
7/31/2025,3,R-gamma-decalactone,31-May-25,10:00 AM,2025GDL,Stone Valley,40.646675,-77.922128,263.449341,0,0,3
8/1/2025,3,R-gamma-decalactone,31-May-25,9:34 AM,2025GDL,Stone Valley,40.646675,-77.922128,263.449341,0,2,0
8/1/2025,3,R-gamma-decalactone,31-May-25,9:21 AM,2025GDL,Stone Valley,40.646675,-77.922128,263.449341,0,1,0
8/1/2025,3,R-gamma-decalactone,31-May-25,1:04 PM,2025GDL,Stone Valley,40.646675,-77.922128,263.449341,0,0,0
8/1/2025,3,R-gamma-decalactone,31-May-25,9:22 AM,2025GDL,Stone Valley,40.646675,-77.922128,263.449341,0,1,4
8/1/2025,3,R-gamma-decalactone,31-May-25,9:00 AM,2025GDL,Stone Valley,40.646675,-77.922128,263.449341,0,0,4
8/1/2025,3,R-gamma-decalactone,31-May-25,9:00 AM,2025GDL,Stone Valley,40.646675,-77.922128,263.449341,0,0,2
8/1/2025,3,R-gamma-decalactone,31-May-25,9:00 AM,2025GDL,Stone Valley,40.646675,-77.922128,263.449341,0,0,2
8/1/2025,3,R-gamma-decalactone,31-May-25,10:00 AM,2025GDL,Stone Valley,40.646675,-77.922128,263.449341,0,0,3
8/2/2025,3,R-gamma-decalactone,31-May-25,9:34 AM,2025GDL,Stone Valley,40.646675,-77.922128,263.449341,0,2,0
8/2/2025,3,R-gamma-decalactone,31-May-25,9:21 AM,2025GDL,Stone Valley,40.646675,-77.922128,263.449341,0,1,0
8/2/2025,3,R-gamma-decalactone,31-May-25,1:04 PM,2025GDL,Stone Valley,40.646675,-77.922128,263.449341,0,0,0
8/2/2025,3,R-gamma-decalactone,31-May-25,9:22 AM,2025GDL,Stone Valley,40.646675,-77.922128,263.449341,0,1,4
8/2/2025,3,R-gamma-decalactone,31-May-25,9:00 AM,2025GDL,Stone Valley,40.646675,-77.922128,263.449341,0,0,4
8/2/2025,3,R-gamma-decalactone,31-May-25,9:00 AM,2025GDL,Stone Valley,40.646675,-77.922128,263.449341,0,0,2
8/2/2025,3,R-gamma-decalactone,31-May-25,9:00 AM,2025GDL,Stone Valley,40.646675,-77.922128,263.449341,0,0,2
8/2/2025,3,R-gamma-decalactone,31-May-25,10:00 AM,2025GDL,Stone Valley,40.646675,-77.922128,263.449341,0,0,3
8/3/2025,3,R-gamma-decalactone,31-May-25,9:34 AM,2025GDL,Stone Valley,40.646675,-77.922128,263.449341,0,2,0
8/3/2025,3,R-gamma-decalactone,31-May-25,9:21 AM,2025GDL,Stone Valley,40.646675,-77.922128,263.449341,0,1,0
8/3/2025,3,R-gamma-decalactone,31-May-25,1:04 PM,2025GDL,Stone Valley,40.646675,-77.922128,263.449341,0,0,0
8/3/2025,3,R-gamma-decalactone,31-May-25,9:22 AM,2025GDL,Stone Valley,40.646675,-77.922128,263.449341,0,1,4
8/3/2025,3,R-gamma-decalactone,31-May-25,9:00 AM,2025GDL,Stone Valley,40.646675,-77.922128,263.449341,0,0,4
8/3/2025,3,R-gamma-decalactone,31-May-25,9:00 AM,2025GDL,Stone Valley,40.646675,-77.922128,263.449341,0,0,2
8/3/2025,3,R-gamma-decalactone,31-May-25,9:00 AM,2025GDL,Stone Valley,40.646675,-77.922128,263.449341,0,0,2
8/3/2025,3,R-gamma-decalactone,31-May-25,10:00 AM,2025GDL,Stone Valley,40.646675,-77.922128,263.449341,0,0,3
8/4/2025,3,R-gamma-decalactone,31-May-25,9:34 AM,2025GDL,Stone Valley,40.646675,-77.922128,263.449341,0,2,0
8/4/2025,3,R-gamma-decalactone,31-May-25,9:21 AM,2025GDL,Stone Valley,40.646675,-77.922128,263.449341,0,1,0
8/4/2025,3,R-gamma-decalactone,31-May-25,1:04 PM,2025GDL,Stone Valley,40.646675,-77.922128,263.449341,0,0,0
8/4/2025,3,R-gamma-decalactone,31-May-25,9:22 AM,2025GDL,Stone Valley,40.646675,-77.922128,263.449341,0,1,4
8/4/2025,3,R-gamma-decalactone,31-May-25,9:00 AM,2025GDL,Stone Valley,40.646675,-77.922128,263.449341,0,0,4
8/4/2025,3,R-gamma-decalactone,31-May-25,9:00 AM,2025GDL,Stone Valley,40.646675,-77.922128,263.449341,0,0,2
8/4/2025,3,R-gamma-decalactone,31-May-25,9:00 AM,2025GDL,Stone Valley,40.646675,-77.922128,263.449341,0,0,2
8/4/2025,3,R-gamma-decalactone,31-May-25,10:00 AM,2025GDL,Stone Valley,40.646675,-77.922128,263.449341,0,0,3
8/5/2025,3,R-gamma-decalactone,31-May-25,9:34 AM,2025GDL,Stone Valley,40.646675,-77.922128,263.449341,0,2,0
8/5/2025,3,R-gamma-decalactone,31-May-25,9:21 AM,2025GDL,Stone Valley,40.646675,-77.922128,263.449341,0,1,0
8/5/2025,3,R-gamma-decalactone,31-May-25,1:04 PM,2025GDL,Stone Valley,40.646675,-77.922128,263.449341,0,0,0
8/5/2025,3,R-gamma-decalactone,31-May-25,9:22 AM,2025GDL,Stone Valley,40.646675,-77.922128,263.449341,0,1,4
8/5/2025,3,R-gamma-decalactone,31-May-25,9:00 AM,2025GDL,Stone Valley,40.646675,-77.922128,263.449341,0,0,4
8/5/2025,3,R-gamma-decalactone,31-May-25,9:00 AM,2025GDL,Stone Valley,40.646675,-77.922128,263.449341,0,0,2
8/5/2025,3,R-gamma-decalactone,31-May-25,9:00 AM,2025GDL,Stone Valley,40.646675,-77.922128,263.449341,0,0,2
8/5/2025,3,R-gamma-decalactone,31-May-25,10:00 AM,2025GDL,Stone Valley,40.646675,-77.922128,263.449341,0,0,3
8/6/2025,3,R-gamma-decalactone,31-May-25,9:34 AM,2025GDL,Stone Valley,40.646675,-77.922128,263.449341,0,2,0
8/6/2025,3,R-gamma-decalactone,31-May-25,9:21 AM,2025GDL,Stone Valley,40.646675,-77.922128,263.449341,0,1,0
8/6/2025,3,R-gamma-decalactone,31-May-25,1:04 PM,2025GDL,Stone Valley,40.646675,-77.922128,263.449341,0,0,0
8/6/2025,3,R-gamma-decalactone,31-May-25,9:22 AM,2025GDL,Stone Valley,40.646675,-77.922128,263.449341,0,1,4
8/6/2025,3,R-gamma-decalactone,31-May-25,9:00 AM,2025GDL,Stone Valley,40.646675,-77.922128,263.449341,0,0,4
8/6/2025,3,R-gamma-decalactone,31-May-25,9:00 AM,2025GDL,Stone Valley,40.646675,-77.922128,263.449341,0,0,2
8/6/2025,3,R-gamma-decalactone,31-May-25,9:00 AM,2025GDL,Stone Valley,40.646675,-77.922128,263.449341,0,0,2
8/6/2025,3,R-gamma-decalactone,31-May-25,10:00 AM,2025GDL,Stone Valley,40.646675,-77.922128,263.449341,0,0,3
8/7/2025,3,R-gamma-decalactone,31-May-25,9:34 AM,2025GDL,Stone Valley,40.646675,-77.922128,263.449341,0,2,0
8/7/2025,3,R-gamma-decalactone,31-May-25,9:21 AM,2025GDL,Stone Valley,40.646675,-77.922128,263.449341,0,1,0
8/7/2025,3,R-gamma-decalactone,31-May-25,1:04 PM,2025GDL,Stone Valley,40.646675,-77.922128,263.449341,0,0,0
8/7/2025,3,R-gamma-decalactone,31-May-25,9:22 AM,2025GDL,Stone Valley,40.646675,-77.922128,263.449341,0,1,4
8/7/2025,3,R-gamma-decalactone,31-May-25,9:00 AM,2025GDL,Stone Valley,40.646675,-77.922128,263.449341,0,0,4
8/7/2025,3,R-gamma-decalactone,31-May-25,9:00 AM,2025GDL,Stone Valley,40.646675,-77.922128,263.449341,0,0,2
8/7/2025,3,R-gamma-decalactone,31-May-25,9:00 AM,2025GDL,Stone Valley,40.646675,-77.922128,263.449341,0,0,2
8/7/2025,3,R-gamma-decalactone,31-May-25,10:00 AM,2025GDL,Stone Valley,40.646675,-77.922128,263.449341,0,0,3
8/8/2025,3,R-gamma-decalactone,31-May-25,9:34 AM,2025GDL,Stone Valley,40.646675,-77.922128,263.449341,0,2,0
8/8/2025,3,R-gamma-decalactone,31-May-25,9:21 AM,2025GDL,Stone Valley,40.646675,-77.922128,263.449341,0,1,0
8/8/2025,3,R-gamma-decalactone,31-May-25,1:04 PM,2025GDL,Stone Valley,40.646675,-77.922128,263.449341,0,0,0
8/8/2025,3,R-gamma-decalactone,31-May-25,9:22 AM,2025GDL,Stone Valley,40.646675,-77.922128,263.449341,0,1,4
8/8/2025,3,R-gamma-decalactone,31-May-25,9:00 AM,2025GDL,Stone Valley,40.646675,-77.922128,263.449341,0,0,4
8/8/2025,3,R-gamma-decalactone,31-May-25,9:00 AM,2025GDL,Stone Valley,40.646675,-77.922128,263.449341,0,0,2
8/8/2025,3,R-gamma-decalactone,31-May-25,9:00 AM,2025GDL,Stone Valley,40.646675,-77.922128,263.449341,0,0,2
8/8/2025,3,R-gamma-decalactone,31-May-25,10:00 AM,2025GDL,Stone Valley,40.646675,-77.922128,263.449341,0,0,3
8/9/2025,3,R-gamma-decalactone,31-May-25,9:34 AM,2025GDL,Stone Valley,40.646675,-77.922128,263.449341,0,2,0
8/9/2025,3,R-gamma-decalactone,31-May-25,9:21 AM,2025GDL,Stone Valley,40.646675,-77.922128,263.449341,0,1,0
8/9/2025,3,R-gamma-decalactone,31-May-25,1:04 PM,2025GDL,Stone Valley,40.646675,-77.922128,263.449341,0,0,0
8/9/2025,3,R-gamma-decalactone,31-May-25,9:22 AM,2025GDL,Stone Valley,40.646675,-77.922128,263.449341,0,1,4
8/9/2025,3,R-gamma-decalactone,31-May-25,9:00 AM,2025GDL,Stone Valley,40.646675,-77.922128,263.449341,0,0,4
8/9/2025,3,R-gamma-decalactone,31-May-25,9:00 AM,2025GDL,Stone Valley,40.646675,-77.922128,263.449341,0,0,2
8/9/2025,3,R-gamma-decalactone,31-May-25,9:00 AM,2025GDL,Stone Valley,40.646675,-77.922128,263.449341,0,0,2
8/9/2025,3,R-gamma-decalactone,31-May-25,10:00 AM,2025GDL,Stone Valley,40.646675,-77.922128,263.449341,0,0,3
8/10/2025,3,R-gamma-decalactone,31-May-25,9:34 AM,2025GDL,Stone Valley,40.646675,-77.922128,263.449341,0,2,0
8/10/2025,3,R-gamma-decalactone,31-May-25,9:21 AM,2025GDL,Stone Valley,40.646675,-77.922128,263.449341,0,1,0
8/10/2025,3,R-gamma-decalactone,31-May-25,1:04 PM,2025GDL,Stone Valley,40.646675,-77.922128,263.449341,0,0,0
8/10/2025,3,R-gamma-decalactone,31-May-25,9:22 AM,2025GDL,Stone Valley,40.646675,-77.922128,263.449341,0,1,4
8/10/2025,3,R-gamma-decalactone,31-May-25,9:00 AM,2025GDL,Stone Valley,40.646675,-77.922128,263.449341,0,0,4
8/10/2025,3,R-gamma-decalactone,31-May-25,9:00 AM,2025GDL,Stone Valley,40.646675,-77.922128,263.449341,0,0,2
8/10/2025,3,R-gamma-decalactone,31-May-25,9:00 AM,2025GDL,Stone Valley,40.646675,-77.922128,263.449341,0,0,2
8/10/2025,3,R-gamma-decalactone,31-May-25,10:00 AM,2025GDL,Stone Valley,40.646675,-77.922128,263.449341,0,0,3
8/11/2025,3,R-gamma-decalactone,31-May-25,9:34 AM,2025GDL,Stone Valley,40.646675,-77.922128,263.449341,0,2,0
8/11/2025,3,R-gamma-decalactone,31-May-25,9:21 AM,2025GDL,Stone Valley,40.646675,-77.922128,263.449341,0,1,0
8/11/2025,3,R-gamma-decalactone,31-May-25,1:04 PM,2025GDL,Stone Valley,40.646675,-77.922128,263.449341,0,0,0
8/11/2025,3,R-gamma-decalactone,31-May-25,9:22 AM,2025GDL,Stone Valley,40.646675,-77.922128,263.449341,0,1,4
8/11/2025,3,R-gamma-decalactone,31-May-25,9:00 AM,2025GDL,Stone Valley,40.646675,-77.922128,263.449341,0,0,4
8/11/2025,3,R-gamma-decalactone,31-May-25,9:00 AM,2025GDL,Stone Valley,40.646675,-77.922128,263.449341,0,0,2
8/11/2025,3,R-gamma-decalactone,31-May-25,9:00 AM,2025GDL,Stone Valley,40.646675,-77.922128,263.449341,0,0,2
8/11/2025,3,R-gamma-decalactone,31-May-25,10:00 AM,2025GDL,Stone Valley,40.646675,-77.922128,263.449341,0,0,3
8/12/2025,3,R-gamma-decalactone,31-May-25,9:34 AM,2025GDL,Stone Valley,40.646675,-77.922128,263.449341,0,2,0
8/12/2025,3,R-gamma-decalactone,31-May-25,9:21 AM,2025GDL,Stone Valley,40.646675,-77.922128,263.449341,0,1,0
8/12/2025,3,R-gamma-decalactone,31-May-25,1:04 PM,2025GDL,Stone Valley,40.646675,-77.922128,263.449341,0,0,0
8/12/2025,3,R-gamma-decalactone,31-May-25,9:22 AM,2025GDL,Stone Valley,40.646675,-77.922128,263.449341,0,1,4
8/12/2025,3,R-gamma-decalactone,31-May-25,9:00 AM,2025GDL,Stone Valley,40.646675,-77.922128,263.449341,0,0,4
8/12/2025,3,R-gamma-decalactone,31-May-25,9:00 AM,2025GDL,Stone Valley,40.646675,-77.922128,263.449341,0,0,2
8/12/2025,3,R-gamma-decalactone,31-May-25,9:00 AM,2025GDL,Stone Valley,40.646675,-77.922128,263.449341,0,0,2
8/12/2025,3,R-gamma-decalactone,31-May-25,10:00 AM,2025GDL,Stone Valley,40.646675,-77.922128,263.449341,0,0,3
8/13/2025,3,R-gamma-decalactone,31-May-25,9:34 AM,2025GDL,Stone Valley,40.646675,-77.922128,263.449341,0,2,0
8/13/2025,3,R-gamma-decalactone,31-May-25,9:21 AM,2025GDL,Stone Valley,40.646675,-77.922128,263.449341,0,1,0
8/13/2025,3,R-gamma-decalactone,31-May-25,1:04 PM,2025GDL,Stone Valley,40.646675,-77.922128,263.449341,0,0,0
8/13/2025,3,R-gamma-decalactone,31-May-25,9:22 AM,2025GDL,Stone Valley,40.646675,-77.922128,263.449341,0,1,4
8/13/2025,3,R-gamma-decalactone,31-May-25,9:00 AM,2025GDL,Stone Valley,40.646675,-77.922128,263.449341,0,0,4
8/13/2025,3,R-gamma-decalactone,31-May-25,9:00 AM,2025GDL,Stone Valley,40.646675,-77.922128,263.449341,0,0,2
8/13/2025,3,R-gamma-decalactone,31-May-25,9:00 AM,2025GDL,Stone Valley,40.646675,-77.922128,263.449341,0,0,2
8/13/2025,3,R-gamma-decalactone,31-May-25,10:00 AM,2025GDL,Stone Valley,40.646675,-77.922128,263.449341,0,0,3
8/14/2025,3,R-gamma-decalactone,31-May-25,9:34 AM,2025GDL,Stone Valley,40.646675,-77.922128,263.449341,0,2,0
8/14/2025,3,R-gamma-decalactone,31-May-25,9:21 AM,2025GDL,Stone Valley,40.646675,-77.922128,263.449341,0,1,0
8/14/2025,3,R-gamma-decalactone,31-May-25,1:04 PM,2025GDL,Stone Valley,40.646675,-77.922128,263.449341,0,0,0
8/14/2025,3,R-gamma-decalactone,31-May-25,9:22 AM,2025GDL,Stone Valley,40.646675,-77.922128,263.449341,0,1,4
8/14/2025,3,R-gamma-decalactone,31-May-25,9:00 AM,2025GDL,Stone Valley,40.646675,-77.922128,263.449341,0,0,4
8/14/2025,3,R-gamma-decalactone,31-May-25,9:00 AM,2025GDL,Stone Valley,40.646675,-77.922128,263.449341,0,0,2
8/14/2025,3,R-gamma-decalactone,31-May-25,9:00 AM,2025GDL,Stone Valley,40.646675,-77.922128,263.449341,0,0,2
8/14/2025,3,R-gamma-decalactone,31-May-25,10:00 AM,2025GDL,Stone Valley,40.646675,-77.922128,263.449341,0,0,3
8/15/2025,3,R-gamma-decalactone,31-May-25,9:34 AM,2025GDL,Stone Valley,40.646675,-77.922128,263.449341,0,2,0
8/15/2025,3,R-gamma-decalactone,31-May-25,9:21 AM,2025GDL,Stone Valley,40.646675,-77.922128,263.449341,0,1,0
8/15/2025,3,R-gamma-decalactone,31-May-25,1:04 PM,2025GDL,Stone Valley,40.646675,-77.922128,263.449341,0,0,0
8/15/2025,3,R-gamma-decalactone,31-May-25,9:22 AM,2025GDL,Stone Valley,40.646675,-77.922128,263.449341,0,1,4
8/15/2025,3,R-gamma-decalactone,31-May-25,9:00 AM,2025GDL,Stone Valley,40.646675,-77.922128,263.449341,0,0,4
8/15/2025,3,R-gamma-decalactone,31-May-25,9:00 AM,2025GDL,Stone Valley,40.646675,-77.922128,263.449341,0,0,2
8/15/2025,3,R-gamma-decalactone,31-May-25,9:00 AM,2025GDL,Stone Valley,40.646675,-77.922128,263.449341,0,0,2
8/15/2025,3,R-gamma-decalactone,31-May-25,10:00 AM,2025GDL,Stone Valley,40.646675,-77.922128,263.449341,0,0,3
6/1/2025,4,R-gamma-decalactone,31-May-25,9:50 AM,2025GDL,Stone Valley,40.648632,-77.919038,266.648132,0,0,2
6/1/2025,4,R-gamma-decalactone,31-May-25,9:34 AM,2025GDL,Stone Valley,40.648632,-77.919038,266.648132,0,2,0
6/1/2025,4,R-gamma-decalactone,31-May-25,1:15 PM,2025GDL,Stone Valley,40.648632,-77.919038,266.648132,0,0,1
6/1/2025,4,R-gamma-decalactone,31-May-25,9:40 AM,2025GDL,Stone Valley,40.648632,-77.919038,266.648132,0,1,5
6/1/2025,4,R-gamma-decalactone,31-May-25,9:00 AM,2025GDL,Stone Valley,40.648632,-77.919038,266.648132,0,0,3
6/1/2025,4,R-gamma-decalactone,31-May-25,9:00 AM,2025GDL,Stone Valley,40.64591,77.92306,NA,0,0,2
6/1/2025,4,R-gamma-decalactone,31-May-25,9:00 AM,2025GDL,Stone Valley,40.64591,77.92306,NA,0,1,1
6/1/2025,4,R-gamma-decalactone,31-May-25,10:00 AM,2025GDL,Stone Valley,40.64591,77.92306,NA,1,2,0
6/2/2025,4,R-gamma-decalactone,31-May-25,9:50 AM,2025GDL,Stone Valley,40.648632,-77.919038,266.648132,0,0,2
6/2/2025,4,R-gamma-decalactone,31-May-25,9:34 AM,2025GDL,Stone Valley,40.648632,-77.919038,266.648132,0,2,0
6/2/2025,4,R-gamma-decalactone,31-May-25,1:15 PM,2025GDL,Stone Valley,40.648632,-77.919038,266.648132,0,0,1
6/2/2025,4,R-gamma-decalactone,31-May-25,9:40 AM,2025GDL,Stone Valley,40.648632,-77.919038,266.648132,0,1,5
6/2/2025,4,R-gamma-decalactone,31-May-25,9:00 AM,2025GDL,Stone Valley,40.648632,-77.919038,266.648132,0,0,3
6/2/2025,4,R-gamma-decalactone,31-May-25,9:00 AM,2025GDL,Stone Valley,40.64591,77.92306,NA,0,0,2
6/2/2025,4,R-gamma-decalactone,31-May-25,9:00 AM,2025GDL,Stone Valley,40.64591,77.92306,NA,0,1,1
6/2/2025,4,R-gamma-decalactone,31-May-25,10:00 AM,2025GDL,Stone Valley,40.64591,77.92306,NA,1,2,0
6/3/2025,4,R-gamma-decalactone,31-May-25,9:50 AM,2025GDL,Stone Valley,40.648632,-77.919038,266.648132,0,0,2
6/3/2025,4,R-gamma-decalactone,31-May-25,9:34 AM,2025GDL,Stone Valley,40.648632,-77.919038,266.648132,0,2,0
6/3/2025,4,R-gamma-decalactone,31-May-25,1:15 PM,2025GDL,Stone Valley,40.648632,-77.919038,266.648132,0,0,1
6/3/2025,4,R-gamma-decalactone,31-May-25,9:40 AM,2025GDL,Stone Valley,40.648632,-77.919038,266.648132,0,1,5
6/3/2025,4,R-gamma-decalactone,31-May-25,9:00 AM,2025GDL,Stone Valley,40.648632,-77.919038,266.648132,0,0,3
6/3/2025,4,R-gamma-decalactone,31-May-25,9:00 AM,2025GDL,Stone Valley,40.64591,77.92306,NA,0,0,2
6/3/2025,4,R-gamma-decalactone,31-May-25,9:00 AM,2025GDL,Stone Valley,40.64591,77.92306,NA,0,1,1
6/3/2025,4,R-gamma-decalactone,31-May-25,10:00 AM,2025GDL,Stone Valley,40.64591,77.92306,NA,1,2,0
6/4/2025,4,R-gamma-decalactone,31-May-25,9:50 AM,2025GDL,Stone Valley,40.648632,-77.919038,266.648132,0,0,2
6/4/2025,4,R-gamma-decalactone,31-May-25,9:34 AM,2025GDL,Stone Valley,40.648632,-77.919038,266.648132,0,2,0
6/4/2025,4,R-gamma-decalactone,31-May-25,1:15 PM,2025GDL,Stone Valley,40.648632,-77.919038,266.648132,0,0,1
6/4/2025,4,R-gamma-decalactone,31-May-25,9:40 AM,2025GDL,Stone Valley,40.648632,-77.919038,266.648132,0,1,5
6/4/2025,4,R-gamma-decalactone,31-May-25,9:00 AM,2025GDL,Stone Valley,40.648632,-77.919038,266.648132,0,0,3
6/4/2025,4,R-gamma-decalactone,31-May-25,9:00 AM,2025GDL,Stone Valley,40.64591,77.92306,NA,0,0,2
6/4/2025,4,R-gamma-decalactone,31-May-25,9:00 AM,2025GDL,Stone Valley,40.64591,77.92306,NA,0,1,1
6/4/2025,4,R-gamma-decalactone,31-May-25,10:00 AM,2025GDL,Stone Valley,40.64591,77.92306,NA,1,2,0
6/5/2025,4,R-gamma-decalactone,31-May-25,9:50 AM,2025GDL,Stone Valley,40.648632,-77.919038,266.648132,0,0,2
6/5/2025,4,R-gamma-decalactone,31-May-25,9:34 AM,2025GDL,Stone Valley,40.648632,-77.919038,266.648132,0,2,0
6/5/2025,4,R-gamma-decalactone,31-May-25,1:15 PM,2025GDL,Stone Valley,40.648632,-77.919038,266.648132,0,0,1
6/5/2025,4,R-gamma-decalactone,31-May-25,9:40 AM,2025GDL,Stone Valley,40.648632,-77.919038,266.648132,0,1,5
6/5/2025,4,R-gamma-decalactone,31-May-25,9:00 AM,2025GDL,Stone Valley,40.648632,-77.919038,266.648132,0,0,3
6/5/2025,4,R-gamma-decalactone,31-May-25,9:00 AM,2025GDL,Stone Valley,40.64591,77.92306,NA,0,0,2
6/5/2025,4,R-gamma-decalactone,31-May-25,9:00 AM,2025GDL,Stone Valley,40.64591,77.92306,NA,0,1,1
6/5/2025,4,R-gamma-decalactone,31-May-25,10:00 AM,2025GDL,Stone Valley,40.64591,77.92306,NA,1,2,0
6/6/2025,4,R-gamma-decalactone,31-May-25,9:50 AM,2025GDL,Stone Valley,40.648632,-77.919038,266.648132,0,0,2
6/6/2025,4,R-gamma-decalactone,31-May-25,9:34 AM,2025GDL,Stone Valley,40.648632,-77.919038,266.648132,0,2,0
6/6/2025,4,R-gamma-decalactone,31-May-25,1:15 PM,2025GDL,Stone Valley,40.648632,-77.919038,266.648132,0,0,1
6/6/2025,4,R-gamma-decalactone,31-May-25,9:40 AM,2025GDL,Stone Valley,40.648632,-77.919038,266.648132,0,1,5
6/6/2025,4,R-gamma-decalactone,31-May-25,9:00 AM,2025GDL,Stone Valley,40.648632,-77.919038,266.648132,0,0,3
6/6/2025,4,R-gamma-decalactone,31-May-25,9:00 AM,2025GDL,Stone Valley,40.64591,77.92306,NA,0,0,2
6/6/2025,4,R-gamma-decalactone,31-May-25,9:00 AM,2025GDL,Stone Valley,40.64591,77.92306,NA,0,1,1
6/6/2025,4,R-gamma-decalactone,31-May-25,10:00 AM,2025GDL,Stone Valley,40.64591,77.92306,NA,1,2,0
6/7/2025,4,R-gamma-decalactone,31-May-25,9:50 AM,2025GDL,Stone Valley,40.648632,-77.919038,266.648132,0,0,2
6/7/2025,4,R-gamma-decalactone,31-May-25,9:34 AM,2025GDL,Stone Valley,40.648632,-77.919038,266.648132,0,2,0
6/7/2025,4,R-gamma-decalactone,31-May-25,1:15 PM,2025GDL,Stone Valley,40.648632,-77.919038,266.648132,0,0,1
6/7/2025,4,R-gamma-decalactone,31-May-25,9:40 AM,2025GDL,Stone Valley,40.648632,-77.919038,266.648132,0,1,5
6/7/2025,4,R-gamma-decalactone,31-May-25,9:00 AM,2025GDL,Stone Valley,40.648632,-77.919038,266.648132,0,0,3
6/7/2025,4,R-gamma-decalactone,31-May-25,9:00 AM,2025GDL,Stone Valley,40.64591,77.92306,NA,0,0,2
6/7/2025,4,R-gamma-decalactone,31-May-25,9:00 AM,2025GDL,Stone Valley,40.64591,77.92306,NA,0,1,1
6/7/2025,4,R-gamma-decalactone,31-May-25,10:00 AM,2025GDL,Stone Valley,40.64591,77.92306,NA,1,2,0
6/8/2025,4,R-gamma-decalactone,31-May-25,9:50 AM,2025GDL,Stone Valley,40.648632,-77.919038,266.648132,0,0,2
6/8/2025,4,R-gamma-decalactone,31-May-25,9:34 AM,2025GDL,Stone Valley,40.648632,-77.919038,266.648132,0,2,0
6/8/2025,4,R-gamma-decalactone,31-May-25,1:15 PM,2025GDL,Stone Valley,40.648632,-77.919038,266.648132,0,0,1
6/8/2025,4,R-gamma-decalactone,31-May-25,9:40 AM,2025GDL,Stone Valley,40.648632,-77.919038,266.648132,0,1,5
6/8/2025,4,R-gamma-decalactone,31-May-25,9:00 AM,2025GDL,Stone Valley,40.648632,-77.919038,266.648132,0,0,3
6/8/2025,4,R-gamma-decalactone,31-May-25,9:00 AM,2025GDL,Stone Valley,40.64591,77.92306,NA,0,0,2
6/8/2025,4,R-gamma-decalactone,31-May-25,9:00 AM,2025GDL,Stone Valley,40.64591,77.92306,NA,0,1,1
6/8/2025,4,R-gamma-decalactone,31-May-25,10:00 AM,2025GDL,Stone Valley,40.64591,77.92306,NA,1,2,0
6/9/2025,4,R-gamma-decalactone,31-May-25,9:50 AM,2025GDL,Stone Valley,40.648632,-77.919038,266.648132,0,0,2
6/9/2025,4,R-gamma-decalactone,31-May-25,9:34 AM,2025GDL,Stone Valley,40.648632,-77.919038,266.648132,0,2,0
6/9/2025,4,R-gamma-decalactone,31-May-25,1:15 PM,2025GDL,Stone Valley,40.648632,-77.919038,266.648132,0,0,1
6/9/2025,4,R-gamma-decalactone,31-May-25,9:40 AM,2025GDL,Stone Valley,40.648632,-77.919038,266.648132,0,1,5
6/9/2025,4,R-gamma-decalactone,31-May-25,9:00 AM,2025GDL,Stone Valley,40.648632,-77.919038,266.648132,0,0,3
6/9/2025,4,R-gamma-decalactone,31-May-25,9:00 AM,2025GDL,Stone Valley,40.64591,77.92306,NA,0,0,2
6/9/2025,4,R-gamma-decalactone,31-May-25,9:00 AM,2025GDL,Stone Valley,40.64591,77.92306,NA,0,1,1
6/9/2025,4,R-gamma-decalactone,31-May-25,10:00 AM,2025GDL,Stone Valley,40.64591,77.92306,NA,1,2,0
6/10/2025,4,R-gamma-decalactone,31-May-25,9:50 AM,2025GDL,Stone Valley,40.648632,-77.919038,266.648132,0,0,2
6/10/2025,4,R-gamma-decalactone,31-May-25,9:34 AM,2025GDL,Stone Valley,40.648632,-77.919038,266.648132,0,2,0
6/10/2025,4,R-gamma-decalactone,31-May-25,1:15 PM,2025GDL,Stone Valley,40.648632,-77.919038,266.648132,0,0,1
6/10/2025,4,R-gamma-decalactone,31-May-25,9:40 AM,2025GDL,Stone Valley,40.648632,-77.919038,266.648132,0,1,5
6/10/2025,4,R-gamma-decalactone,31-May-25,9:00 AM,2025GDL,Stone Valley,40.648632,-77.919038,266.648132,0,0,3
6/10/2025,4,R-gamma-decalactone,31-May-25,9:00 AM,2025GDL,Stone Valley,40.64591,77.92306,NA,0,0,2
6/10/2025,4,R-gamma-decalactone,31-May-25,9:00 AM,2025GDL,Stone Valley,40.64591,77.92306,NA,0,1,1
6/10/2025,4,R-gamma-decalactone,31-May-25,10:00 AM,2025GDL,Stone Valley,40.64591,77.92306,NA,1,2,0
6/11/2025,4,R-gamma-decalactone,31-May-25,9:50 AM,2025GDL,Stone Valley,40.648632,-77.919038,266.648132,0,0,2
6/11/2025,4,R-gamma-decalactone,31-May-25,9:34 AM,2025GDL,Stone Valley,40.648632,-77.919038,266.648132,0,2,0
6/11/2025,4,R-gamma-decalactone,31-May-25,1:15 PM,2025GDL,Stone Valley,40.648632,-77.919038,266.648132,0,0,1
6/11/2025,4,R-gamma-decalactone,31-May-25,9:40 AM,2025GDL,Stone Valley,40.648632,-77.919038,266.648132,0,1,5
6/11/2025,4,R-gamma-decalactone,31-May-25,9:00 AM,2025GDL,Stone Valley,40.648632,-77.919038,266.648132,0,0,3
6/11/2025,4,R-gamma-decalactone,31-May-25,9:00 AM,2025GDL,Stone Valley,40.64591,77.92306,NA,0,0,2
6/11/2025,4,R-gamma-decalactone,31-May-25,9:00 AM,2025GDL,Stone Valley,40.64591,77.92306,NA,0,1,1
6/11/2025,4,R-gamma-decalactone,31-May-25,10:00 AM,2025GDL,Stone Valley,40.64591,77.92306,NA,1,2,0
6/12/2025,4,R-gamma-decalactone,31-May-25,9:50 AM,2025GDL,Stone Valley,40.648632,-77.919038,266.648132,0,0,2
6/12/2025,4,R-gamma-decalactone,31-May-25,9:34 AM,2025GDL,Stone Valley,40.648632,-77.919038,266.648132,0,2,0
6/12/2025,4,R-gamma-decalactone,31-May-25,1:15 PM,2025GDL,Stone Valley,40.648632,-77.919038,266.648132,0,0,1
6/12/2025,4,R-gamma-decalactone,31-May-25,9:40 AM,2025GDL,Stone Valley,40.648632,-77.919038,266.648132,0,1,5
6/12/2025,4,R-gamma-decalactone,31-May-25,9:00 AM,2025GDL,Stone Valley,40.648632,-77.919038,266.648132,0,0,3
6/12/2025,4,R-gamma-decalactone,31-May-25,9:00 AM,2025GDL,Stone Valley,40.64591,77.92306,NA,0,0,2
6/12/2025,4,R-gamma-decalactone,31-May-25,9:00 AM,2025GDL,Stone Valley,40.64591,77.92306,NA,0,1,1
6/12/2025,4,R-gamma-decalactone,31-May-25,10:00 AM,2025GDL,Stone Valley,40.64591,77.92306,NA,1,2,0
6/13/2025,4,R-gamma-decalactone,31-May-25,9:50 AM,2025GDL,Stone Valley,40.648632,-77.919038,266.648132,0,0,2
6/13/2025,4,R-gamma-decalactone,31-May-25,9:34 AM,2025GDL,Stone Valley,40.648632,-77.919038,266.648132,0,2,0
6/13/2025,4,R-gamma-decalactone,31-May-25,1:15 PM,2025GDL,Stone Valley,40.648632,-77.919038,266.648132,0,0,1
6/13/2025,4,R-gamma-decalactone,31-May-25,9:40 AM,2025GDL,Stone Valley,40.648632,-77.919038,266.648132,0,1,5
6/13/2025,4,R-gamma-decalactone,31-May-25,9:00 AM,2025GDL,Stone Valley,40.648632,-77.919038,266.648132,0,0,3
6/13/2025,4,R-gamma-decalactone,31-May-25,9:00 AM,2025GDL,Stone Valley,40.64591,77.92306,NA,0,0,2
6/13/2025,4,R-gamma-decalactone,31-May-25,9:00 AM,2025GDL,Stone Valley,40.64591,77.92306,NA,0,1,1
6/13/2025,4,R-gamma-decalactone,31-May-25,10:00 AM,2025GDL,Stone Valley,40.64591,77.92306,NA,1,2,0
6/14/2025,4,R-gamma-decalactone,31-May-25,9:50 AM,2025GDL,Stone Valley,40.648632,-77.919038,266.648132,0,0,2
6/14/2025,4,R-gamma-decalactone,31-May-25,9:34 AM,2025GDL,Stone Valley,40.648632,-77.919038,266.648132,0,2,0
6/14/2025,4,R-gamma-decalactone,31-May-25,1:15 PM,2025GDL,Stone Valley,40.648632,-77.919038,266.648132,0,0,1
6/14/2025,4,R-gamma-decalactone,31-May-25,9:40 AM,2025GDL,Stone Valley,40.648632,-77.919038,266.648132,0,1,5
6/14/2025,4,R-gamma-decalactone,31-May-25,9:00 AM,2025GDL,Stone Valley,40.648632,-77.919038,266.648132,0,0,3
6/14/2025,4,R-gamma-decalactone,31-May-25,9:00 AM,2025GDL,Stone Valley,40.64591,77.92306,NA,0,0,2
6/14/2025,4,R-gamma-decalactone,31-May-25,9:00 AM,2025GDL,Stone Valley,40.64591,77.92306,NA,0,1,1
6/14/2025,4,R-gamma-decalactone,31-May-25,10:00 AM,2025GDL,Stone Valley,40.64591,77.92306,NA,1,2,0
6/15/2025,4,R-gamma-decalactone,31-May-25,9:50 AM,2025GDL,Stone Valley,40.648632,-77.919038,266.648132,0,0,2
6/15/2025,4,R-gamma-decalactone,31-May-25,9:34 AM,2025GDL,Stone Valley,40.648632,-77.919038,266.648132,0,2,0
6/15/2025,4,R-gamma-decalactone,31-May-25,1:15 PM,2025GDL,Stone Valley,40.648632,-77.919038,266.648132,0,0,1
6/15/2025,4,R-gamma-decalactone,31-May-25,9:40 AM,2025GDL,Stone Valley,40.648632,-77.919038,266.648132,0,1,5
6/15/2025,4,R-gamma-decalactone,31-May-25,9:00 AM,2025GDL,Stone Valley,40.648632,-77.919038,266.648132,0,0,3
6/15/2025,4,R-gamma-decalactone,31-May-25,9:00 AM,2025GDL,Stone Valley,40.64591,77.92306,NA,0,0,2
6/15/2025,4,R-gamma-decalactone,31-May-25,9:00 AM,2025GDL,Stone Valley,40.64591,77.92306,NA,0,1,1
6/15/2025,4,R-gamma-decalactone,31-May-25,10:00 AM,2025GDL,Stone Valley,40.64591,77.92306,NA,1,2,0
6/16/2025,4,R-gamma-decalactone,31-May-25,9:50 AM,2025GDL,Stone Valley,40.648632,-77.919038,266.648132,0,0,2
6/16/2025,4,R-gamma-decalactone,31-May-25,9:34 AM,2025GDL,Stone Valley,40.648632,-77.919038,266.648132,0,2,0
6/16/2025,4,R-gamma-decalactone,31-May-25,1:15 PM,2025GDL,Stone Valley,40.648632,-77.919038,266.648132,0,0,1
6/16/2025,4,R-gamma-decalactone,31-May-25,9:40 AM,2025GDL,Stone Valley,40.648632,-77.919038,266.648132,0,1,5
6/16/2025,4,R-gamma-decalactone,31-May-25,9:00 AM,2025GDL,Stone Valley,40.648632,-77.919038,266.648132,0,0,3
6/16/2025,4,R-gamma-decalactone,31-May-25,9:00 AM,2025GDL,Stone Valley,40.64591,77.92306,NA,0,0,2
6/16/2025,4,R-gamma-decalactone,31-May-25,9:00 AM,2025GDL,Stone Valley,40.64591,77.92306,NA,0,1,1
6/16/2025,4,R-gamma-decalactone,31-May-25,10:00 AM,2025GDL,Stone Valley,40.64591,77.92306,NA,1,2,0
6/17/2025,4,R-gamma-decalactone,31-May-25,9:50 AM,2025GDL,Stone Valley,40.648632,-77.919038,266.648132,0,0,2
6/17/2025,4,R-gamma-decalactone,31-May-25,9:34 AM,2025GDL,Stone Valley,40.648632,-77.919038,266.648132,0,2,0
6/17/2025,4,R-gamma-decalactone,31-May-25,1:15 PM,2025GDL,Stone Valley,40.648632,-77.919038,266.648132,0,0,1
6/17/2025,4,R-gamma-decalactone,31-May-25,9:40 AM,2025GDL,Stone Valley,40.648632,-77.919038,266.648132,0,1,5
6/17/2025,4,R-gamma-decalactone,31-May-25,9:00 AM,2025GDL,Stone Valley,40.648632,-77.919038,266.648132,0,0,3
6/17/2025,4,R-gamma-decalactone,31-May-25,9:00 AM,2025GDL,Stone Valley,40.64591,77.92306,NA,0,0,2
6/17/2025,4,R-gamma-decalactone,31-May-25,9:00 AM,2025GDL,Stone Valley,40.64591,77.92306,NA,0,1,1
6/17/2025,4,R-gamma-decalactone,31-May-25,10:00 AM,2025GDL,Stone Valley,40.64591,77.92306,NA,1,2,0
6/18/2025,4,R-gamma-decalactone,31-May-25,9:50 AM,2025GDL,Stone Valley,40.648632,-77.919038,266.648132,0,0,2
6/18/2025,4,R-gamma-decalactone,31-May-25,9:34 AM,2025GDL,Stone Valley,40.648632,-77.919038,266.648132,0,2,0
6/18/2025,4,R-gamma-decalactone,31-May-25,1:15 PM,2025GDL,Stone Valley,40.648632,-77.919038,266.648132,0,0,1
6/18/2025,4,R-gamma-decalactone,31-May-25,9:40 AM,2025GDL,Stone Valley,40.648632,-77.919038,266.648132,0,1,5
6/18/2025,4,R-gamma-decalactone,31-May-25,9:00 AM,2025GDL,Stone Valley,40.648632,-77.919038,266.648132,0,0,3
6/18/2025,4,R-gamma-decalactone,31-May-25,9:00 AM,2025GDL,Stone Valley,40.64591,77.92306,NA,0,0,2
6/18/2025,4,R-gamma-decalactone,31-May-25,9:00 AM,2025GDL,Stone Valley,40.64591,77.92306,NA,0,1,1
6/18/2025,4,R-gamma-decalactone,31-May-25,10:00 AM,2025GDL,Stone Valley,40.64591,77.92306,NA,1,2,0
6/19/2025,4,R-gamma-decalactone,31-May-25,9:50 AM,2025GDL,Stone Valley,40.648632,-77.919038,266.648132,0,0,2
6/19/2025,4,R-gamma-decalactone,31-May-25,9:34 AM,2025GDL,Stone Valley,40.648632,-77.919038,266.648132,0,2,0
6/19/2025,4,R-gamma-decalactone,31-May-25,1:15 PM,2025GDL,Stone Valley,40.648632,-77.919038,266.648132,0,0,1
6/19/2025,4,R-gamma-decalactone,31-May-25,9:40 AM,2025GDL,Stone Valley,40.648632,-77.919038,266.648132,0,1,5
6/19/2025,4,R-gamma-decalactone,31-May-25,9:00 AM,2025GDL,Stone Valley,40.648632,-77.919038,266.648132,0,0,3
6/19/2025,4,R-gamma-decalactone,31-May-25,9:00 AM,2025GDL,Stone Valley,40.64591,77.92306,NA,0,0,2
6/19/2025,4,R-gamma-decalactone,31-May-25,9:00 AM,2025GDL,Stone Valley,40.64591,77.92306,NA,0,1,1
6/19/2025,4,R-gamma-decalactone,31-May-25,10:00 AM,2025GDL,Stone Valley,40.64591,77.92306,NA,1,2,0
6/20/2025,4,R-gamma-decalactone,31-May-25,9:50 AM,2025GDL,Stone Valley,40.648632,-77.919038,266.648132,0,0,2
6/20/2025,4,R-gamma-decalactone,31-May-25,9:34 AM,2025GDL,Stone Valley,40.648632,-77.919038,266.648132,0,2,0
6/20/2025,4,R-gamma-decalactone,31-May-25,1:15 PM,2025GDL,Stone Valley,40.648632,-77.919038,266.648132,0,0,1
6/20/2025,4,R-gamma-decalactone,31-May-25,9:40 AM,2025GDL,Stone Valley,40.648632,-77.919038,266.648132,0,1,5
6/20/2025,4,R-gamma-decalactone,31-May-25,9:00 AM,2025GDL,Stone Valley,40.648632,-77.919038,266.648132,0,0,3
6/20/2025,4,R-gamma-decalactone,31-May-25,9:00 AM,2025GDL,Stone Valley,40.64591,77.92306,NA,0,0,2
6/20/2025,4,R-gamma-decalactone,31-May-25,9:00 AM,2025GDL,Stone Valley,40.64591,77.92306,NA,0,1,1
6/20/2025,4,R-gamma-decalactone,31-May-25,10:00 AM,2025GDL,Stone Valley,40.64591,77.92306,NA,1,2,0
6/21/2025,4,R-gamma-decalactone,31-May-25,9:50 AM,2025GDL,Stone Valley,40.648632,-77.919038,266.648132,0,0,2
6/21/2025,4,R-gamma-decalactone,31-May-25,9:34 AM,2025GDL,Stone Valley,40.648632,-77.919038,266.648132,0,2,0
6/21/2025,4,R-gamma-decalactone,31-May-25,1:15 PM,2025GDL,Stone Valley,40.648632,-77.919038,266.648132,0,0,1
6/21/2025,4,R-gamma-decalactone,31-May-25,9:40 AM,2025GDL,Stone Valley,40.648632,-77.919038,266.648132,0,1,5
6/21/2025,4,R-gamma-decalactone,31-May-25,9:00 AM,2025GDL,Stone Valley,40.648632,-77.919038,266.648132,0,0,3
6/21/2025,4,R-gamma-decalactone,31-May-25,9:00 AM,2025GDL,Stone Valley,40.64591,77.92306,NA,0,0,2
6/21/2025,4,R-gamma-decalactone,31-May-25,9:00 AM,2025GDL,Stone Valley,40.64591,77.92306,NA,0,1,1
6/21/2025,4,R-gamma-decalactone,31-May-25,10:00 AM,2025GDL,Stone Valley,40.64591,77.92306,NA,1,2,0
6/22/2025,4,R-gamma-decalactone,31-May-25,9:50 AM,2025GDL,Stone Valley,40.648632,-77.919038,266.648132,0,0,2
6/22/2025,4,R-gamma-decalactone,31-May-25,9:34 AM,2025GDL,Stone Valley,40.648632,-77.919038,266.648132,0,2,0
6/22/2025,4,R-gamma-decalactone,31-May-25,1:15 PM,2025GDL,Stone Valley,40.648632,-77.919038,266.648132,0,0,1
6/22/2025,4,R-gamma-decalactone,31-May-25,9:40 AM,2025GDL,Stone Valley,40.648632,-77.919038,266.648132,0,1,5
6/22/2025,4,R-gamma-decalactone,31-May-25,9:00 AM,2025GDL,Stone Valley,40.648632,-77.919038,266.648132,0,0,3
6/22/2025,4,R-gamma-decalactone,31-May-25,9:00 AM,2025GDL,Stone Valley,40.64591,77.92306,NA,0,0,2
6/22/2025,4,R-gamma-decalactone,31-May-25,9:00 AM,2025GDL,Stone Valley,40.64591,77.92306,NA,0,1,1
6/22/2025,4,R-gamma-decalactone,31-May-25,10:00 AM,2025GDL,Stone Valley,40.64591,77.92306,NA,1,2,0
6/23/2025,4,R-gamma-decalactone,31-May-25,9:50 AM,2025GDL,Stone Valley,40.648632,-77.919038,266.648132,0,0,2
6/23/2025,4,R-gamma-decalactone,31-May-25,9:34 AM,2025GDL,Stone Valley,40.648632,-77.919038,266.648132,0,2,0
6/23/2025,4,R-gamma-decalactone,31-May-25,1:15 PM,2025GDL,Stone Valley,40.648632,-77.919038,266.648132,0,0,1
6/23/2025,4,R-gamma-decalactone,31-May-25,9:40 AM,2025GDL,Stone Valley,40.648632,-77.919038,266.648132,0,1,5
6/23/2025,4,R-gamma-decalactone,31-May-25,9:00 AM,2025GDL,Stone Valley,40.648632,-77.919038,266.648132,0,0,3
6/23/2025,4,R-gamma-decalactone,31-May-25,9:00 AM,2025GDL,Stone Valley,40.64591,77.92306,NA,0,0,2
6/23/2025,4,R-gamma-decalactone,31-May-25,9:00 AM,2025GDL,Stone Valley,40.64591,77.92306,NA,0,1,1
6/23/2025,4,R-gamma-decalactone,31-May-25,10:00 AM,2025GDL,Stone Valley,40.64591,77.92306,NA,1,2,0
6/24/2025,4,R-gamma-decalactone,31-May-25,9:50 AM,2025GDL,Stone Valley,40.648632,-77.919038,266.648132,0,0,2
6/24/2025,4,R-gamma-decalactone,31-May-25,9:34 AM,2025GDL,Stone Valley,40.648632,-77.919038,266.648132,0,2,0
6/24/2025,4,R-gamma-decalactone,31-May-25,1:15 PM,2025GDL,Stone Valley,40.648632,-77.919038,266.648132,0,0,1
6/24/2025,4,R-gamma-decalactone,31-May-25,9:40 AM,2025GDL,Stone Valley,40.648632,-77.919038,266.648132,0,1,5
6/24/2025,4,R-gamma-decalactone,31-May-25,9:00 AM,2025GDL,Stone Valley,40.648632,-77.919038,266.648132,0,0,3
6/24/2025,4,R-gamma-decalactone,31-May-25,9:00 AM,2025GDL,Stone Valley,40.64591,77.92306,NA,0,0,2
6/24/2025,4,R-gamma-decalactone,31-May-25,9:00 AM,2025GDL,Stone Valley,40.64591,77.92306,NA,0,1,1
6/24/2025,4,R-gamma-decalactone,31-May-25,10:00 AM,2025GDL,Stone Valley,40.64591,77.92306,NA,1,2,0
6/25/2025,4,R-gamma-decalactone,31-May-25,9:50 AM,2025GDL,Stone Valley,40.648632,-77.919038,266.648132,0,0,2
6/25/2025,4,R-gamma-decalactone,31-May-25,9:34 AM,2025GDL,Stone Valley,40.648632,-77.919038,266.648132,0,2,0
6/25/2025,4,R-gamma-decalactone,31-May-25,1:15 PM,2025GDL,Stone Valley,40.648632,-77.919038,266.648132,0,0,1
6/25/2025,4,R-gamma-decalactone,31-May-25,9:40 AM,2025GDL,Stone Valley,40.648632,-77.919038,266.648132,0,1,5
6/25/2025,4,R-gamma-decalactone,31-May-25,9:00 AM,2025GDL,Stone Valley,40.648632,-77.919038,266.648132,0,0,3
6/25/2025,4,R-gamma-decalactone,31-May-25,9:00 AM,2025GDL,Stone Valley,40.64591,77.92306,NA,0,0,2
6/25/2025,4,R-gamma-decalactone,31-May-25,9:00 AM,2025GDL,Stone Valley,40.64591,77.92306,NA,0,1,1
6/25/2025,4,R-gamma-decalactone,31-May-25,10:00 AM,2025GDL,Stone Valley,40.64591,77.92306,NA,1,2,0
6/26/2025,4,R-gamma-decalactone,31-May-25,9:50 AM,2025GDL,Stone Valley,40.648632,-77.919038,266.648132,0,0,2
6/26/2025,4,R-gamma-decalactone,31-May-25,9:34 AM,2025GDL,Stone Valley,40.648632,-77.919038,266.648132,0,2,0
6/26/2025,4,R-gamma-decalactone,31-May-25,1:15 PM,2025GDL,Stone Valley,40.648632,-77.919038,266.648132,0,0,1
6/26/2025,4,R-gamma-decalactone,31-May-25,9:40 AM,2025GDL,Stone Valley,40.648632,-77.919038,266.648132,0,1,5
6/26/2025,4,R-gamma-decalactone,31-May-25,9:00 AM,2025GDL,Stone Valley,40.648632,-77.919038,266.648132,0,0,3
6/26/2025,4,R-gamma-decalactone,31-May-25,9:00 AM,2025GDL,Stone Valley,40.64591,77.92306,NA,0,0,2
6/26/2025,4,R-gamma-decalactone,31-May-25,9:00 AM,2025GDL,Stone Valley,40.64591,77.92306,NA,0,1,1
6/26/2025,4,R-gamma-decalactone,31-May-25,10:00 AM,2025GDL,Stone Valley,40.64591,77.92306,NA,1,2,0
6/27/2025,4,R-gamma-decalactone,31-May-25,9:50 AM,2025GDL,Stone Valley,40.648632,-77.919038,266.648132,0,0,2
6/27/2025,4,R-gamma-decalactone,31-May-25,9:34 AM,2025GDL,Stone Valley,40.648632,-77.919038,266.648132,0,2,0
6/27/2025,4,R-gamma-decalactone,31-May-25,1:15 PM,2025GDL,Stone Valley,40.648632,-77.919038,266.648132,0,0,1
6/27/2025,4,R-gamma-decalactone,31-May-25,9:40 AM,2025GDL,Stone Valley,40.648632,-77.919038,266.648132,0,1,5
6/27/2025,4,R-gamma-decalactone,31-May-25,9:00 AM,2025GDL,Stone Valley,40.648632,-77.919038,266.648132,0,0,3
6/27/2025,4,R-gamma-decalactone,31-May-25,9:00 AM,2025GDL,Stone Valley,40.64591,77.92306,NA,0,0,2
6/27/2025,4,R-gamma-decalactone,31-May-25,9:00 AM,2025GDL,Stone Valley,40.64591,77.92306,NA,0,1,1
6/27/2025,4,R-gamma-decalactone,31-May-25,10:00 AM,2025GDL,Stone Valley,40.64591,77.92306,NA,1,2,0
6/28/2025,4,R-gamma-decalactone,31-May-25,9:50 AM,2025GDL,Stone Valley,40.648632,-77.919038,266.648132,0,0,2
6/28/2025,4,R-gamma-decalactone,31-May-25,9:34 AM,2025GDL,Stone Valley,40.648632,-77.919038,266.648132,0,2,0
6/28/2025,4,R-gamma-decalactone,31-May-25,1:15 PM,2025GDL,Stone Valley,40.648632,-77.919038,266.648132,0,0,1
6/28/2025,4,R-gamma-decalactone,31-May-25,9:40 AM,2025GDL,Stone Valley,40.648632,-77.919038,266.648132,0,1,5
6/28/2025,4,R-gamma-decalactone,31-May-25,9:00 AM,2025GDL,Stone Valley,40.648632,-77.919038,266.648132,0,0,3
6/28/2025,4,R-gamma-decalactone,31-May-25,9:00 AM,2025GDL,Stone Valley,40.64591,77.92306,NA,0,0,2
6/28/2025,4,R-gamma-decalactone,31-May-25,9:00 AM,2025GDL,Stone Valley,40.64591,77.92306,NA,0,1,1
6/28/2025,4,R-gamma-decalactone,31-May-25,10:00 AM,2025GDL,Stone Valley,40.64591,77.92306,NA,1,2,0
6/29/2025,4,R-gamma-decalactone,31-May-25,9:50 AM,2025GDL,Stone Valley,40.648632,-77.919038,266.648132,0,0,2
6/29/2025,4,R-gamma-decalactone,31-May-25,9:34 AM,2025GDL,Stone Valley,40.648632,-77.919038,266.648132,0,2,0
6/29/2025,4,R-gamma-decalactone,31-May-25,1:15 PM,2025GDL,Stone Valley,40.648632,-77.919038,266.648132,0,0,1
6/29/2025,4,R-gamma-decalactone,31-May-25,9:40 AM,2025GDL,Stone Valley,40.648632,-77.919038,266.648132,0,1,5
6/29/2025,4,R-gamma-decalactone,31-May-25,9:00 AM,2025GDL,Stone Valley,40.648632,-77.919038,266.648132,0,0,3
6/29/2025,4,R-gamma-decalactone,31-May-25,9:00 AM,2025GDL,Stone Valley,40.64591,77.92306,NA,0,0,2
6/29/2025,4,R-gamma-decalactone,31-May-25,9:00 AM,2025GDL,Stone Valley,40.64591,77.92306,NA,0,1,1
6/29/2025,4,R-gamma-decalactone,31-May-25,10:00 AM,2025GDL,Stone Valley,40.64591,77.92306,NA,1,2,0
6/30/2025,4,R-gamma-decalactone,31-May-25,9:50 AM,2025GDL,Stone Valley,40.648632,-77.919038,266.648132,0,0,2
6/30/2025,4,R-gamma-decalactone,31-May-25,9:34 AM,2025GDL,Stone Valley,40.648632,-77.919038,266.648132,0,2,0
6/30/2025,4,R-gamma-decalactone,31-May-25,1:15 PM,2025GDL,Stone Valley,40.648632,-77.919038,266.648132,0,0,1
6/30/2025,4,R-gamma-decalactone,31-May-25,9:40 AM,2025GDL,Stone Valley,40.648632,-77.919038,266.648132,0,1,5
6/30/2025,4,R-gamma-decalactone,31-May-25,9:00 AM,2025GDL,Stone Valley,40.648632,-77.919038,266.648132,0,0,3
6/30/2025,4,R-gamma-decalactone,31-May-25,9:00 AM,2025GDL,Stone Valley,40.64591,77.92306,NA,0,0,2
6/30/2025,4,R-gamma-decalactone,31-May-25,9:00 AM,2025GDL,Stone Valley,40.64591,77.92306,NA,0,1,1
6/30/2025,4,R-gamma-decalactone,31-May-25,10:00 AM,2025GDL,Stone Valley,40.64591,77.92306,NA,1,2,0
7/1/2025,4,R-gamma-decalactone,31-May-25,9:50 AM,2025GDL,Stone Valley,40.648632,-77.919038,266.648132,0,0,2
7/1/2025,4,R-gamma-decalactone,31-May-25,9:34 AM,2025GDL,Stone Valley,40.648632,-77.919038,266.648132,0,2,0
7/1/2025,4,R-gamma-decalactone,31-May-25,1:15 PM,2025GDL,Stone Valley,40.648632,-77.919038,266.648132,0,0,1
7/1/2025,4,R-gamma-decalactone,31-May-25,9:40 AM,2025GDL,Stone Valley,40.648632,-77.919038,266.648132,0,1,5
7/1/2025,4,R-gamma-decalactone,31-May-25,9:00 AM,2025GDL,Stone Valley,40.648632,-77.919038,266.648132,0,0,3
7/1/2025,4,R-gamma-decalactone,31-May-25,9:00 AM,2025GDL,Stone Valley,40.64591,77.92306,NA,0,0,2
7/1/2025,4,R-gamma-decalactone,31-May-25,9:00 AM,2025GDL,Stone Valley,40.64591,77.92306,NA,0,1,1
7/1/2025,4,R-gamma-decalactone,31-May-25,10:00 AM,2025GDL,Stone Valley,40.64591,77.92306,NA,1,2,0
7/2/2025,4,R-gamma-decalactone,31-May-25,9:50 AM,2025GDL,Stone Valley,40.648632,-77.919038,266.648132,0,0,2
7/2/2025,4,R-gamma-decalactone,31-May-25,9:34 AM,2025GDL,Stone Valley,40.648632,-77.919038,266.648132,0,2,0
7/2/2025,4,R-gamma-decalactone,31-May-25,1:15 PM,2025GDL,Stone Valley,40.648632,-77.919038,266.648132,0,0,1
7/2/2025,4,R-gamma-decalactone,31-May-25,9:40 AM,2025GDL,Stone Valley,40.648632,-77.919038,266.648132,0,1,5
7/2/2025,4,R-gamma-decalactone,31-May-25,9:00 AM,2025GDL,Stone Valley,40.648632,-77.919038,266.648132,0,0,3
7/2/2025,4,R-gamma-decalactone,31-May-25,9:00 AM,2025GDL,Stone Valley,40.64591,77.92306,NA,0,0,2
7/2/2025,4,R-gamma-decalactone,31-May-25,9:00 AM,2025GDL,Stone Valley,40.64591,77.92306,NA,0,1,1
7/2/2025,4,R-gamma-decalactone,31-May-25,10:00 AM,2025GDL,Stone Valley,40.64591,77.92306,NA,1,2,0
7/3/2025,4,R-gamma-decalactone,31-May-25,9:50 AM,2025GDL,Stone Valley,40.648632,-77.919038,266.648132,0,0,2
7/3/2025,4,R-gamma-decalactone,31-May-25,9:34 AM,2025GDL,Stone Valley,40.648632,-77.919038,266.648132,0,2,0
7/3/2025,4,R-gamma-decalactone,31-May-25,1:15 PM,2025GDL,Stone Valley,40.648632,-77.919038,266.648132,0,0,1
7/3/2025,4,R-gamma-decalactone,31-May-25,9:40 AM,2025GDL,Stone Valley,40.648632,-77.919038,266.648132,0,1,5
7/3/2025,4,R-gamma-decalactone,31-May-25,9:00 AM,2025GDL,Stone Valley,40.648632,-77.919038,266.648132,0,0,3
7/3/2025,4,R-gamma-decalactone,31-May-25,9:00 AM,2025GDL,Stone Valley,40.64591,77.92306,NA,0,0,2
7/3/2025,4,R-gamma-decalactone,31-May-25,9:00 AM,2025GDL,Stone Valley,40.64591,77.92306,NA,0,1,1
7/3/2025,4,R-gamma-decalactone,31-May-25,10:00 AM,2025GDL,Stone Valley,40.64591,77.92306,NA,1,2,0
7/4/2025,4,R-gamma-decalactone,31-May-25,9:50 AM,2025GDL,Stone Valley,40.648632,-77.919038,266.648132,0,0,2
7/4/2025,4,R-gamma-decalactone,31-May-25,9:34 AM,2025GDL,Stone Valley,40.648632,-77.919038,266.648132,0,2,0
7/4/2025,4,R-gamma-decalactone,31-May-25,1:15 PM,2025GDL,Stone Valley,40.648632,-77.919038,266.648132,0,0,1
7/4/2025,4,R-gamma-decalactone,31-May-25,9:40 AM,2025GDL,Stone Valley,40.648632,-77.919038,266.648132,0,1,5
7/4/2025,4,R-gamma-decalactone,31-May-25,9:00 AM,2025GDL,Stone Valley,40.648632,-77.919038,266.648132,0,0,3
7/4/2025,4,R-gamma-decalactone,31-May-25,9:00 AM,2025GDL,Stone Valley,40.64591,77.92306,NA,0,0,2
7/4/2025,4,R-gamma-decalactone,31-May-25,9:00 AM,2025GDL,Stone Valley,40.64591,77.92306,NA,0,1,1
7/4/2025,4,R-gamma-decalactone,31-May-25,10:00 AM,2025GDL,Stone Valley,40.64591,77.92306,NA,1,2,0
7/5/2025,4,R-gamma-decalactone,31-May-25,9:50 AM,2025GDL,Stone Valley,40.648632,-77.919038,266.648132,0,0,2
7/5/2025,4,R-gamma-decalactone,31-May-25,9:34 AM,2025GDL,Stone Valley,40.648632,-77.919038,266.648132,0,2,0
7/5/2025,4,R-gamma-decalactone,31-May-25,1:15 PM,2025GDL,Stone Valley,40.648632,-77.919038,266.648132,0,0,1
7/5/2025,4,R-gamma-decalactone,31-May-25,9:40 AM,2025GDL,Stone Valley,40.648632,-77.919038,266.648132,0,1,5
7/5/2025,4,R-gamma-decalactone,31-May-25,9:00 AM,2025GDL,Stone Valley,40.648632,-77.919038,266.648132,0,0,3
7/5/2025,4,R-gamma-decalactone,31-May-25,9:00 AM,2025GDL,Stone Valley,40.64591,77.92306,NA,0,0,2
7/5/2025,4,R-gamma-decalactone,31-May-25,9:00 AM,2025GDL,Stone Valley,40.64591,77.92306,NA,0,1,1
7/5/2025,4,R-gamma-decalactone,31-May-25,10:00 AM,2025GDL,Stone Valley,40.64591,77.92306,NA,1,2,0
7/6/2025,4,R-gamma-decalactone,31-May-25,9:50 AM,2025GDL,Stone Valley,40.648632,-77.919038,266.648132,0,0,2
7/6/2025,4,R-gamma-decalactone,31-May-25,9:34 AM,2025GDL,Stone Valley,40.648632,-77.919038,266.648132,0,2,0
7/6/2025,4,R-gamma-decalactone,31-May-25,1:15 PM,2025GDL,Stone Valley,40.648632,-77.919038,266.648132,0,0,1
7/6/2025,4,R-gamma-decalactone,31-May-25,9:40 AM,2025GDL,Stone Valley,40.648632,-77.919038,266.648132,0,1,5
7/6/2025,4,R-gamma-decalactone,31-May-25,9:00 AM,2025GDL,Stone Valley,40.648632,-77.919038,266.648132,0,0,3
7/6/2025,4,R-gamma-decalactone,31-May-25,9:00 AM,2025GDL,Stone Valley,40.64591,77.92306,NA,0,0,2
7/6/2025,4,R-gamma-decalactone,31-May-25,9:00 AM,2025GDL,Stone Valley,40.64591,77.92306,NA,0,1,1
7/6/2025,4,R-gamma-decalactone,31-May-25,10:00 AM,2025GDL,Stone Valley,40.64591,77.92306,NA,1,2,0
7/7/2025,4,R-gamma-decalactone,31-May-25,9:50 AM,2025GDL,Stone Valley,40.648632,-77.919038,266.648132,0,0,2
7/7/2025,4,R-gamma-decalactone,31-May-25,9:34 AM,2025GDL,Stone Valley,40.648632,-77.919038,266.648132,0,2,0
7/7/2025,4,R-gamma-decalactone,31-May-25,1:15 PM,2025GDL,Stone Valley,40.648632,-77.919038,266.648132,0,0,1
7/7/2025,4,R-gamma-decalactone,31-May-25,9:40 AM,2025GDL,Stone Valley,40.648632,-77.919038,266.648132,0,1,5
7/7/2025,4,R-gamma-decalactone,31-May-25,9:00 AM,2025GDL,Stone Valley,40.648632,-77.919038,266.648132,0,0,3
7/7/2025,4,R-gamma-decalactone,31-May-25,9:00 AM,2025GDL,Stone Valley,40.64591,77.92306,NA,0,0,2
7/7/2025,4,R-gamma-decalactone,31-May-25,9:00 AM,2025GDL,Stone Valley,40.64591,77.92306,NA,0,1,1
7/7/2025,4,R-gamma-decalactone,31-May-25,10:00 AM,2025GDL,Stone Valley,40.64591,77.92306,NA,1,2,0
7/8/2025,4,R-gamma-decalactone,31-May-25,9:50 AM,2025GDL,Stone Valley,40.648632,-77.919038,266.648132,0,0,2
7/8/2025,4,R-gamma-decalactone,31-May-25,9:34 AM,2025GDL,Stone Valley,40.648632,-77.919038,266.648132,0,2,0
7/8/2025,4,R-gamma-decalactone,31-May-25,1:15 PM,2025GDL,Stone Valley,40.648632,-77.919038,266.648132,0,0,1
7/8/2025,4,R-gamma-decalactone,31-May-25,9:40 AM,2025GDL,Stone Valley,40.648632,-77.919038,266.648132,0,1,5
7/8/2025,4,R-gamma-decalactone,31-May-25,9:00 AM,2025GDL,Stone Valley,40.648632,-77.919038,266.648132,0,0,3
7/8/2025,4,R-gamma-decalactone,31-May-25,9:00 AM,2025GDL,Stone Valley,40.64591,77.92306,NA,0,0,2
7/8/2025,4,R-gamma-decalactone,31-May-25,9:00 AM,2025GDL,Stone Valley,40.64591,77.92306,NA,0,1,1
7/8/2025,4,R-gamma-decalactone,31-May-25,10:00 AM,2025GDL,Stone Valley,40.64591,77.92306,NA,1,2,0
7/9/2025,4,R-gamma-decalactone,31-May-25,9:50 AM,2025GDL,Stone Valley,40.648632,-77.919038,266.648132,0,0,2
7/9/2025,4,R-gamma-decalactone,31-May-25,9:34 AM,2025GDL,Stone Valley,40.648632,-77.919038,266.648132,0,2,0
7/9/2025,4,R-gamma-decalactone,31-May-25,1:15 PM,2025GDL,Stone Valley,40.648632,-77.919038,266.648132,0,0,1
7/9/2025,4,R-gamma-decalactone,31-May-25,9:40 AM,2025GDL,Stone Valley,40.648632,-77.919038,266.648132,0,1,5
7/9/2025,4,R-gamma-decalactone,31-May-25,9:00 AM,2025GDL,Stone Valley,40.648632,-77.919038,266.648132,0,0,3
7/9/2025,4,R-gamma-decalactone,31-May-25,9:00 AM,2025GDL,Stone Valley,40.64591,77.92306,NA,0,0,2
7/9/2025,4,R-gamma-decalactone,31-May-25,9:00 AM,2025GDL,Stone Valley,40.64591,77.92306,NA,0,1,1
7/9/2025,4,R-gamma-decalactone,31-May-25,10:00 AM,2025GDL,Stone Valley,40.64591,77.92306,NA,1,2,0
7/10/2025,4,R-gamma-decalactone,31-May-25,9:50 AM,2025GDL,Stone Valley,40.648632,-77.919038,266.648132,0,0,2
7/10/2025,4,R-gamma-decalactone,31-May-25,9:34 AM,2025GDL,Stone Valley,40.648632,-77.919038,266.648132,0,2,0
7/10/2025,4,R-gamma-decalactone,31-May-25,1:15 PM,2025GDL,Stone Valley,40.648632,-77.919038,266.648132,0,0,1
7/10/2025,4,R-gamma-decalactone,31-May-25,9:40 AM,2025GDL,Stone Valley,40.648632,-77.919038,266.648132,0,1,5
7/10/2025,4,R-gamma-decalactone,31-May-25,9:00 AM,2025GDL,Stone Valley,40.648632,-77.919038,266.648132,0,0,3
7/10/2025,4,R-gamma-decalactone,31-May-25,9:00 AM,2025GDL,Stone Valley,40.64591,77.92306,NA,0,0,2
7/10/2025,4,R-gamma-decalactone,31-May-25,9:00 AM,2025GDL,Stone Valley,40.64591,77.92306,NA,0,1,1
7/10/2025,4,R-gamma-decalactone,31-May-25,10:00 AM,2025GDL,Stone Valley,40.64591,77.92306,NA,1,2,0
7/11/2025,4,R-gamma-decalactone,31-May-25,9:50 AM,2025GDL,Stone Valley,40.648632,-77.919038,266.648132,0,0,2
7/11/2025,4,R-gamma-decalactone,31-May-25,9:34 AM,2025GDL,Stone Valley,40.648632,-77.919038,266.648132,0,2,0
7/11/2025,4,R-gamma-decalactone,31-May-25,1:15 PM,2025GDL,Stone Valley,40.648632,-77.919038,266.648132,0,0,1
7/11/2025,4,R-gamma-decalactone,31-May-25,9:40 AM,2025GDL,Stone Valley,40.648632,-77.919038,266.648132,0,1,5
7/11/2025,4,R-gamma-decalactone,31-May-25,9:00 AM,2025GDL,Stone Valley,40.648632,-77.919038,266.648132,0,0,3
7/11/2025,4,R-gamma-decalactone,31-May-25,9:00 AM,2025GDL,Stone Valley,40.64591,77.92306,NA,0,0,2
7/11/2025,4,R-gamma-decalactone,31-May-25,9:00 AM,2025GDL,Stone Valley,40.64591,77.92306,NA,0,1,1
7/11/2025,4,R-gamma-decalactone,31-May-25,10:00 AM,2025GDL,Stone Valley,40.64591,77.92306,NA,1,2,0
7/12/2025,4,R-gamma-decalactone,31-May-25,9:50 AM,2025GDL,Stone Valley,40.648632,-77.919038,266.648132,0,0,2
7/12/2025,4,R-gamma-decalactone,31-May-25,9:34 AM,2025GDL,Stone Valley,40.648632,-77.919038,266.648132,0,2,0
7/12/2025,4,R-gamma-decalactone,31-May-25,1:15 PM,2025GDL,Stone Valley,40.648632,-77.919038,266.648132,0,0,1
7/12/2025,4,R-gamma-decalactone,31-May-25,9:40 AM,2025GDL,Stone Valley,40.648632,-77.919038,266.648132,0,1,5
7/12/2025,4,R-gamma-decalactone,31-May-25,9:00 AM,2025GDL,Stone Valley,40.648632,-77.919038,266.648132,0,0,3
7/12/2025,4,R-gamma-decalactone,31-May-25,9:00 AM,2025GDL,Stone Valley,40.64591,77.92306,NA,0,0,2
7/12/2025,4,R-gamma-decalactone,31-May-25,9:00 AM,2025GDL,Stone Valley,40.64591,77.92306,NA,0,1,1
7/12/2025,4,R-gamma-decalactone,31-May-25,10:00 AM,2025GDL,Stone Valley,40.64591,77.92306,NA,1,2,0
7/13/2025,4,R-gamma-decalactone,31-May-25,9:50 AM,2025GDL,Stone Valley,40.648632,-77.919038,266.648132,0,0,2
7/13/2025,4,R-gamma-decalactone,31-May-25,9:34 AM,2025GDL,Stone Valley,40.648632,-77.919038,266.648132,0,2,0
7/13/2025,4,R-gamma-decalactone,31-May-25,1:15 PM,2025GDL,Stone Valley,40.648632,-77.919038,266.648132,0,0,1
7/13/2025,4,R-gamma-decalactone,31-May-25,9:40 AM,2025GDL,Stone Valley,40.648632,-77.919038,266.648132,0,1,5
7/13/2025,4,R-gamma-decalactone,31-May-25,9:00 AM,2025GDL,Stone Valley,40.648632,-77.919038,266.648132,0,0,3
7/13/2025,4,R-gamma-decalactone,31-May-25,9:00 AM,2025GDL,Stone Valley,40.64591,77.92306,NA,0,0,2
7/13/2025,4,R-gamma-decalactone,31-May-25,9:00 AM,2025GDL,Stone Valley,40.64591,77.92306,NA,0,1,1
7/13/2025,4,R-gamma-decalactone,31-May-25,10:00 AM,2025GDL,Stone Valley,40.64591,77.92306,NA,1,2,0
7/14/2025,4,R-gamma-decalactone,31-May-25,9:50 AM,2025GDL,Stone Valley,40.648632,-77.919038,266.648132,0,0,2
7/14/2025,4,R-gamma-decalactone,31-May-25,9:34 AM,2025GDL,Stone Valley,40.648632,-77.919038,266.648132,0,2,0
7/14/2025,4,R-gamma-decalactone,31-May-25,1:15 PM,2025GDL,Stone Valley,40.648632,-77.919038,266.648132,0,0,1
7/14/2025,4,R-gamma-decalactone,31-May-25,9:40 AM,2025GDL,Stone Valley,40.648632,-77.919038,266.648132,0,1,5
7/14/2025,4,R-gamma-decalactone,31-May-25,9:00 AM,2025GDL,Stone Valley,40.648632,-77.919038,266.648132,0,0,3
7/14/2025,4,R-gamma-decalactone,31-May-25,9:00 AM,2025GDL,Stone Valley,40.64591,77.92306,NA,0,0,2
7/14/2025,4,R-gamma-decalactone,31-May-25,9:00 AM,2025GDL,Stone Valley,40.64591,77.92306,NA,0,1,1
7/14/2025,4,R-gamma-decalactone,31-May-25,10:00 AM,2025GDL,Stone Valley,40.64591,77.92306,NA,1,2,0
7/15/2025,4,R-gamma-decalactone,31-May-25,9:50 AM,2025GDL,Stone Valley,40.648632,-77.919038,266.648132,0,0,2
7/15/2025,4,R-gamma-decalactone,31-May-25,9:34 AM,2025GDL,Stone Valley,40.648632,-77.919038,266.648132,0,2,0
7/15/2025,4,R-gamma-decalactone,31-May-25,1:15 PM,2025GDL,Stone Valley,40.648632,-77.919038,266.648132,0,0,1
7/15/2025,4,R-gamma-decalactone,31-May-25,9:40 AM,2025GDL,Stone Valley,40.648632,-77.919038,266.648132,0,1,5
7/15/2025,4,R-gamma-decalactone,31-May-25,9:00 AM,2025GDL,Stone Valley,40.648632,-77.919038,266.648132,0,0,3
7/15/2025,4,R-gamma-decalactone,31-May-25,9:00 AM,2025GDL,Stone Valley,40.64591,77.92306,NA,0,0,2
7/15/2025,4,R-gamma-decalactone,31-May-25,9:00 AM,2025GDL,Stone Valley,40.64591,77.92306,NA,0,1,1
7/15/2025,4,R-gamma-decalactone,31-May-25,10:00 AM,2025GDL,Stone Valley,40.64591,77.92306,NA,1,2,0
7/16/2025,4,R-gamma-decalactone,31-May-25,9:50 AM,2025GDL,Stone Valley,40.648632,-77.919038,266.648132,0,0,2
7/16/2025,4,R-gamma-decalactone,31-May-25,9:34 AM,2025GDL,Stone Valley,40.648632,-77.919038,266.648132,0,2,0
7/16/2025,4,R-gamma-decalactone,31-May-25,1:15 PM,2025GDL,Stone Valley,40.648632,-77.919038,266.648132,0,0,1
7/16/2025,4,R-gamma-decalactone,31-May-25,9:40 AM,2025GDL,Stone Valley,40.648632,-77.919038,266.648132,0,1,5
7/16/2025,4,R-gamma-decalactone,31-May-25,9:00 AM,2025GDL,Stone Valley,40.648632,-77.919038,266.648132,0,0,3
7/16/2025,4,R-gamma-decalactone,31-May-25,9:00 AM,2025GDL,Stone Valley,40.64591,77.92306,NA,0,0,2
7/16/2025,4,R-gamma-decalactone,31-May-25,9:00 AM,2025GDL,Stone Valley,40.64591,77.92306,NA,0,1,1
7/16/2025,4,R-gamma-decalactone,31-May-25,10:00 AM,2025GDL,Stone Valley,40.64591,77.92306,NA,1,2,0
7/17/2025,4,R-gamma-decalactone,31-May-25,9:50 AM,2025GDL,Stone Valley,40.648632,-77.919038,266.648132,0,0,2
7/17/2025,4,R-gamma-decalactone,31-May-25,9:34 AM,2025GDL,Stone Valley,40.648632,-77.919038,266.648132,0,2,0
7/17/2025,4,R-gamma-decalactone,31-May-25,1:15 PM,2025GDL,Stone Valley,40.648632,-77.919038,266.648132,0,0,1
7/17/2025,4,R-gamma-decalactone,31-May-25,9:40 AM,2025GDL,Stone Valley,40.648632,-77.919038,266.648132,0,1,5
7/17/2025,4,R-gamma-decalactone,31-May-25,9:00 AM,2025GDL,Stone Valley,40.648632,-77.919038,266.648132,0,0,3
7/17/2025,4,R-gamma-decalactone,31-May-25,9:00 AM,2025GDL,Stone Valley,40.64591,77.92306,NA,0,0,2
7/17/2025,4,R-gamma-decalactone,31-May-25,9:00 AM,2025GDL,Stone Valley,40.64591,77.92306,NA,0,1,1
7/17/2025,4,R-gamma-decalactone,31-May-25,10:00 AM,2025GDL,Stone Valley,40.64591,77.92306,NA,1,2,0
7/18/2025,4,R-gamma-decalactone,31-May-25,9:50 AM,2025GDL,Stone Valley,40.648632,-77.919038,266.648132,0,0,2
7/18/2025,4,R-gamma-decalactone,31-May-25,9:34 AM,2025GDL,Stone Valley,40.648632,-77.919038,266.648132,0,2,0
7/18/2025,4,R-gamma-decalactone,31-May-25,1:15 PM,2025GDL,Stone Valley,40.648632,-77.919038,266.648132,0,0,1
7/18/2025,4,R-gamma-decalactone,31-May-25,9:40 AM,2025GDL,Stone Valley,40.648632,-77.919038,266.648132,0,1,5
7/18/2025,4,R-gamma-decalactone,31-May-25,9:00 AM,2025GDL,Stone Valley,40.648632,-77.919038,266.648132,0,0,3
7/18/2025,4,R-gamma-decalactone,31-May-25,9:00 AM,2025GDL,Stone Valley,40.64591,77.92306,NA,0,0,2
7/18/2025,4,R-gamma-decalactone,31-May-25,9:00 AM,2025GDL,Stone Valley,40.64591,77.92306,NA,0,1,1
7/18/2025,4,R-gamma-decalactone,31-May-25,10:00 AM,2025GDL,Stone Valley,40.64591,77.92306,NA,1,2,0
7/19/2025,4,R-gamma-decalactone,31-May-25,9:50 AM,2025GDL,Stone Valley,40.648632,-77.919038,266.648132,0,0,2
7/19/2025,4,R-gamma-decalactone,31-May-25,9:34 AM,2025GDL,Stone Valley,40.648632,-77.919038,266.648132,0,2,0
7/19/2025,4,R-gamma-decalactone,31-May-25,1:15 PM,2025GDL,Stone Valley,40.648632,-77.919038,266.648132,0,0,1
7/19/2025,4,R-gamma-decalactone,31-May-25,9:40 AM,2025GDL,Stone Valley,40.648632,-77.919038,266.648132,0,1,5
7/19/2025,4,R-gamma-decalactone,31-May-25,9:00 AM,2025GDL,Stone Valley,40.648632,-77.919038,266.648132,0,0,3
7/19/2025,4,R-gamma-decalactone,31-May-25,9:00 AM,2025GDL,Stone Valley,40.64591,77.92306,NA,0,0,2
7/19/2025,4,R-gamma-decalactone,31-May-25,9:00 AM,2025GDL,Stone Valley,40.64591,77.92306,NA,0,1,1
7/19/2025,4,R-gamma-decalactone,31-May-25,10:00 AM,2025GDL,Stone Valley,40.64591,77.92306,NA,1,2,0
7/20/2025,4,R-gamma-decalactone,31-May-25,9:50 AM,2025GDL,Stone Valley,40.648632,-77.919038,266.648132,0,0,2
7/20/2025,4,R-gamma-decalactone,31-May-25,9:34 AM,2025GDL,Stone Valley,40.648632,-77.919038,266.648132,0,2,0
7/20/2025,4,R-gamma-decalactone,31-May-25,1:15 PM,2025GDL,Stone Valley,40.648632,-77.919038,266.648132,0,0,1
7/20/2025,4,R-gamma-decalactone,31-May-25,9:40 AM,2025GDL,Stone Valley,40.648632,-77.919038,266.648132,0,1,5
7/20/2025,4,R-gamma-decalactone,31-May-25,9:00 AM,2025GDL,Stone Valley,40.648632,-77.919038,266.648132,0,0,3
7/20/2025,4,R-gamma-decalactone,31-May-25,9:00 AM,2025GDL,Stone Valley,40.64591,77.92306,NA,0,0,2
7/20/2025,4,R-gamma-decalactone,31-May-25,9:00 AM,2025GDL,Stone Valley,40.64591,77.92306,NA,0,1,1
7/20/2025,4,R-gamma-decalactone,31-May-25,10:00 AM,2025GDL,Stone Valley,40.64591,77.92306,NA,1,2,0
7/21/2025,4,R-gamma-decalactone,31-May-25,9:50 AM,2025GDL,Stone Valley,40.648632,-77.919038,266.648132,0,0,2
7/21/2025,4,R-gamma-decalactone,31-May-25,9:34 AM,2025GDL,Stone Valley,40.648632,-77.919038,266.648132,0,2,0
7/21/2025,4,R-gamma-decalactone,31-May-25,1:15 PM,2025GDL,Stone Valley,40.648632,-77.919038,266.648132,0,0,1
7/21/2025,4,R-gamma-decalactone,31-May-25,9:40 AM,2025GDL,Stone Valley,40.648632,-77.919038,266.648132,0,1,5
7/21/2025,4,R-gamma-decalactone,31-May-25,9:00 AM,2025GDL,Stone Valley,40.648632,-77.919038,266.648132,0,0,3
7/21/2025,4,R-gamma-decalactone,31-May-25,9:00 AM,2025GDL,Stone Valley,40.64591,77.92306,NA,0,0,2
7/21/2025,4,R-gamma-decalactone,31-May-25,9:00 AM,2025GDL,Stone Valley,40.64591,77.92306,NA,0,1,1
7/21/2025,4,R-gamma-decalactone,31-May-25,10:00 AM,2025GDL,Stone Valley,40.64591,77.92306,NA,1,2,0
7/22/2025,4,R-gamma-decalactone,31-May-25,9:50 AM,2025GDL,Stone Valley,40.648632,-77.919038,266.648132,0,0,2
7/22/2025,4,R-gamma-decalactone,31-May-25,9:34 AM,2025GDL,Stone Valley,40.648632,-77.919038,266.648132,0,2,0
7/22/2025,4,R-gamma-decalactone,31-May-25,1:15 PM,2025GDL,Stone Valley,40.648632,-77.919038,266.648132,0,0,1
7/22/2025,4,R-gamma-decalactone,31-May-25,9:40 AM,2025GDL,Stone Valley,40.648632,-77.919038,266.648132,0,1,5
7/22/2025,4,R-gamma-decalactone,31-May-25,9:00 AM,2025GDL,Stone Valley,40.648632,-77.919038,266.648132,0,0,3
7/22/2025,4,R-gamma-decalactone,31-May-25,9:00 AM,2025GDL,Stone Valley,40.64591,77.92306,NA,0,0,2
7/22/2025,4,R-gamma-decalactone,31-May-25,9:00 AM,2025GDL,Stone Valley,40.64591,77.92306,NA,0,1,1
7/22/2025,4,R-gamma-decalactone,31-May-25,10:00 AM,2025GDL,Stone Valley,40.64591,77.92306,NA,1,2,0
7/23/2025,4,R-gamma-decalactone,31-May-25,9:50 AM,2025GDL,Stone Valley,40.648632,-77.919038,266.648132,0,0,2
7/23/2025,4,R-gamma-decalactone,31-May-25,9:34 AM,2025GDL,Stone Valley,40.648632,-77.919038,266.648132,0,2,0
7/23/2025,4,R-gamma-decalactone,31-May-25,1:15 PM,2025GDL,Stone Valley,40.648632,-77.919038,266.648132,0,0,1
7/23/2025,4,R-gamma-decalactone,31-May-25,9:40 AM,2025GDL,Stone Valley,40.648632,-77.919038,266.648132,0,1,5
7/23/2025,4,R-gamma-decalactone,31-May-25,9:00 AM,2025GDL,Stone Valley,40.648632,-77.919038,266.648132,0,0,3
7/23/2025,4,R-gamma-decalactone,31-May-25,9:00 AM,2025GDL,Stone Valley,40.64591,77.92306,NA,0,0,2
7/23/2025,4,R-gamma-decalactone,31-May-25,9:00 AM,2025GDL,Stone Valley,40.64591,77.92306,NA,0,1,1
7/23/2025,4,R-gamma-decalactone,31-May-25,10:00 AM,2025GDL,Stone Valley,40.64591,77.92306,NA,1,2,0
7/24/2025,4,R-gamma-decalactone,31-May-25,9:50 AM,2025GDL,Stone Valley,40.648632,-77.919038,266.648132,0,0,2
7/24/2025,4,R-gamma-decalactone,31-May-25,9:34 AM,2025GDL,Stone Valley,40.648632,-77.919038,266.648132,0,2,0
7/24/2025,4,R-gamma-decalactone,31-May-25,1:15 PM,2025GDL,Stone Valley,40.648632,-77.919038,266.648132,0,0,1
7/24/2025,4,R-gamma-decalactone,31-May-25,9:40 AM,2025GDL,Stone Valley,40.648632,-77.919038,266.648132,0,1,5
7/24/2025,4,R-gamma-decalactone,31-May-25,9:00 AM,2025GDL,Stone Valley,40.648632,-77.919038,266.648132,0,0,3
7/24/2025,4,R-gamma-decalactone,31-May-25,9:00 AM,2025GDL,Stone Valley,40.64591,77.92306,NA,0,0,2
7/24/2025,4,R-gamma-decalactone,31-May-25,9:00 AM,2025GDL,Stone Valley,40.64591,77.92306,NA,0,1,1
7/24/2025,4,R-gamma-decalactone,31-May-25,10:00 AM,2025GDL,Stone Valley,40.64591,77.92306,NA,1,2,0
7/25/2025,4,R-gamma-decalactone,31-May-25,9:50 AM,2025GDL,Stone Valley,40.648632,-77.919038,266.648132,0,0,2
7/25/2025,4,R-gamma-decalactone,31-May-25,9:34 AM,2025GDL,Stone Valley,40.648632,-77.919038,266.648132,0,2,0
7/25/2025,4,R-gamma-decalactone,31-May-25,1:15 PM,2025GDL,Stone Valley,40.648632,-77.919038,266.648132,0,0,1
7/25/2025,4,R-gamma-decalactone,31-May-25,9:40 AM,2025GDL,Stone Valley,40.648632,-77.919038,266.648132,0,1,5
7/25/2025,4,R-gamma-decalactone,31-May-25,9:00 AM,2025GDL,Stone Valley,40.648632,-77.919038,266.648132,0,0,3
7/25/2025,4,R-gamma-decalactone,31-May-25,9:00 AM,2025GDL,Stone Valley,40.64591,77.92306,NA,0,0,2
7/25/2025,4,R-gamma-decalactone,31-May-25,9:00 AM,2025GDL,Stone Valley,40.64591,77.92306,NA,0,1,1
7/25/2025,4,R-gamma-decalactone,31-May-25,10:00 AM,2025GDL,Stone Valley,40.64591,77.92306,NA,1,2,0
7/26/2025,4,R-gamma-decalactone,31-May-25,9:50 AM,2025GDL,Stone Valley,40.648632,-77.919038,266.648132,0,0,2
7/26/2025,4,R-gamma-decalactone,31-May-25,9:34 AM,2025GDL,Stone Valley,40.648632,-77.919038,266.648132,0,2,0
7/26/2025,4,R-gamma-decalactone,31-May-25,1:15 PM,2025GDL,Stone Valley,40.648632,-77.919038,266.648132,0,0,1
7/26/2025,4,R-gamma-decalactone,31-May-25,9:40 AM,2025GDL,Stone Valley,40.648632,-77.919038,266.648132,0,1,5
7/26/2025,4,R-gamma-decalactone,31-May-25,9:00 AM,2025GDL,Stone Valley,40.648632,-77.919038,266.648132,0,0,3
7/26/2025,4,R-gamma-decalactone,31-May-25,9:00 AM,2025GDL,Stone Valley,40.64591,77.92306,NA,0,0,2
7/26/2025,4,R-gamma-decalactone,31-May-25,9:00 AM,2025GDL,Stone Valley,40.64591,77.92306,NA,0,1,1
7/26/2025,4,R-gamma-decalactone,31-May-25,10:00 AM,2025GDL,Stone Valley,40.64591,77.92306,NA,1,2,0
7/27/2025,4,R-gamma-decalactone,31-May-25,9:50 AM,2025GDL,Stone Valley,40.648632,-77.919038,266.648132,0,0,2
7/27/2025,4,R-gamma-decalactone,31-May-25,9:34 AM,2025GDL,Stone Valley,40.648632,-77.919038,266.648132,0,2,0
7/27/2025,4,R-gamma-decalactone,31-May-25,1:15 PM,2025GDL,Stone Valley,40.648632,-77.919038,266.648132,0,0,1
7/27/2025,4,R-gamma-decalactone,31-May-25,9:40 AM,2025GDL,Stone Valley,40.648632,-77.919038,266.648132,0,1,5
7/27/2025,4,R-gamma-decalactone,31-May-25,9:00 AM,2025GDL,Stone Valley,40.648632,-77.919038,266.648132,0,0,3
7/27/2025,4,R-gamma-decalactone,31-May-25,9:00 AM,2025GDL,Stone Valley,40.64591,77.92306,NA,0,0,2
7/27/2025,4,R-gamma-decalactone,31-May-25,9:00 AM,2025GDL,Stone Valley,40.64591,77.92306,NA,0,1,1
7/27/2025,4,R-gamma-decalactone,31-May-25,10:00 AM,2025GDL,Stone Valley,40.64591,77.92306,NA,1,2,0
7/28/2025,4,R-gamma-decalactone,31-May-25,9:50 AM,2025GDL,Stone Valley,40.648632,-77.919038,266.648132,0,0,2
7/28/2025,4,R-gamma-decalactone,31-May-25,9:34 AM,2025GDL,Stone Valley,40.648632,-77.919038,266.648132,0,2,0
7/28/2025,4,R-gamma-decalactone,31-May-25,1:15 PM,2025GDL,Stone Valley,40.648632,-77.919038,266.648132,0,0,1
7/28/2025,4,R-gamma-decalactone,31-May-25,9:40 AM,2025GDL,Stone Valley,40.648632,-77.919038,266.648132,0,1,5
7/28/2025,4,R-gamma-decalactone,31-May-25,9:00 AM,2025GDL,Stone Valley,40.648632,-77.919038,266.648132,0,0,3
7/28/2025,4,R-gamma-decalactone,31-May-25,9:00 AM,2025GDL,Stone Valley,40.64591,77.92306,NA,0,0,2
7/28/2025,4,R-gamma-decalactone,31-May-25,9:00 AM,2025GDL,Stone Valley,40.64591,77.92306,NA,0,1,1
7/28/2025,4,R-gamma-decalactone,31-May-25,10:00 AM,2025GDL,Stone Valley,40.64591,77.92306,NA,1,2,0
7/29/2025,4,R-gamma-decalactone,31-May-25,9:50 AM,2025GDL,Stone Valley,40.648632,-77.919038,266.648132,0,0,2
7/29/2025,4,R-gamma-decalactone,31-May-25,9:34 AM,2025GDL,Stone Valley,40.648632,-77.919038,266.648132,0,2,0
7/29/2025,4,R-gamma-decalactone,31-May-25,1:15 PM,2025GDL,Stone Valley,40.648632,-77.919038,266.648132,0,0,1
7/29/2025,4,R-gamma-decalactone,31-May-25,9:40 AM,2025GDL,Stone Valley,40.648632,-77.919038,266.648132,0,1,5
7/29/2025,4,R-gamma-decalactone,31-May-25,9:00 AM,2025GDL,Stone Valley,40.648632,-77.919038,266.648132,0,0,3
7/29/2025,4,R-gamma-decalactone,31-May-25,9:00 AM,2025GDL,Stone Valley,40.64591,77.92306,NA,0,0,2
7/29/2025,4,R-gamma-decalactone,31-May-25,9:00 AM,2025GDL,Stone Valley,40.64591,77.92306,NA,0,1,1
7/29/2025,4,R-gamma-decalactone,31-May-25,10:00 AM,2025GDL,Stone Valley,40.64591,77.92306,NA,1,2,0
7/30/2025,4,R-gamma-decalactone,31-May-25,9:50 AM,2025GDL,Stone Valley,40.648632,-77.919038,266.648132,0,0,2
7/30/2025,4,R-gamma-decalactone,31-May-25,9:34 AM,2025GDL,Stone Valley,40.648632,-77.919038,266.648132,0,2,0
7/30/2025,4,R-gamma-decalactone,31-May-25,1:15 PM,2025GDL,Stone Valley,40.648632,-77.919038,266.648132,0,0,1
7/30/2025,4,R-gamma-decalactone,31-May-25,9:40 AM,2025GDL,Stone Valley,40.648632,-77.919038,266.648132,0,1,5
7/30/2025,4,R-gamma-decalactone,31-May-25,9:00 AM,2025GDL,Stone Valley,40.648632,-77.919038,266.648132,0,0,3
7/30/2025,4,R-gamma-decalactone,31-May-25,9:00 AM,2025GDL,Stone Valley,40.64591,77.92306,NA,0,0,2
7/30/2025,4,R-gamma-decalactone,31-May-25,9:00 AM,2025GDL,Stone Valley,40.64591,77.92306,NA,0,1,1
7/30/2025,4,R-gamma-decalactone,31-May-25,10:00 AM,2025GDL,Stone Valley,40.64591,77.92306,NA,1,2,0
7/31/2025,4,R-gamma-decalactone,31-May-25,9:50 AM,2025GDL,Stone Valley,40.648632,-77.919038,266.648132,0,0,2
7/31/2025,4,R-gamma-decalactone,31-May-25,9:34 AM,2025GDL,Stone Valley,40.648632,-77.919038,266.648132,0,2,0
7/31/2025,4,R-gamma-decalactone,31-May-25,1:15 PM,2025GDL,Stone Valley,40.648632,-77.919038,266.648132,0,0,1
7/31/2025,4,R-gamma-decalactone,31-May-25,9:40 AM,2025GDL,Stone Valley,40.648632,-77.919038,266.648132,0,1,5
7/31/2025,4,R-gamma-decalactone,31-May-25,9:00 AM,2025GDL,Stone Valley,40.648632,-77.919038,266.648132,0,0,3
7/31/2025,4,R-gamma-decalactone,31-May-25,9:00 AM,2025GDL,Stone Valley,40.64591,77.92306,NA,0,0,2
7/31/2025,4,R-gamma-decalactone,31-May-25,9:00 AM,2025GDL,Stone Valley,40.64591,77.92306,NA,0,1,1
7/31/2025,4,R-gamma-decalactone,31-May-25,10:00 AM,2025GDL,Stone Valley,40.64591,77.92306,NA,1,2,0
8/1/2025,4,R-gamma-decalactone,31-May-25,9:50 AM,2025GDL,Stone Valley,40.648632,-77.919038,266.648132,0,0,2
8/1/2025,4,R-gamma-decalactone,31-May-25,9:34 AM,2025GDL,Stone Valley,40.648632,-77.919038,266.648132,0,2,0
8/1/2025,4,R-gamma-decalactone,31-May-25,1:15 PM,2025GDL,Stone Valley,40.648632,-77.919038,266.648132,0,0,1
8/1/2025,4,R-gamma-decalactone,31-May-25,9:40 AM,2025GDL,Stone Valley,40.648632,-77.919038,266.648132,0,1,5
8/1/2025,4,R-gamma-decalactone,31-May-25,9:00 AM,2025GDL,Stone Valley,40.648632,-77.919038,266.648132,0,0,3
8/1/2025,4,R-gamma-decalactone,31-May-25,9:00 AM,2025GDL,Stone Valley,40.64591,77.92306,NA,0,0,2
8/1/2025,4,R-gamma-decalactone,31-May-25,9:00 AM,2025GDL,Stone Valley,40.64591,77.92306,NA,0,1,1
8/1/2025,4,R-gamma-decalactone,31-May-25,10:00 AM,2025GDL,Stone Valley,40.64591,77.92306,NA,1,2,0
8/2/2025,4,R-gamma-decalactone,31-May-25,9:50 AM,2025GDL,Stone Valley,40.648632,-77.919038,266.648132,0,0,2
8/2/2025,4,R-gamma-decalactone,31-May-25,9:34 AM,2025GDL,Stone Valley,40.648632,-77.919038,266.648132,0,2,0
8/2/2025,4,R-gamma-decalactone,31-May-25,1:15 PM,2025GDL,Stone Valley,40.648632,-77.919038,266.648132,0,0,1
8/2/2025,4,R-gamma-decalactone,31-May-25,9:40 AM,2025GDL,Stone Valley,40.648632,-77.919038,266.648132,0,1,5
8/2/2025,4,R-gamma-decalactone,31-May-25,9:00 AM,2025GDL,Stone Valley,40.648632,-77.919038,266.648132,0,0,3
8/2/2025,4,R-gamma-decalactone,31-May-25,9:00 AM,2025GDL,Stone Valley,40.64591,77.92306,NA,0,0,2
8/2/2025,4,R-gamma-decalactone,31-May-25,9:00 AM,2025GDL,Stone Valley,40.64591,77.92306,NA,0,1,1
8/2/2025,4,R-gamma-decalactone,31-May-25,10:00 AM,2025GDL,Stone Valley,40.64591,77.92306,NA,1,2,0
8/3/2025,4,R-gamma-decalactone,31-May-25,9:50 AM,2025GDL,Stone Valley,40.648632,-77.919038,266.648132,0,0,2
8/3/2025,4,R-gamma-decalactone,31-May-25,9:34 AM,2025GDL,Stone Valley,40.648632,-77.919038,266.648132,0,2,0
8/3/2025,4,R-gamma-decalactone,31-May-25,1:15 PM,2025GDL,Stone Valley,40.648632,-77.919038,266.648132,0,0,1
8/3/2025,4,R-gamma-decalactone,31-May-25,9:40 AM,2025GDL,Stone Valley,40.648632,-77.919038,266.648132,0,1,5
8/3/2025,4,R-gamma-decalactone,31-May-25,9:00 AM,2025GDL,Stone Valley,40.648632,-77.919038,266.648132,0,0,3
8/3/2025,4,R-gamma-decalactone,31-May-25,9:00 AM,2025GDL,Stone Valley,40.64591,77.92306,NA,0,0,2
8/3/2025,4,R-gamma-decalactone,31-May-25,9:00 AM,2025GDL,Stone Valley,40.64591,77.92306,NA,0,1,1
8/3/2025,4,R-gamma-decalactone,31-May-25,10:00 AM,2025GDL,Stone Valley,40.64591,77.92306,NA,1,2,0
8/4/2025,4,R-gamma-decalactone,31-May-25,9:50 AM,2025GDL,Stone Valley,40.648632,-77.919038,266.648132,0,0,2
8/4/2025,4,R-gamma-decalactone,31-May-25,9:34 AM,2025GDL,Stone Valley,40.648632,-77.919038,266.648132,0,2,0
8/4/2025,4,R-gamma-decalactone,31-May-25,1:15 PM,2025GDL,Stone Valley,40.648632,-77.919038,266.648132,0,0,1
8/4/2025,4,R-gamma-decalactone,31-May-25,9:40 AM,2025GDL,Stone Valley,40.648632,-77.919038,266.648132,0,1,5
8/4/2025,4,R-gamma-decalactone,31-May-25,9:00 AM,2025GDL,Stone Valley,40.648632,-77.919038,266.648132,0,0,3
8/4/2025,4,R-gamma-decalactone,31-May-25,9:00 AM,2025GDL,Stone Valley,40.64591,77.92306,NA,0,0,2
8/4/2025,4,R-gamma-decalactone,31-May-25,9:00 AM,2025GDL,Stone Valley,40.64591,77.92306,NA,0,1,1
8/4/2025,4,R-gamma-decalactone,31-May-25,10:00 AM,2025GDL,Stone Valley,40.64591,77.92306,NA,1,2,0
8/5/2025,4,R-gamma-decalactone,31-May-25,9:50 AM,2025GDL,Stone Valley,40.648632,-77.919038,266.648132,0,0,2
8/5/2025,4,R-gamma-decalactone,31-May-25,9:34 AM,2025GDL,Stone Valley,40.648632,-77.919038,266.648132,0,2,0
8/5/2025,4,R-gamma-decalactone,31-May-25,1:15 PM,2025GDL,Stone Valley,40.648632,-77.919038,266.648132,0,0,1
8/5/2025,4,R-gamma-decalactone,31-May-25,9:40 AM,2025GDL,Stone Valley,40.648632,-77.919038,266.648132,0,1,5
8/5/2025,4,R-gamma-decalactone,31-May-25,9:00 AM,2025GDL,Stone Valley,40.648632,-77.919038,266.648132,0,0,3
8/5/2025,4,R-gamma-decalactone,31-May-25,9:00 AM,2025GDL,Stone Valley,40.64591,77.92306,NA,0,0,2
8/5/2025,4,R-gamma-decalactone,31-May-25,9:00 AM,2025GDL,Stone Valley,40.64591,77.92306,NA,0,1,1
8/5/2025,4,R-gamma-decalactone,31-May-25,10:00 AM,2025GDL,Stone Valley,40.64591,77.92306,NA,1,2,0
8/6/2025,4,R-gamma-decalactone,31-May-25,9:50 AM,2025GDL,Stone Valley,40.648632,-77.919038,266.648132,0,0,2
8/6/2025,4,R-gamma-decalactone,31-May-25,9:34 AM,2025GDL,Stone Valley,40.648632,-77.919038,266.648132,0,2,0
8/6/2025,4,R-gamma-decalactone,31-May-25,1:15 PM,2025GDL,Stone Valley,40.648632,-77.919038,266.648132,0,0,1
8/6/2025,4,R-gamma-decalactone,31-May-25,9:40 AM,2025GDL,Stone Valley,40.648632,-77.919038,266.648132,0,1,5
8/6/2025,4,R-gamma-decalactone,31-May-25,9:00 AM,2025GDL,Stone Valley,40.648632,-77.919038,266.648132,0,0,3
8/6/2025,4,R-gamma-decalactone,31-May-25,9:00 AM,2025GDL,Stone Valley,40.64591,77.92306,NA,0,0,2
8/6/2025,4,R-gamma-decalactone,31-May-25,9:00 AM,2025GDL,Stone Valley,40.64591,77.92306,NA,0,1,1
8/6/2025,4,R-gamma-decalactone,31-May-25,10:00 AM,2025GDL,Stone Valley,40.64591,77.92306,NA,1,2,0
8/7/2025,4,R-gamma-decalactone,31-May-25,9:50 AM,2025GDL,Stone Valley,40.648632,-77.919038,266.648132,0,0,2
8/7/2025,4,R-gamma-decalactone,31-May-25,9:34 AM,2025GDL,Stone Valley,40.648632,-77.919038,266.648132,0,2,0
8/7/2025,4,R-gamma-decalactone,31-May-25,1:15 PM,2025GDL,Stone Valley,40.648632,-77.919038,266.648132,0,0,1
8/7/2025,4,R-gamma-decalactone,31-May-25,9:40 AM,2025GDL,Stone Valley,40.648632,-77.919038,266.648132,0,1,5
8/7/2025,4,R-gamma-decalactone,31-May-25,9:00 AM,2025GDL,Stone Valley,40.648632,-77.919038,266.648132,0,0,3
8/7/2025,4,R-gamma-decalactone,31-May-25,9:00 AM,2025GDL,Stone Valley,40.64591,77.92306,NA,0,0,2
8/7/2025,4,R-gamma-decalactone,31-May-25,9:00 AM,2025GDL,Stone Valley,40.64591,77.92306,NA,0,1,1
8/7/2025,4,R-gamma-decalactone,31-May-25,10:00 AM,2025GDL,Stone Valley,40.64591,77.92306,NA,1,2,0
8/8/2025,4,R-gamma-decalactone,31-May-25,9:50 AM,2025GDL,Stone Valley,40.648632,-77.919038,266.648132,0,0,2
8/8/2025,4,R-gamma-decalactone,31-May-25,9:34 AM,2025GDL,Stone Valley,40.648632,-77.919038,266.648132,0,2,0
8/8/2025,4,R-gamma-decalactone,31-May-25,1:15 PM,2025GDL,Stone Valley,40.648632,-77.919038,266.648132,0,0,1
8/8/2025,4,R-gamma-decalactone,31-May-25,9:40 AM,2025GDL,Stone Valley,40.648632,-77.919038,266.648132,0,1,5
8/8/2025,4,R-gamma-decalactone,31-May-25,9:00 AM,2025GDL,Stone Valley,40.648632,-77.919038,266.648132,0,0,3
8/8/2025,4,R-gamma-decalactone,31-May-25,9:00 AM,2025GDL,Stone Valley,40.64591,77.92306,NA,0,0,2
8/8/2025,4,R-gamma-decalactone,31-May-25,9:00 AM,2025GDL,Stone Valley,40.64591,77.92306,NA,0,1,1
8/8/2025,4,R-gamma-decalactone,31-May-25,10:00 AM,2025GDL,Stone Valley,40.64591,77.92306,NA,1,2,0
8/9/2025,4,R-gamma-decalactone,31-May-25,9:50 AM,2025GDL,Stone Valley,40.648632,-77.919038,266.648132,0,0,2
8/9/2025,4,R-gamma-decalactone,31-May-25,9:34 AM,2025GDL,Stone Valley,40.648632,-77.919038,266.648132,0,2,0
8/9/2025,4,R-gamma-decalactone,31-May-25,1:15 PM,2025GDL,Stone Valley,40.648632,-77.919038,266.648132,0,0,1
8/9/2025,4,R-gamma-decalactone,31-May-25,9:40 AM,2025GDL,Stone Valley,40.648632,-77.919038,266.648132,0,1,5
8/9/2025,4,R-gamma-decalactone,31-May-25,9:00 AM,2025GDL,Stone Valley,40.648632,-77.919038,266.648132,0,0,3
8/9/2025,4,R-gamma-decalactone,31-May-25,9:00 AM,2025GDL,Stone Valley,40.64591,77.92306,NA,0,0,2
8/9/2025,4,R-gamma-decalactone,31-May-25,9:00 AM,2025GDL,Stone Valley,40.64591,77.92306,NA,0,1,1
8/9/2025,4,R-gamma-decalactone,31-May-25,10:00 AM,2025GDL,Stone Valley,40.64591,77.92306,NA,1,2,0
8/10/2025,4,R-gamma-decalactone,31-May-25,9:50 AM,2025GDL,Stone Valley,40.648632,-77.919038,266.648132,0,0,2
8/10/2025,4,R-gamma-decalactone,31-May-25,9:34 AM,2025GDL,Stone Valley,40.648632,-77.919038,266.648132,0,2,0
8/10/2025,4,R-gamma-decalactone,31-May-25,1:15 PM,2025GDL,Stone Valley,40.648632,-77.919038,266.648132,0,0,1
8/10/2025,4,R-gamma-decalactone,31-May-25,9:40 AM,2025GDL,Stone Valley,40.648632,-77.919038,266.648132,0,1,5
8/10/2025,4,R-gamma-decalactone,31-May-25,9:00 AM,2025GDL,Stone Valley,40.648632,-77.919038,266.648132,0,0,3
8/10/2025,4,R-gamma-decalactone,31-May-25,9:00 AM,2025GDL,Stone Valley,40.64591,77.92306,NA,0,0,2
8/10/2025,4,R-gamma-decalactone,31-May-25,9:00 AM,2025GDL,Stone Valley,40.64591,77.92306,NA,0,1,1
8/10/2025,4,R-gamma-decalactone,31-May-25,10:00 AM,2025GDL,Stone Valley,40.64591,77.92306,NA,1,2,0
8/11/2025,4,R-gamma-decalactone,31-May-25,9:50 AM,2025GDL,Stone Valley,40.648632,-77.919038,266.648132,0,0,2
8/11/2025,4,R-gamma-decalactone,31-May-25,9:34 AM,2025GDL,Stone Valley,40.648632,-77.919038,266.648132,0,2,0
8/11/2025,4,R-gamma-decalactone,31-May-25,1:15 PM,2025GDL,Stone Valley,40.648632,-77.919038,266.648132,0,0,1
8/11/2025,4,R-gamma-decalactone,31-May-25,9:40 AM,2025GDL,Stone Valley,40.648632,-77.919038,266.648132,0,1,5
8/11/2025,4,R-gamma-decalactone,31-May-25,9:00 AM,2025GDL,Stone Valley,40.648632,-77.919038,266.648132,0,0,3
8/11/2025,4,R-gamma-decalactone,31-May-25,9:00 AM,2025GDL,Stone Valley,40.64591,77.92306,NA,0,0,2
8/11/2025,4,R-gamma-decalactone,31-May-25,9:00 AM,2025GDL,Stone Valley,40.64591,77.92306,NA,0,1,1
8/11/2025,4,R-gamma-decalactone,31-May-25,10:00 AM,2025GDL,Stone Valley,40.64591,77.92306,NA,1,2,0
8/12/2025,4,R-gamma-decalactone,31-May-25,9:50 AM,2025GDL,Stone Valley,40.648632,-77.919038,266.648132,0,0,2
8/12/2025,4,R-gamma-decalactone,31-May-25,9:34 AM,2025GDL,Stone Valley,40.648632,-77.919038,266.648132,0,2,0
8/12/2025,4,R-gamma-decalactone,31-May-25,1:15 PM,2025GDL,Stone Valley,40.648632,-77.919038,266.648132,0,0,1
8/12/2025,4,R-gamma-decalactone,31-May-25,9:40 AM,2025GDL,Stone Valley,40.648632,-77.919038,266.648132,0,1,5
8/12/2025,4,R-gamma-decalactone,31-May-25,9:00 AM,2025GDL,Stone Valley,40.648632,-77.919038,266.648132,0,0,3
8/12/2025,4,R-gamma-decalactone,31-May-25,9:00 AM,2025GDL,Stone Valley,40.64591,77.92306,NA,0,0,2
8/12/2025,4,R-gamma-decalactone,31-May-25,9:00 AM,2025GDL,Stone Valley,40.64591,77.92306,NA,0,1,1
8/12/2025,4,R-gamma-decalactone,31-May-25,10:00 AM,2025GDL,Stone Valley,40.64591,77.92306,NA,1,2,0
8/13/2025,4,R-gamma-decalactone,31-May-25,9:50 AM,2025GDL,Stone Valley,40.648632,-77.919038,266.648132,0,0,2
8/13/2025,4,R-gamma-decalactone,31-May-25,9:34 AM,2025GDL,Stone Valley,40.648632,-77.919038,266.648132,0,2,0
8/13/2025,4,R-gamma-decalactone,31-May-25,1:15 PM,2025GDL,Stone Valley,40.648632,-77.919038,266.648132,0,0,1
8/13/2025,4,R-gamma-decalactone,31-May-25,9:40 AM,2025GDL,Stone Valley,40.648632,-77.919038,266.648132,0,1,5
8/13/2025,4,R-gamma-decalactone,31-May-25,9:00 AM,2025GDL,Stone Valley,40.648632,-77.919038,266.648132,0,0,3
8/13/2025,4,R-gamma-decalactone,31-May-25,9:00 AM,2025GDL,Stone Valley,40.64591,77.92306,NA,0,0,2
8/13/2025,4,R-gamma-decalactone,31-May-25,9:00 AM,2025GDL,Stone Valley,40.64591,77.92306,NA,0,1,1
8/13/2025,4,R-gamma-decalactone,31-May-25,10:00 AM,2025GDL,Stone Valley,40.64591,77.92306,NA,1,2,0
8/14/2025,4,R-gamma-decalactone,31-May-25,9:50 AM,2025GDL,Stone Valley,40.648632,-77.919038,266.648132,0,0,2
8/14/2025,4,R-gamma-decalactone,31-May-25,9:34 AM,2025GDL,Stone Valley,40.648632,-77.919038,266.648132,0,2,0
8/14/2025,4,R-gamma-decalactone,31-May-25,1:15 PM,2025GDL,Stone Valley,40.648632,-77.919038,266.648132,0,0,1
8/14/2025,4,R-gamma-decalactone,31-May-25,9:40 AM,2025GDL,Stone Valley,40.648632,-77.919038,266.648132,0,1,5
8/14/2025,4,R-gamma-decalactone,31-May-25,9:00 AM,2025GDL,Stone Valley,40.648632,-77.919038,266.648132,0,0,3
8/14/2025,4,R-gamma-decalactone,31-May-25,9:00 AM,2025GDL,Stone Valley,40.64591,77.92306,NA,0,0,2
8/14/2025,4,R-gamma-decalactone,31-May-25,9:00 AM,2025GDL,Stone Valley,40.64591,77.92306,NA,0,1,1
8/14/2025,4,R-gamma-decalactone,31-May-25,10:00 AM,2025GDL,Stone Valley,40.64591,77.92306,NA,1,2,0
8/15/2025,4,R-gamma-decalactone,31-May-25,9:50 AM,2025GDL,Stone Valley,40.648632,-77.919038,266.648132,0,0,2
8/15/2025,4,R-gamma-decalactone,31-May-25,9:34 AM,2025GDL,Stone Valley,40.648632,-77.919038,266.648132,0,2,0
8/15/2025,4,R-gamma-decalactone,31-May-25,1:15 PM,2025GDL,Stone Valley,40.648632,-77.919038,266.648132,0,0,1
8/15/2025,4,R-gamma-decalactone,31-May-25,9:40 AM,2025GDL,Stone Valley,40.648632,-77.919038,266.648132,0,1,5
8/15/2025,4,R-gamma-decalactone,31-May-25,9:00 AM,2025GDL,Stone Valley,40.648632,-77.919038,266.648132,0,0,3
8/15/2025,4,R-gamma-decalactone,31-May-25,9:00 AM,2025GDL,Stone Valley,40.64591,77.92306,NA,0,0,2
8/15/2025,4,R-gamma-decalactone,31-May-25,9:00 AM,2025GDL,Stone Valley,40.64591,77.92306,NA,0,1,1
8/15/2025,4,R-gamma-decalactone,31-May-25,10:00 AM,2025GDL,Stone Valley,40.64591,77.92306,NA,1,2,0
